season,date,program
HSH-2024A-03,2024-03-01,HSH
HSH-2024A-03,2024-03-02,HSH
HSH-2024A-03,2024-03-03,HSH
HSH-2024A-03,2024-03-04,HSH
HSH-2024A-03,2024-03-05,HSH
HSH-2024A-03,2024-03-06,HSH
HSH-2024A-03,2024-03-07,HSH
HSH-2024A-03,2024-03-08,HSH
HSH-2024A-03,2024-03-09,HSH
HSH-2024A-03,2024-03-10,HSH
HSH-2024A-03,2024-03-11,HSH
HSH-2024A-03,2024-03-12,HSH
HSH-2024A-03,2024-03-13,HSH
HSH-2024A-03,2024-03-14,HSH
HSH-2024A-03,2024-03-15,HSH
HSH-2024A-03,2024-03-16,HSH
HSH-2024A-03,2024-03-17,HSH
HSH-2024A-03,2024-03-18,HSH
HSH-2024A-03,2024-03-19,HSH
HSH-2024A-03,2024-03-20,HSH
HSH-2024A-03,2024-06-27,HSH
HSH-2024A-03,2024-06-28,HSH
HSH-2024A-03,2024-06-29,HSH
HSH-2024A-03,2024-06-30,HSH
HSH-2024A-03,2024-07-01,HSH
HSH-2024A-03,2024-07-02,HSH
HSH-2024A-03,2024-07-03,HSH
HSH-2024A-03,2024-07-04,HSH
HSH-2024A-03,2024-07-05,HSH
HSH-2024A-03,2024-07-06,HSH
HSH-2024A-03,2024-07-07,HSH
HSH-2024A-03,2024-07-08,HSH
HSH-2024A-03,2024-07-09,HSH
HSH-2024A-03,2024-07-10,HSH
HSH-2024A-03,2024-07-11,HSH
HSH-2024A-03,2024-07-12,HSH
HSH-2024A-03,2024-07-13,HSH
HSH-2024A-03,2024-07-14,HSH
HSH-2024A-03,2024-07-15,HSH
HSH-2024A-03,2024-07-16,HSH
HSH-2024B-05,2024-08-23,HSH
HSH-2024B-05,2024-08-24,HSH
HSH-2024B-05,2024-08-25,HSH
HSH-2024B-05,2024-08-26,HSH
HSH-2024B-05,2024-08-27,HSH
HSH-2024B-05,2024-08-28,HSH
HSH-2024B-05,2024-08-29,HSH
HSH-2024B-05,2024-08-30,HSH
HSH-2024B-05,2024-08-31,HSH
HSH-2024B-05,2024-09-01,HSH
HSH-2024B-05,2024-09-02,HSH
HSH-2024B-05,2024-09-03,HSH
HSH-2024B-05,2024-09-04,HSH
HSH-2024B-05,2024-09-05,HSH
HSH-2024B-05,2024-09-06,HSH
HSH-2024B-05,2024-09-07,HSH
HSH-2024B-05,2024-09-08,HSH
HSH-2024B-05,2024-09-09,HSH
HSH-2024B-05,2024-09-10,HSH
HSH-2024B-05,2024-09-11,HSH
HSH-2024B-05,2024-09-12,HSH
HSH-2024B-05,2024-11-02,HSH
HSH-2024B-05,2024-11-03,HSH
HSH-2024B-05,2024-11-04,HSH
HSH-2024B-05,2024-11-05,HSH
HSH-2024B-05,2024-11-06,HSH
HSH-2024B-05,2024-11-10,HSH
HSH-2024B-05,2024-11-11,HSH
HSH-2024B-05,2024-11-12,HSH
HSH-2024B-05,2024-11-13,HSH
HSH-2024B-05,2024-11-17,HSH
HSH-2024B-05,2024-11-18,HSH
HSH-2024B-05,2024-11-19,HSH
HSH-2024B-05,2024-11-20,HSH
HSH-2024B-05,2024-11-21,HSH
HSH-2024B-05,2024-11-22,HSH
HSH-2024B-05,2024-11-23,HSH
HSH-2024B-05,2024-11-24,HSH
HSH-2024B-05,2024-11-25,HSH
HSH-2024B-05,2024-11-30,HSH
HSH-2024B-05,2024-12-01,HSH
HSH-2024B-05,2024-12-02,HSH
HSH-2024B-05,2024-12-03,HSH
HSH-2024B-05,2024-12-04,HSH
HSH-2024B-05,2024-12-05,HSH
HSH-2024B-05,2024-12-06,HSH
HSH-2024B-05,2024-12-07,HSH
HSH-2024B-05,2024-12-08,HSH
HSH-2024B-05,2024-12-09,HSH
HSH-2024B-05,2024-12-10,HSH
HSH-2024B-05,2024-12-11,HSH
HSH-2024B-05,2024-12-15,HSH
HSH-2024B-05,2024-12-16,HSH
HSH-2024B-05,2024-12-17,HSH
HSH-2024B-05,2024-12-18,HSH
HSH-2024B-05,2024-12-19,HSH
HSH-2024B-05,2024-12-20,HSH
HSH-2024B-05,2024-12-21,HSH
HSH-2024B-05,2024-12-22,HSH
HSH-2024B-05,2024-12-23,HSH
HSH-2025A-05,2025-02-01,HSH
HSH-2025A-05,2025-02-02,HSH
HSH-2025A-05,2025-02-03,HSH
HSH-2025A-05,2025-02-04,HSH
HSH-2025A-05,2025-02-05,HSH
HSH-2025A-05,2025-02-06,HSH
HSH-2025A-05,2025-02-07,HSH
HSH-2025A-05,2025-02-08,HSH
HSH-2025A-05,2025-02-09,HSH
HSH-2025A-05,2025-02-10,HSH
HSH-2025A-05,2025-02-11,HSH
HSH-2025A-05,2025-02-12,HSH
HSH-2025A-05,2025-02-14,HSH
HSH-2025A-05,2025-02-15,HSH
HSH-2025A-05,2025-02-16,HSH
HSH-2025A-05,2025-02-17,HSH
HSH-2025A-05,2025-02-18,HSH
HSH-2025A-05,2025-02-19,HSH
HSH-2025A-05,2025-02-20,HSH
HSH-2025A-05,2025-06-01,HSH
HSH-2025A-05,2025-06-02,HSH
HSH-2025A-05,2025-06-03,HSH
HSH-2025A-05,2025-06-04,HSH
HSH-2025A-05,2025-06-05,HSH
HSH-2025A-05,2025-06-06,HSH
HSH-2025A-05,2025-06-07,HSH
HSH-2025A-05,2025-06-08,HSH
HSH-2025A-05,2025-06-09,HSH
HSH-2025A-05,2025-06-10,HSH
HSH-2025A-05,2025-06-11,HSH
HSH-2025A-05,2025-06-12,HSH
HSH-2025A-05,2025-06-13,HSH
HSH-2025A-05,2025-06-14,HSH
HSH-2025A-05,2025-06-15,HSH
HSH-2025A-05,2025-06-16,HSH
HSH-2025A-05,2025-06-17,HSH
HSH-2025A-05,2025-06-18,HSH
HSH-2025A-05,2025-06-19,HSH
HSH-2025A-05,2025-06-20,HSH
HSH-2025A-05,2025-06-21,HSH
HSH-2025B-03,2025-08-20,HSH-PLP
HSH-2025B-03,2025-08-21,HSH-PLP
HSH-2025B-03,2025-08-22,HSH-PLP
HSH-2025B-03,2025-08-23,HSH-PLP
HSH-2025B-03,2025-08-24,HSH-PLP
HSH-2025B-03,2025-08-25,HSH-PLP
HSH-2025B-03,2025-08-26,HSH-PLP
HSH-2025B-03,2025-08-27,HSH-PLP
HSH-2025B-03,2025-09-15,HSH-PLP
HSH-2025B-03,2025-09-16,HSH-PLP
HSH-2025B-03,2025-09-17,HSH-PLP
HSH-2025B-03,2025-09-18,HSH-PLP
HSH-2025B-03,2025-09-19,HSH-PLP
HSH-2025B-03,2025-09-20,HSH-PLP
HSH-2025B-03,2025-09-21,HSH-PLP
HSH-2025B-03,2025-09-22,HSH-PLP
HSH-2025B-03,2025-09-23,HSH-PLP
HSH-2025B-03,2025-09-24,HSH-PLP
HSH-2025B-03,2025-09-25,HSH-PLP
HSH-2025B-03,2025-09-26,HSH-PLP
HSH-2025B-03,2025-09-27,HSH-PLP
HSH-2025B-03,2025-09-28,HSH-PLP
HSH-2025B-03,2025-09-29,HSH-PLP
HSH-2025B-03,2025-09-30,HSH-PLP
HSH-2025B-03,2025-10-13,HSH-PLP
HSH-2025B-03,2025-10-14,HSH-PLP
HSH-2025B-03,2025-10-15,HSH-PLP
HSH-2025B-03,2025-10-16,HSH-PLP
HSH-2025B-03,2025-10-17,HSH-PLP
HSH-2025B-03,2025-10-18,HSH-PLP
HSH-2025B-03,2025-10-19,HSH-PLP
HSH-2025B-03,2025-10-20,HSH-PLP
HSH-2025B-03,2025-10-21,HSH-PLP
HSH-2025B-03,2025-10-22,HSH-PLP
HSH-2025B-03,2025-10-23,HSH-PLP
HSH-2025B-03,2025-10-24,HSH-PLP
HSH-2025B-03,2025-10-26,HSH-PLP
HSH-2025B-03,2025-10-27,HSH-PLP
HSH-2025B-03,2025-10-28,HSH-PLP
HSH-2025B-03,2025-10-29,HSH-PLP
HSH-2025B-03,2025-10-30,HSH-PLP
HSH-2025B-03,2025-11-18,HSH-PLP
HSH-2025B-03,2025-11-19,HSH-PLP
HSH-2025B-03,2025-11-20,HSH-PLP
HSH-2025B-03,2025-11-21,HSH-PLP
HSH-2025B-03,2025-11-22,HSH-PLP
HSH-2025B-03,2025-12-17,HSH-PLP
HSH-2025B-03,2025-12-18,HSH-PLP
HSH-2025B-03,2025-12-19,HSH-PLP
HSH-2025B-03,2025-12-20,HSH-PLP
HSH-2025B-03,2025-12-21,HSH-PLP
HSH-2025B-03,2026-01-12,HSH-PLP
HSH-2025B-03,2026-01-13,HSH-PLP
HSH-2025B-03,2026-01-14,HSH-PLP
HSH-2025B-03,2026-01-15,HSH-PLP
HSH-2025B-03,2026-01-16,HSH-PLP
HSH-2025B-03,2026-02-09,HSH-PLP
HSH-2025B-03,2026-02-10,HSH-PLP
HSH-2025B-03,2026-02-11,HSH-PLP
HSH-2025B-03,2026-02-12,HSH-PLP
HSH-2025B-03,2026-02-13,HSH-PLP
HSH-2025B-03,2026-02-14,HSH-PLP
HSH-2025B-03,2026-02-15,HSH-PLP
HSH-2025B-03,2026-02-16,HSH-PLP
HSH-2025B-03,2026-02-17,HSH-PLP
HSH-2025B-03,2026-02-24,HSH-PLP
HSH-2025B-03,2026-02-25,HSH-PLP
HSH-2025B-03,2026-02-26,HSH-PLP
HSH-2025B-03,2026-02-27,HSH-PLP
HSH-2025B-03,2026-02-28,HSH-PLP
HSH-2025B-03,2026-07-08,HSH-PLP
HSH-2025B-03,2026-07-09,HSH-PLP
HSH-2025B-03,2026-07-10,HSH-PLP
HSH-2025B-03,2026-07-11,HSH-PLP
HSH-2025B-03,2026-07-12,HSH-PLP
HSH-2025B-03,2026-07-13,HSH-PLP
HSH-2025B-03,2026-07-14,HSH-PLP
HSH-2025B-03,2026-07-15,HSH-PLP
HSH-2025B-03,2026-07-16,HSH-PLP
HSH-2025B-03,2026-07-17,HSH-PLP
HSH-2025B-03,2026-07-18,HSH-PLP
HSH-2025B-03,2026-07-19,HSH-PLP
HSH-2025B-03,2026-07-20,HSH-PLP
HSH-2025B-03,2026-07-21,HSH-PLP
