file,simple,bitpix,naxis,naxis1,naxis2,bscale,bzero,ccdsize,ccdsum,pixsize1,pixsize2,adcrate,gain,rdnoise,camtem,exptime,date,observat,telescop,date-obs,time-obs,ut,st,ha,ra,dec,equinox,mjd-obs,zd,airmass,ra2000,dec2000,dome-az,imagetyp,object,instrume,instrmod,observer,optele,prog-id,detector,pixscale,filter01,filter02,comment,night
OGLE-2024-BLG-0034i0001.fit,True,16,2,1024,1024,1.0,32768.0,"[1:1024,1:1024]",1 1,24.0,24.0,,2.2,15.0,-20.0,90.0,2025-06-05T23:41:58,CASLEO,HSH,2025-06-06,02:40:20.993,02:40:20.1,15:02:17.3,-02:43:38.8,17:45:56.1,-39:06:49.7,2025.4,60832.111343,33.8,1.2,17:44:10.4,-39:06:16.5,298.8,object,OGLE-2024-BLG-0034,Direct CCD,,Izraelevitch,,HSH-2025A-05,STL-1001E,0.53,(5) I,(6) Free,= ' ',
OGLE-2024-BLG-0034i0002.fit,True,16,2,1024,1024,1.0,32768.0,"[1:1024,1:1024]",1 1,24.0,24.0,,2.2,15.0,-20.0,90.0,2025-06-05T23:43:36,CASLEO,HSH,2025-06-06,02:41:58.764,02:41:57.7,15:03:55.3,-02:42:01.1,17:45:56.4,-39:06:49.7,2025.4,60832.112465,33.5,1.2,17:44:10.6,-39:06:16.5,298.8,object,OGLE-2024-BLG-0034,Direct CCD,,Izraelevitch,,HSH-2025A-05,STL-1001E,0.53,(5) I,(6) Free,= ' ',
OGLE-2024-BLG-0034i0003.fit,True,16,2,1024,1024,1.0,32768.0,"[1:1024,1:1024]",1 1,24.0,24.0,,2.2,15.0,-20.0,90.0,2025-06-05T23:45:14,CASLEO,HSH,2025-06-06,02:43:36.794,02:43:35.7,15:05:33.5,-02:40:22.8,17:45:56.3,-39:06:49.7,2025.4,60832.1136,33.2,1.19,17:44:10.6,-39:06:16.5,298.8,object,OGLE-2024-BLG-0034,Direct CCD,,Izraelevitch,,HSH-2025A-05,STL-1001E,0.53,(5) I,(6) Free,= ' ',
OGLE-2024-BLG-0034i0004.fit,True,16,2,1024,1024,1.0,32768.0,"[1:1024,1:1024]",1 1,24.0,24.0,,2.2,15.0,-20.0,90.0,2025-06-05T23:46:52,CASLEO,HSH,2025-06-06,02:45:14.880,02:45:14.0,15:07:12.0,-02:38:44.1,17:45:56.1,-39:06:49.7,2025.4,60832.114745,32.9,1.19,17:44:10.4,-39:06:16.5,298.8,object,OGLE-2024-BLG-0034,Direct CCD,,Izraelevitch,,HSH-2025A-05,STL-1001E,0.53,(5) I,(6) Free,= ' ',
OGLE-2024-BLG-0034i0005.fit,True,16,2,1024,1024,1.0,32768.0,"[1:1024,1:1024]",1 1,24.0,24.0,,2.2,15.0,-20.0,90.0,2025-06-05T23:48:30,CASLEO,HSH,2025-06-06,02:46:52.977,02:46:51.8,15:08:50.1,-02:37:05.9,17:45:56.1,-39:06:49.7,2025.4,60832.115868,32.6,1.19,17:44:10.4,-39:06:16.5,298.8,object,OGLE-2024-BLG-0034,Direct CCD,,Izraelevitch,,HSH-2025A-05,STL-1001E,0.53,(5) I,(6) Free,= ' ',
OGLE-2024-BLG-0034i0006.fit,True,16,2,1024,1024,1.0,32768.0,"[1:1024,1:1024]",1 1,24.0,24.0,,2.2,15.0,-20.0,90.0,2025-06-05T23:50:08,CASLEO,HSH,2025-06-06,02:48:31.007,02:48:30.1,15:10:28.5,-02:35:27.5,17:45:56.0,-39:06:49.7,2025.4,60832.117014,32.2,1.18,17:44:10.3,-39:06:16.5,298.8,object,OGLE-2024-BLG-0034,Direct CCD,,Izraelevitch,,HSH-2025A-05,STL-1001E,0.53,(5) I,(6) Free,= ' ',
OGLE-2024-BLG-0034i0007.fit,True,16,2,1024,1024,1.0,32768.0,"[1:1024,1:1024]",1 1,24.0,24.0,,2.2,15.0,-20.0,90.0,2025-06-05T23:51:46,CASLEO,HSH,2025-06-06,02:50:09.042,02:50:09.0,15:12:06.6,-02:33:49.2,17:45:56.0,-39:06:49.7,2025.4,60832.11816,31.9,1.18,17:44:10.2,-39:06:16.5,298.8,object,OGLE-2024-BLG-0034,Direct CCD,,Izraelevitch,,HSH-2025A-05,STL-1001E,0.53,(5) I,(6) Free,= ' ',
OGLE-2024-BLG-0034i0008.fit,True,16,2,1024,1024,1.0,32768.0,"[1:1024,1:1024]",1 1,24.0,24.0,,2.2,15.0,-20.0,90.0,2025-06-05T23:53:24,CASLEO,HSH,2025-06-06,02:51:47.068,02:51:47.1,15:13:45.0,-02:32:10.8,17:45:55.9,-39:06:49.7,2025.4,60832.119294,31.6,1.17,17:44:10.2,-39:06:16.5,298.8,object,OGLE-2024-BLG-0034,Direct CCD,,Izraelevitch,,HSH-2025A-05,STL-1001E,0.53,(5) I,(6) Free,= ' ',
OGLE-2024-BLG-0034i0009.fit,True,16,2,1024,1024,1.0,32768.0,"[1:1024,1:1024]",1 1,24.0,24.0,,2.2,15.0,-20.0,90.0,2025-06-05T23:55:02,CASLEO,HSH,2025-06-06,02:53:25.097,02:53:25.1,15:15:23.5,-02:30:32.3,17:45:55.8,-39:06:49.7,2025.4,60832.120428,31.3,1.17,17:44:10.1,-39:06:16.5,298.8,object,OGLE-2024-BLG-0034,Direct CCD,,Izraelevitch,,HSH-2025A-05,STL-1001E,0.53,(5) I,(6) Free,= ' ',
OGLE-2024-BLG-0034i0010.fit,True,16,2,1024,1024,1.0,32768.0,"[1:1024,1:1024]",1 1,24.0,24.0,,2.2,15.0,-20.0,90.0,2025-06-05T23:56:40,CASLEO,HSH,2025-06-06,02:55:03.125,02:55:03.2,15:17:01.8,-02:28:54.1,17:45:55.9,-39:06:49.7,2025.4,60832.121563,31.0,1.17,17:44:10.2,-39:06:16.5,298.8,object,OGLE-2024-BLG-0034,Direct CCD,,Izraelevitch,,HSH-2025A-05,STL-1001E,0.53,(5) I,(6) Free,= ' ',
OGLE-2024-BLG-0034i0011.fit,True,16,2,1024,1024,1.0,32768.0,"[1:1024,1:1024]",1 1,24.0,24.0,,2.2,15.0,-20.0,90.0,2025-06-05T23:58:18,CASLEO,HSH,2025-06-06,02:56:41.165,02:56:41.2,15:18:40.1,-02:27:15.7,17:45:55.9,-39:06:49.7,2025.4,60832.122697,30.6,1.16,17:44:10.1,-39:06:16.5,298.8,object,OGLE-2024-BLG-0034,Direct CCD,,Izraelevitch,,HSH-2025A-05,STL-1001E,0.53,(5) I,(6) Free,= ' ',
OGLE-2024-BLG-0034i0012.fit,True,16,2,1024,1024,1.0,32768.0,"[1:1024,1:1024]",1 1,24.0,24.0,,2.2,15.0,-20.0,90.0,2025-06-05T23:59:56,CASLEO,HSH,2025-06-06,02:58:19.186,02:58:19.2,15:20:18.4,-02:25:37.4,17:45:55.8,-39:06:49.7,2025.4,60832.123831,30.3,1.16,17:44:10.1,-39:06:16.5,298.8,object,OGLE-2024-BLG-0034,Direct CCD,,Izraelevitch,,HSH-2025A-05,STL-1001E,0.53,(5) I,(6) Free,= ' ',
OGLE-2024-BLG-0034i0013.fit,True,16,2,1024,1024,1.0,32768.0,"[1:1024,1:1024]",1 1,24.0,24.0,,2.2,15.0,-20.0,90.0,2025-06-06T00:01:34,CASLEO,HSH,2025-06-06,02:59:57.226,02:59:57.3,15:21:56.8,-02:23:59.0,17:45:55.8,-39:06:49.7,2025.4,60832.124965,30.0,1.15,17:44:10.1,-39:06:16.5,298.8,object,OGLE-2024-BLG-0034,Direct CCD,,Izraelevitch,,HSH-2025A-05,STL-1001E,0.53,(5) I,(6) Free,= ' ',
OGLE-2024-BLG-0034i0014.fit,True,16,2,1024,1024,1.0,32768.0,"[1:1024,1:1024]",1 1,24.0,24.0,,2.2,15.0,-20.0,90.0,2025-06-06T00:03:12,CASLEO,HSH,2025-06-06,03:01:35.304,03:01:34.5,15:23:35.1,-02:22:20.5,17:45:55.7,-39:06:49.7,2025.4,60832.126088,29.7,1.15,17:44:10.0,-39:06:16.5,298.8,object,OGLE-2024-BLG-0034,Direct CCD,,Izraelevitch,,HSH-2025A-05,STL-1001E,0.53,(5) I,(6) Free,= ' ',
OGLE-2024-BLG-0034i0015.fit,True,16,2,1024,1024,1.0,32768.0,"[1:1024,1:1024]",1 1,24.0,24.0,,2.2,15.0,-20.0,90.0,2025-06-06T00:04:50,CASLEO,HSH,2025-06-06,03:03:13.395,03:03:12.3,15:25:13.1,-02:20:42.3,17:45:55.5,-39:06:49.7,2025.4,60832.127222,29.4,1.15,17:44:09.8,-39:06:16.5,300.5,object,OGLE-2024-BLG-0034,Direct CCD,,Izraelevitch,,HSH-2025A-05,STL-1001E,0.53,(5) I,(6) Free,= ' ',
OGLE-2024-BLG-0034i0016.fit,True,16,2,1024,1024,1.0,32768.0,"[1:1024,1:1024]",1 1,24.0,24.0,,2.2,15.0,-20.0,90.0,2025-06-06T00:06:28,CASLEO,HSH,2025-06-06,03:04:51.511,03:04:50.7,15:26:51.9,-02:19:03.6,17:45:55.5,-39:06:49.7,2025.4,60832.128356,29.1,1.14,17:44:09.8,-39:06:16.5,300.5,object,OGLE-2024-BLG-0034,Direct CCD,,Izraelevitch,,HSH-2025A-05,STL-1001E,0.53,(5) I,(6) Free,= ' ',
OGLE-2024-BLG-0034i0017.fit,True,16,2,1024,1024,1.0,32768.0,"[1:1024,1:1024]",1 1,24.0,24.0,,2.2,15.0,-20.0,90.0,2025-06-06T00:08:06,CASLEO,HSH,2025-06-06,03:06:29.601,03:06:28.6,15:28:30.0,-02:17:25.6,17:45:55.7,-39:06:49.7,2025.4,60832.129491,28.7,1.14,17:44:10.0,-39:06:16.5,300.5,object,OGLE-2024-BLG-0034,Direct CCD,,Izraelevitch,,HSH-2025A-05,STL-1001E,0.53,(5) I,(6) Free,= ' ',
OGLE-2024-BLG-0034i0018.fit,True,16,2,1024,1024,1.0,32768.0,"[1:1024,1:1024]",1 1,24.0,24.0,,2.2,15.0,-20.0,90.0,2025-06-06T00:09:44,CASLEO,HSH,2025-06-06,03:08:07.628,03:08:06.7,15:30:08.5,-02:15:47.2,17:45:55.7,-39:06:49.7,2025.4,60832.130625,28.4,1.14,17:44:10.0,-39:06:16.5,300.5,object,OGLE-2024-BLG-0034,Direct CCD,,Izraelevitch,,HSH-2025A-05,STL-1001E,0.53,(5) I,(6) Free,= ' ',
OGLE-2024-BLG-0034i0019.fit,True,16,2,1024,1024,1.0,32768.0,"[1:1024,1:1024]",1 1,24.0,24.0,,2.2,15.0,-20.0,90.0,2025-06-06T00:11:23,CASLEO,HSH,2025-06-06,03:09:45.660,03:09:44.6,15:31:46.5,-02:14:08.7,17:45:55.3,-39:06:49.7,2025.4,60832.131759,28.1,1.13,17:44:09.6,-39:06:16.5,300.5,object,OGLE-2024-BLG-0034,Direct CCD,,Izraelevitch,,HSH-2025A-05,STL-1001E,0.53,(5) I,(6) Free,= ' ',
OGLE-2024-BLG-0034i0020.fit,True,16,2,1024,1024,1.0,32768.0,"[1:1024,1:1024]",1 1,24.0,24.0,,2.2,15.0,-20.0,90.0,2025-06-06T00:13:01,CASLEO,HSH,2025-06-06,03:11:23.753,03:11:23.7,15:33:25.0,-02:12:30.5,17:45:55.6,-39:06:49.7,2025.4,60832.132905,27.8,1.13,17:44:09.9,-39:06:16.5,300.5,object,OGLE-2024-BLG-0034,Direct CCD,,Izraelevitch,,HSH-2025A-05,STL-1001E,0.53,(5) I,(6) Free,= ' ',
OGLE-2024-BLG-0034i0021.fit,True,16,2,1024,1024,1.0,32768.0,"[1:1024,1:1024]",1 1,24.0,24.0,,2.2,15.0,-20.0,90.0,2025-06-06T00:14:39,CASLEO,HSH,2025-06-06,03:13:01.783,03:13:01.7,15:35:03.3,-02:10:52.0,17:45:55.4,-39:06:49.7,2025.4,60832.134039,27.5,1.13,17:44:09.6,-39:06:16.5,300.5,object,OGLE-2024-BLG-0034,Direct CCD,,Izraelevitch,,HSH-2025A-05,STL-1001E,0.53,(5) I,(6) Free,= ' ',
OGLE-2024-BLG-0034i0022.fit,True,16,2,1024,1024,1.0,32768.0,"[1:1024,1:1024]",1 1,24.0,24.0,,2.2,15.0,-20.0,90.0,2025-06-06T00:16:17,CASLEO,HSH,2025-06-06,03:14:39.935,03:14:39.7,15:36:41.5,-02:09:13.8,17:45:55.4,-39:06:49.7,2025.4,60832.135174,27.2,1.12,17:44:09.7,-39:06:16.5,300.5,object,OGLE-2024-BLG-0034,Direct CCD,,Izraelevitch,,HSH-2025A-05,STL-1001E,0.53,(5) I,(6) Free,= ' ',
OGLE-2024-BLG-0034i0023.fit,True,16,2,1024,1024,1.0,32768.0,"[1:1024,1:1024]",1 1,24.0,24.0,,2.2,15.0,-20.0,90.0,2025-06-06T00:17:55,CASLEO,HSH,2025-06-06,03:16:17.967,03:16:18.0,15:38:20.0,-02:07:35.4,17:45:55.5,-39:06:49.7,2025.4,60832.136319,26.8,1.12,17:44:09.8,-39:06:16.5,302.4,object,OGLE-2024-BLG-0034,Direct CCD,,Izraelevitch,,HSH-2025A-05,STL-1001E,0.53,(5) I,(6) Free,= ' ',
OGLE-2024-BLG-0034i0024.fit,True,16,2,1024,1024,1.0,32768.0,"[1:1024,1:1024]",1 1,24.0,24.0,,2.2,15.0,-20.0,90.0,2025-06-06T00:19:33,CASLEO,HSH,2025-06-06,03:17:56.058,03:17:56.0,15:39:58.3,-02:05:56.9,17:45:55.2,-39:06:49.7,2025.4,60832.137454,26.5,1.12,17:44:09.5,-39:06:16.5,302.4,object,OGLE-2024-BLG-0034,Direct CCD,,Izraelevitch,,HSH-2025A-05,STL-1001E,0.53,(5) I,(6) Free,= ' ',
OGLE-2024-BLG-0034i0025.fit,True,16,2,1024,1024,1.0,32768.0,"[1:1024,1:1024]",1 1,24.0,24.0,,2.2,15.0,-20.0,90.0,2025-06-06T00:21:11,CASLEO,HSH,2025-06-06,03:19:34.086,03:19:34.0,15:41:36.5,-02:04:18.7,17:45:55.3,-39:06:49.7,2025.4,60832.138588,26.2,1.11,17:44:09.6,-39:06:16.5,302.4,object,OGLE-2024-BLG-0034,Direct CCD,,Izraelevitch,,HSH-2025A-05,STL-1001E,0.53,(5) I,(6) Free,= ' ',
OGLE-2024-BLG-0034i0026.fit,True,16,2,1024,1024,1.0,32768.0,"[1:1024,1:1024]",1 1,24.0,24.0,,2.2,15.0,-20.0,90.0,2025-06-06T00:22:49,CASLEO,HSH,2025-06-06,03:21:12.116,03:21:12.2,15:43:15.0,-02:02:40.0,17:45:55.1,-39:06:49.7,2025.4,60832.139722,25.9,1.11,17:44:09.4,-39:06:16.5,302.4,object,OGLE-2024-BLG-0034,Direct CCD,,Izraelevitch,,HSH-2025A-05,STL-1001E,0.53,(5) I,(6) Free,= ' ',
OGLE-2024-BLG-0034i0027.fit,True,16,2,1024,1024,1.0,32768.0,"[1:1024,1:1024]",1 1,24.0,24.0,,2.2,15.0,-20.0,90.0,2025-06-06T00:24:27,CASLEO,HSH,2025-06-06,03:22:50.146,03:22:50.2,15:44:53.4,-02:01:01.8,17:45:55.2,-39:06:49.7,2025.4,60832.140856,25.6,1.11,17:44:09.5,-39:06:16.5,302.4,object,OGLE-2024-BLG-0034,Direct CCD,,Izraelevitch,,HSH-2025A-05,STL-1001E,0.53,(5) I,(6) Free,= ' ',
OGLE-2024-BLG-0034i0028.fit,True,16,2,1024,1024,1.0,32768.0,"[1:1024,1:1024]",1 1,24.0,24.0,,2.2,15.0,-20.0,90.0,2025-06-06T00:26:05,CASLEO,HSH,2025-06-06,03:24:28.173,03:24:28.2,15:46:31.5,-01:59:23.3,17:45:54.9,-39:06:49.7,2025.4,60832.141991,25.3,1.11,17:44:09.2,-39:06:16.4,302.4,object,OGLE-2024-BLG-0034,Direct CCD,,Izraelevitch,,HSH-2025A-05,STL-1001E,0.53,(5) I,(6) Free,= ' ',
OGLE-2024-BLG-0034i0029.fit,True,16,2,1024,1024,1.0,32768.0,"[1:1024,1:1024]",1 1,24.0,24.0,,2.2,15.0,-20.0,90.0,2025-06-06T00:27:43,CASLEO,HSH,2025-06-06,03:26:06.213,03:26:06.2,15:48:10.0,-01:57:45.1,17:45:55.2,-39:06:49.7,2025.4,60832.143125,24.9,1.1,17:44:09.5,-39:06:16.5,304.1,object,OGLE-2024-BLG-0034,Direct CCD,,Izraelevitch,,HSH-2025A-05,STL-1001E,0.53,(5) I,(6) Free,= ' ',
OGLE-2024-BLG-0034i0030.fit,True,16,2,1024,1024,1.0,32768.0,"[1:1024,1:1024]",1 1,24.0,24.0,,2.2,15.0,-20.0,90.0,2025-06-06T00:29:21,CASLEO,HSH,2025-06-06,03:27:44.297,03:27:44.2,15:49:48.1,-01:56:06.9,17:45:55.1,-39:06:49.7,2025.4,60832.144259,24.6,1.1,17:44:09.4,-39:06:16.5,304.1,object,OGLE-2024-BLG-0034,Direct CCD,,Izraelevitch,,HSH-2025A-05,STL-1001E,0.53,(5) I,(6) Free,= ' ',
OGLE-2024-BLG-0034i0031.fit,True,16,2,1024,1024,1.0,32768.0,"[1:1024,1:1024]",1 1,24.0,24.0,,2.2,15.0,-20.0,90.0,2025-06-06T00:30:59,CASLEO,HSH,2025-06-06,03:29:22.329,03:29:22.2,15:51:26.5,-01:54:28.4,17:45:54.9,-39:06:49.7,2025.4,60832.145394,24.3,1.1,17:44:09.2,-39:06:16.4,304.1,object,OGLE-2024-BLG-0034,Direct CCD,,Izraelevitch,,HSH-2025A-05,STL-1001E,0.53,(5) I,(6) Free,= ' ',
OGLE-2024-BLG-0034i0032.fit,True,16,2,1024,1024,1.0,32768.0,"[1:1024,1:1024]",1 1,24.0,24.0,,2.2,15.0,-20.0,90.0,2025-06-06T00:32:37,CASLEO,HSH,2025-06-06,03:31:00.419,03:30:59.3,15:53:04.9,-01:52:50.2,17:45:55.1,-39:06:49.7,2025.4,60832.146516,24.0,1.09,17:44:09.4,-39:06:16.5,304.1,object,OGLE-2024-BLG-0034,Direct CCD,,Izraelevitch,,HSH-2025A-05,STL-1001E,0.53,(5) I,(6) Free,= ' ',
OGLE-2024-BLG-0034i0033.fit,True,16,2,1024,1024,1.0,32768.0,"[1:1024,1:1024]",1 1,24.0,24.0,,2.2,15.0,-20.0,90.0,2025-06-06T00:34:16,CASLEO,HSH,2025-06-06,03:32:38.451,03:32:37.5,15:54:43.3,-01:51:11.5,17:45:54.8,-39:06:49.7,2025.4,60832.14765,23.7,1.09,17:44:09.1,-39:06:16.4,305.9,object,OGLE-2024-BLG-0034,Direct CCD,,Izraelevitch,,HSH-2025A-05,STL-1001E,0.53,(5) I,(6) Free,= ' ',
OGLE-2024-BLG-0034i0034.fit,True,16,2,1024,1024,1.0,32768.0,"[1:1024,1:1024]",1 1,24.0,24.0,,2.2,15.0,-20.0,90.0,2025-06-06T00:35:54,CASLEO,HSH,2025-06-06,03:34:16.723,03:34:15.6,15:56:21.5,-01:49:33.3,17:45:54.9,-39:06:49.7,2025.4,60832.148785,23.4,1.09,17:44:09.2,-39:06:16.4,305.9,object,OGLE-2024-BLG-0034,Direct CCD,,Izraelevitch,,HSH-2025A-05,STL-1001E,0.53,(5) I,(6) Free,= ' ',
OGLE-2024-BLG-0034i0035.fit,True,16,2,1024,1024,1.0,32768.0,"[1:1024,1:1024]",1 1,24.0,24.0,,2.2,15.0,-20.0,90.0,2025-06-06T00:37:32,CASLEO,HSH,2025-06-06,03:35:54.760,03:35:53.5,15:57:59.8,-01:47:55.1,17:45:54.9,-39:06:49.7,2025.4,60832.149919,23.1,1.09,17:44:09.2,-39:06:16.4,305.9,object,OGLE-2024-BLG-0034,Direct CCD,,Izraelevitch,,HSH-2025A-05,STL-1001E,0.53,(5) I,(6) Free,= ' ',
OGLE-2024-BLG-0034i0036.fit,True,16,2,1024,1024,1.0,32768.0,"[1:1024,1:1024]",1 1,24.0,24.0,,2.2,15.0,-20.0,90.0,2025-06-06T00:39:10,CASLEO,HSH,2025-06-06,03:37:32.786,03:37:31.6,15:59:38.1,-01:46:16.4,17:45:54.6,-39:06:49.7,2025.4,60832.151053,22.7,1.08,17:44:08.9,-39:06:16.4,307.9,object,OGLE-2024-BLG-0034,Direct CCD,,Izraelevitch,,HSH-2025A-05,STL-1001E,0.53,(5) I,(6) Free,= ' ',
OGLE-2024-BLG-0034v0001.fit,True,16,2,1024,1024,1.0,32768.0,"[1:1024,1:1024]",1 1,24.0,24.0,,2.2,15.0,-20.0,90.0,2025-06-06T00:49:30,CASLEO,HSH,2025-06-06,03:47:53.428,03:47:53.2,16:10:00.5,-01:35:56.1,17:45:56.6,-39:07:13.1,2025.4,60832.158252,20.8,1.07,17:44:10.9,-39:06:39.9,312.4,object,OGLE-2024-BLG-0034,Direct CCD,,Izraelevitch,,HSH-2025A-05,STL-1001E,0.53,(3) V,(6) Free,= ' ',
OGLE-2024-BLG-0034v0002.fit,True,16,2,1024,1024,1.0,32768.0,"[1:1024,1:1024]",1 1,24.0,24.0,,2.2,15.0,-20.0,90.0,2025-06-06T00:51:08,CASLEO,HSH,2025-06-06,03:49:31.256,03:49:31.0,16:11:38.5,-01:34:18.1,17:45:56.6,-39:07:13.1,2025.4,60832.159387,20.5,1.07,17:44:10.9,-39:06:39.9,312.4,object,OGLE-2024-BLG-0034,Direct CCD,,Izraelevitch,,HSH-2025A-05,STL-1001E,0.53,(3) V,(6) Free,= ' ',
OGLE-2024-BLG-0034v0003.fit,True,16,2,1024,1024,1.0,32768.0,"[1:1024,1:1024]",1 1,24.0,24.0,,2.2,15.0,-20.0,90.0,2025-06-06T00:52:46,CASLEO,HSH,2025-06-06,03:51:09.282,03:51:08.1,16:13:16.9,-01:32:39.7,17:45:56.6,-39:07:13.1,2025.4,60832.160509,20.2,1.07,17:44:10.9,-39:06:39.9,314.1,object,OGLE-2024-BLG-0034,Direct CCD,,Izraelevitch,,HSH-2025A-05,STL-1001E,0.53,(3) V,(6) Free,= ' ',
OGLE-2024-BLG-0034v0004.fit,True,16,2,1024,1024,1.0,32768.0,"[1:1024,1:1024]",1 1,24.0,24.0,,2.2,15.0,-20.0,90.0,2025-06-06T00:54:24,CASLEO,HSH,2025-06-06,03:52:47.318,03:52:46.2,16:14:55.1,-01:31:01.0,17:45:56.2,-39:07:13.1,2025.4,60832.161644,19.9,1.06,17:44:10.5,-39:06:39.9,314.1,object,OGLE-2024-BLG-0034,Direct CCD,,Izraelevitch,,HSH-2025A-05,STL-1001E,0.53,(3) V,(6) Free,= ' ',
OGLE-2024-BLG-0034v0005.fit,True,16,2,1024,1024,1.0,32768.0,"[1:1024,1:1024]",1 1,24.0,24.0,,2.2,15.0,-20.0,90.0,2025-06-06T00:56:02,CASLEO,HSH,2025-06-06,03:54:25.343,03:54:24.0,16:16:33.4,-01:29:23.2,17:45:56.6,-39:07:13.1,2025.4,60832.162778,19.6,1.06,17:44:10.9,-39:06:39.9,315.8,object,OGLE-2024-BLG-0034,Direct CCD,,Izraelevitch,,HSH-2025A-05,STL-1001E,0.53,(3) V,(6) Free,= ' ',
OGLE-2024-BLG-0034v0006.fit,True,16,2,1024,1024,1.0,32768.0,"[1:1024,1:1024]",1 1,24.0,24.0,,2.2,15.0,-20.0,90.0,2025-06-06T00:57:40,CASLEO,HSH,2025-06-06,03:56:03.380,03:56:02.2,16:18:11.9,-01:27:44.5,17:45:56.4,-39:07:13.1,2025.4,60832.163912,19.2,1.06,17:44:10.7,-39:06:39.9,317.6,object,OGLE-2024-BLG-0034,Direct CCD,,Izraelevitch,,HSH-2025A-05,STL-1001E,0.53,(3) V,(6) Free,= ' ',
OGLE-2024-BLG-0034v0007.fit,True,16,2,1024,1024,1.0,32768.0,"[1:1024,1:1024]",1 1,24.0,24.0,,2.2,15.0,-20.0,90.0,2025-06-06T00:59:18,CASLEO,HSH,2025-06-06,03:57:41.464,03:57:40.2,16:19:50.0,-01:26:06.3,17:45:56.4,-39:07:13.1,2025.4,60832.165046,18.9,1.06,17:44:10.7,-39:06:39.9,317.6,object,OGLE-2024-BLG-0034,Direct CCD,,Izraelevitch,,HSH-2025A-05,STL-1001E,0.53,(3) V,(6) Free,= ' ',
OGLE-2024-BLG-0034v0008.fit,True,16,2,1024,1024,1.0,32768.0,"[1:1024,1:1024]",1 1,24.0,24.0,,2.2,15.0,-20.0,90.0,2025-06-06T01:00:56,CASLEO,HSH,2025-06-06,03:59:19.500,03:59:18.3,16:21:28.5,-01:24:27.9,17:45:56.4,-39:07:13.1,2025.4,60832.166181,18.6,1.06,17:44:10.6,-39:06:39.9,319.4,object,OGLE-2024-BLG-0034,Direct CCD,,Izraelevitch,,HSH-2025A-05,STL-1001E,0.53,(3) V,(6) Free,= ' ',
OGLE-2024-BLG-0034v0009.fit,True,16,2,1024,1024,1.0,32768.0,"[1:1024,1:1024]",1 1,24.0,24.0,,2.2,15.0,-20.0,90.0,2025-06-06T01:02:34,CASLEO,HSH,2025-06-06,04:00:57.589,04:00:56.2,16:23:06.6,-01:22:49.4,17:45:56.1,-39:07:13.1,2025.4,60832.167315,18.3,1.05,17:44:10.4,-39:06:39.9,321.0,object,OGLE-2024-BLG-0034,Direct CCD,,Izraelevitch,,HSH-2025A-05,STL-1001E,0.53,(3) V,(6) Free,= ' ',
OGLE-2024-BLG-0034v0010.fit,True,16,2,1024,1024,1.0,32768.0,"[1:1024,1:1024]",1 1,24.0,24.0,,2.2,15.0,-20.0,90.0,2025-06-06T01:04:12,CASLEO,HSH,2025-06-06,04:02:35.565,04:02:34.5,16:24:45.1,-01:21:11.2,17:45:56.4,-39:07:13.1,2025.4,60832.168449,18.0,1.05,17:44:10.7,-39:06:39.9,322.8,object,OGLE-2024-BLG-0034,Direct CCD,,Izraelevitch,,HSH-2025A-05,STL-1001E,0.53,(3) V,(6) Free,= ' ',
OGLE-2024-BLG-0034v0011.fit,True,16,2,1024,1024,1.0,32768.0,"[1:1024,1:1024]",1 1,24.0,24.0,,2.2,15.0,-20.0,90.0,2025-06-06T01:05:50,CASLEO,HSH,2025-06-06,04:04:13.287,04:04:12.2,16:26:23.3,-01:19:33.0,17:45:56.3,-39:07:13.1,2025.4,60832.169583,17.7,1.05,17:44:10.6,-39:06:39.9,324.5,object,OGLE-2024-BLG-0034,Direct CCD,,Izraelevitch,,HSH-2025A-05,STL-1001E,0.53,(3) V,(6) Free,= ' ',
OGLE-2024-BLG-0034v0012.fit,True,16,2,1024,1024,1.0,32768.0,"[1:1024,1:1024]",1 1,24.0,24.0,,2.2,15.0,-20.0,90.0,2025-06-06T01:07:28,CASLEO,HSH,2025-06-06,04:05:51.379,04:05:50.2,16:28:01.5,-01:17:54.8,17:45:56.3,-39:07:13.1,2025.4,60832.170718,17.4,1.05,17:44:10.5,-39:06:39.9,326.2,object,OGLE-2024-BLG-0034,Direct CCD,,Izraelevitch,,HSH-2025A-05,STL-1001E,0.53,(3) V,(6) Free,= ' ',
OGLE-2024-BLG-0034v0013.fit,True,16,2,1024,1024,1.0,32768.0,"[1:1024,1:1024]",1 1,24.0,24.0,,2.2,15.0,-20.0,90.0,2025-06-06T01:09:06,CASLEO,HSH,2025-06-06,04:07:29.409,04:07:28.3,16:29:39.8,-01:16:16.3,17:45:56.1,-39:07:13.1,2025.4,60832.171852,17.1,1.05,17:44:10.4,-39:06:39.9,328.0,object,OGLE-2024-BLG-0034,Direct CCD,,Izraelevitch,,HSH-2025A-05,STL-1001E,0.53,(3) V,(6) Free,= ' ',
OGLE-2024-BLG-0034v0014.fit,True,16,2,1024,1024,1.0,32768.0,"[1:1024,1:1024]",1 1,24.0,24.0,,2.2,15.0,-20.0,90.0,2025-06-06T01:10:44,CASLEO,HSH,2025-06-06,04:09:07.437,04:09:06.7,16:31:18.3,-01:14:37.6,17:45:55.9,-39:07:13.1,2025.4,60832.172986,16.8,1.04,17:44:10.2,-39:06:39.9,329.8,object,OGLE-2024-BLG-0034,Direct CCD,,Izraelevitch,,HSH-2025A-05,STL-1001E,0.53,(3) V,(6) Free,= ' ',
OGLE-2024-BLG-0034v0015.fit,True,16,2,1024,1024,1.0,32768.0,"[1:1024,1:1024]",1 1,24.0,24.0,,2.2,15.0,-20.0,90.0,2025-06-06T01:12:22,CASLEO,HSH,2025-06-06,04:10:45.469,04:10:45.7,16:32:56.6,-01:12:59.4,17:45:56.1,-39:07:13.1,2025.4,60832.174132,16.5,1.04,17:44:10.4,-39:06:39.9,332.0,object,OGLE-2024-BLG-0034,Direct CCD,,Izraelevitch,,HSH-2025A-05,STL-1001E,0.53,(3) V,(6) Free,= ' ',
OGLE-2024-BLG-0034v0016.fit,True,16,2,1024,1024,1.0,32768.0,"[1:1024,1:1024]",1 1,24.0,24.0,,2.2,15.0,-20.0,90.0,2025-06-06T01:14:00,CASLEO,HSH,2025-06-06,04:12:23.498,04:12:23.7,16:34:35.0,-01:11:20.9,17:45:55.9,-39:07:13.1,2025.4,60832.175266,16.2,1.04,17:44:10.2,-39:06:39.9,335.7,object,OGLE-2024-BLG-0034,Direct CCD,,Izraelevitch,,HSH-2025A-05,STL-1001E,0.53,(3) V,(6) Free,= ' ',
OGLE-2024-BLG-0034v0017.fit,True,16,2,1024,1024,1.0,32768.0,"[1:1024,1:1024]",1 1,24.0,24.0,,2.2,15.0,-20.0,90.0,2025-06-06T01:15:38,CASLEO,HSH,2025-06-06,04:14:01.538,04:14:01.7,16:36:13.3,-01:09:42.7,17:45:56.0,-39:07:13.1,2025.4,60832.1764,15.9,1.04,17:44:10.3,-39:06:39.9,337.5,object,OGLE-2024-BLG-0034,Direct CCD,,Izraelevitch,,HSH-2025A-05,STL-1001E,0.53,(3) V,(6) Free,= ' ',
OGLE-2024-BLG-0034v0018.fit,True,16,2,1024,1024,1.0,32768.0,"[1:1024,1:1024]",1 1,24.0,24.0,,2.2,15.0,-20.0,90.0,2025-06-06T01:17:16,CASLEO,HSH,2025-06-06,04:15:39.567,04:15:39.7,16:37:51.5,-01:08:04.3,17:45:55.8,-39:07:13.1,2025.4,60832.177535,15.6,1.04,17:44:10.0,-39:06:39.9,339.4,object,OGLE-2024-BLG-0034,Direct CCD,,Izraelevitch,,HSH-2025A-05,STL-1001E,0.53,(3) V,(6) Free,= ' ',
OGLE-2024-BLG-0034v0019.fit,True,16,2,1024,1024,1.0,32768.0,"[1:1024,1:1024]",1 1,24.0,24.0,,2.2,15.0,-20.0,90.0,2025-06-06T01:18:55,CASLEO,HSH,2025-06-06,04:17:17.653,04:17:17.7,16:39:29.6,-01:06:26.0,17:45:55.7,-39:07:13.1,2025.4,60832.178669,15.3,1.04,17:44:10.0,-39:06:39.9,343.0,object,OGLE-2024-BLG-0034,Direct CCD,,Izraelevitch,,HSH-2025A-05,STL-1001E,0.53,(3) V,(6) Free,= ' ',
OGLE-2024-BLG-0034v0020.fit,True,16,2,1024,1024,1.0,32768.0,"[1:1024,1:1024]",1 1,24.0,24.0,,2.2,15.0,-20.0,90.0,2025-06-06T01:20:33,CASLEO,HSH,2025-06-06,04:18:55.678,04:18:55.7,16:41:08.0,-01:04:47.8,17:45:55.9,-39:07:13.1,2025.4,60832.179803,15.1,1.04,17:44:10.2,-39:06:39.9,346.4,object,OGLE-2024-BLG-0034,Direct CCD,,Izraelevitch,,HSH-2025A-05,STL-1001E,0.53,(3) V,(6) Free,= ' ',
OGLE-2024-BLG-0034v0021.fit,True,16,2,1024,1024,1.0,32768.0,"[1:1024,1:1024]",1 1,24.0,24.0,,2.2,15.0,-20.0,90.0,2025-06-06T01:22:11,CASLEO,HSH,2025-06-06,04:20:33.718,04:20:32.8,16:42:46.4,-01:03:09.1,17:45:55.5,-39:07:13.1,2025.4,60832.180926,14.8,1.03,17:44:09.8,-39:06:39.9,348.2,object,OGLE-2024-BLG-0034,Direct CCD,,Izraelevitch,,HSH-2025A-05,STL-1001E,0.53,(3) V,(6) Free,= ' ',
OGLE-2024-BLG-0034v0022.fit,True,16,2,1024,1024,1.0,32768.0,"[1:1024,1:1024]",1 1,24.0,24.0,,2.2,15.0,-20.0,90.0,2025-06-06T01:23:49,CASLEO,HSH,2025-06-06,04:22:11.802,04:22:10.7,16:44:24.5,-01:01:31.1,17:45:55.7,-39:07:13.1,2025.4,60832.18206,14.5,1.03,17:44:10.0,-39:06:39.9,351.9,object,OGLE-2024-BLG-0034,Direct CCD,,Izraelevitch,,HSH-2025A-05,STL-1001E,0.53,(3) V,(6) Free,= ' ',
OGLE-2024-BLG-0034v0023.fit,True,16,2,1024,1024,1.0,32768.0,"[1:1024,1:1024]",1 1,24.0,24.0,,2.2,15.0,-20.0,90.0,2025-06-06T01:25:27,CASLEO,HSH,2025-06-06,04:23:49.841,04:23:49.0,16:46:03.1,-00:59:52.4,17:45:55.6,-39:07:13.1,2025.4,60832.183206,14.2,1.03,17:44:09.9,-39:06:39.9,355.4,object,OGLE-2024-BLG-0034,Direct CCD,,Izraelevitch,,HSH-2025A-05,STL-1001E,0.53,(3) V,(6) Free,= ' ',
OGLE-2024-BLG-0034v0024.fit,True,16,2,1024,1024,1.0,32768.0,"[1:1024,1:1024]",1 1,24.0,24.0,,2.2,15.0,-20.0,90.0,2025-06-06T01:27:05,CASLEO,HSH,2025-06-06,04:25:27.872,04:25:27.1,16:47:41.5,-00:58:14.2,17:45:55.7,-39:07:13.1,2025.4,60832.18434,13.9,1.03,17:44:10.0,-39:06:39.9,358.8,object,OGLE-2024-BLG-0034,Direct CCD,,Izraelevitch,,HSH-2025A-05,STL-1001E,0.53,(3) V,(6) Free,= ' ',
OGLE-2024-BLG-0034v0025.fit,True,16,2,1024,1024,1.0,32768.0,"[1:1024,1:1024]",1 1,24.0,24.0,,2.2,15.0,-20.0,90.0,2025-06-06T01:28:43,CASLEO,HSH,2025-06-06,04:27:05.893,04:27:05.1,16:49:19.8,-00:56:35.8,17:45:55.6,-39:07:13.1,2025.4,60832.185475,13.6,1.03,17:44:09.9,-39:06:39.9,2.3,object,OGLE-2024-BLG-0034,Direct CCD,,Izraelevitch,,HSH-2025A-05,STL-1001E,0.53,(3) V,(6) Free,= ' ',
OGLE-2024-BLG-0034v0026.fit,True,16,2,1024,1024,1.0,32768.0,"[1:1024,1:1024]",1 1,24.0,24.0,,2.2,15.0,-20.0,90.0,2025-06-06T01:30:21,CASLEO,HSH,2025-06-06,04:28:43.920,04:28:43.1,16:50:58.0,-00:54:57.6,17:45:55.5,-39:07:13.1,2025.4,60832.186609,13.3,1.03,17:44:09.8,-39:06:39.9,6.1,object,OGLE-2024-BLG-0034,Direct CCD,,Izraelevitch,,HSH-2025A-05,STL-1001E,0.53,(3) V,(6) Free,= ' ',
OGLE-2024-BLG-0034v0027.fit,True,16,2,1024,1024,1.0,32768.0,"[1:1024,1:1024]",1 1,24.0,24.0,,2.2,15.0,-20.0,90.0,2025-06-06T01:31:59,CASLEO,HSH,2025-06-06,04:30:21.948,04:30:21.2,16:52:36.4,-00:53:19.1,17:45:55.5,-39:07:13.1,2025.4,60832.187743,13.1,1.03,17:44:09.8,-39:06:39.9,9.7,object,OGLE-2024-BLG-0034,Direct CCD,,Izraelevitch,,HSH-2025A-05,STL-1001E,0.53,(3) V,(6) Free,= ' ',
OGLE-2024-BLG-0034v0028.fit,True,16,2,1024,1024,1.0,32768.0,"[1:1024,1:1024]",1 1,24.0,24.0,,2.2,15.0,-20.0,90.0,2025-06-06T01:33:37,CASLEO,HSH,2025-06-06,04:32:00.053,04:31:59.2,16:54:14.6,-00:51:40.6,17:45:55.3,-39:07:13.1,2025.4,60832.188877,12.8,1.03,17:44:09.6,-39:06:39.9,13.4,object,OGLE-2024-BLG-0034,Direct CCD,,Izraelevitch,,HSH-2025A-05,STL-1001E,0.53,(3) V,(6) Free,= ' ',
OGLE-2024-BLG-0034v0029.fit,True,16,2,1024,1024,1.0,32768.0,"[1:1024,1:1024]",1 1,24.0,24.0,,2.2,15.0,-20.0,90.0,2025-06-06T01:35:15,CASLEO,HSH,2025-06-06,04:33:38.133,04:33:37.2,16:55:53.0,-00:50:02.4,17:45:55.4,-39:07:13.1,2025.4,60832.190012,12.5,1.02,17:44:09.7,-39:06:39.9,16.9,object,OGLE-2024-BLG-0034,Direct CCD,,Izraelevitch,,HSH-2025A-05,STL-1001E,0.53,(3) V,(6) Free,= ' ',
OGLE-2024-BLG-0034v0030.fit,True,16,2,1024,1024,1.0,32768.0,"[1:1024,1:1024]",1 1,24.0,24.0,,2.2,15.0,-20.0,90.0,2025-06-06T01:36:53,CASLEO,HSH,2025-06-06,04:35:16.167,04:35:15.4,16:57:31.4,-00:48:24.0,17:45:55.4,-39:07:13.1,2025.4,60832.191146,12.3,1.02,17:44:09.6,-39:06:39.9,20.4,object,OGLE-2024-BLG-0034,Direct CCD,,Izraelevitch,,HSH-2025A-05,STL-1001E,0.53,(3) V,(6) Free,= ' ',
OGLE-2024-BLG-0034v0031.fit,True,16,2,1024,1024,1.0,32768.0,"[1:1024,1:1024]",1 1,24.0,24.0,,2.2,15.0,-20.0,90.0,2025-06-06T01:38:31,CASLEO,HSH,2025-06-06,04:36:54.195,04:36:53.4,16:59:09.6,-00:46:45.5,17:45:55.2,-39:07:13.1,2025.4,60832.19228,12.0,1.02,17:44:09.5,-39:06:39.9,23.7,object,OGLE-2024-BLG-0034,Direct CCD,,Izraelevitch,,HSH-2025A-05,STL-1001E,0.53,(3) V,(6) Free,= ' ',
OGLE-2024-BLG-0034v0032.fit,True,16,2,1024,1024,1.0,32768.0,"[1:1024,1:1024]",1 1,24.0,24.0,,2.2,15.0,-20.0,90.0,2025-06-06T01:40:09,CASLEO,HSH,2025-06-06,04:38:32.222,04:38:31.2,17:00:47.8,-00:45:07.5,17:45:55.3,-39:07:13.1,2025.4,60832.193414,11.7,1.02,17:44:09.6,-39:06:39.9,23.7,object,OGLE-2024-BLG-0034,Direct CCD,,Izraelevitch,,HSH-2025A-05,STL-1001E,0.53,(3) V,(6) Free,= ' ',
OGLE-2024-BLG-0034v0033.fit,True,16,2,1024,1024,1.0,32768.0,"[1:1024,1:1024]",1 1,24.0,24.0,,2.2,15.0,-20.0,90.0,2025-06-06T01:41:47,CASLEO,HSH,2025-06-06,04:40:10.256,04:40:10.5,17:02:26.3,-00:43:29.1,17:45:55.4,-39:07:13.1,2025.4,60832.19456,11.5,1.02,17:44:09.7,-39:06:39.9,23.7,object,OGLE-2024-BLG-0034,Direct CCD,,Izraelevitch,,HSH-2025A-05,STL-1001E,0.53,(3) V,(6) Free,= ' ',
OGLE-2024-BLG-0034v0034.fit,True,16,2,1024,1024,1.0,32768.0,"[1:1024,1:1024]",1 1,24.0,24.0,,2.2,15.0,-20.0,90.0,2025-06-06T01:43:25,CASLEO,HSH,2025-06-06,04:41:48.281,04:41:48.2,17:04:04.3,-00:41:50.9,17:45:55.1,-39:07:13.1,2025.4,60832.195694,11.2,1.02,17:44:09.4,-39:06:39.9,33.1,object,OGLE-2024-BLG-0034,Direct CCD,,Izraelevitch,,HSH-2025A-05,STL-1001E,0.53,(3) V,(6) Free,= ' ',
OGLE-2024-BLG-0034v0035.fit,True,16,2,1024,1024,1.0,32768.0,"[1:1024,1:1024]",1 1,24.0,24.0,,2.2,15.0,-20.0,90.0,2025-06-06T01:45:03,CASLEO,HSH,2025-06-06,04:43:26.317,04:43:26.5,17:05:42.8,-00:40:12.4,17:45:55.2,-39:07:13.1,2025.4,60832.196829,11.0,1.02,17:44:09.5,-39:06:39.9,33.1,object,OGLE-2024-BLG-0034,Direct CCD,,Izraelevitch,,HSH-2025A-05,STL-1001E,0.53,(3) V,(6) Free,= ' ',
OGLE-2024-BLG-0034v0036.fit,True,16,2,1024,1024,1.0,32768.0,"[1:1024,1:1024]",1 1,24.0,24.0,,2.2,15.0,-20.0,90.0,2025-06-06T01:46:41,CASLEO,HSH,2025-06-06,04:45:04.344,04:45:04.4,17:07:21.0,-00:38:34.2,17:45:55.2,-39:07:13.1,2025.4,60832.197963,10.7,1.02,17:44:09.5,-39:06:39.9,33.1,object,OGLE-2024-BLG-0034,Direct CCD,,Izraelevitch,,HSH-2025A-05,STL-1001E,0.53,(3) V,(6) Free,= ' ',
OGLE-2024-BLG-0034v0037.fit,True,16,2,1024,1024,1.0,32768.0,"[1:1024,1:1024]",1 1,24.0,24.0,,2.2,15.0,-20.0,90.0,2025-06-06T01:48:19,CASLEO,HSH,2025-06-06,04:46:42.377,04:46:42.4,17:08:59.3,-00:36:56.0,17:45:55.3,-39:07:13.1,2025.4,60832.199097,10.5,1.02,17:44:09.5,-39:06:39.9,33.1,object,OGLE-2024-BLG-0034,Direct CCD,,Izraelevitch,,HSH-2025A-05,STL-1001E,0.53,(3) V,(6) Free,= ' ',
OGLE-2024-BLG-0034v0038.fit,True,16,2,1024,1024,1.0,32768.0,"[1:1024,1:1024]",1 1,24.0,24.0,,2.2,15.0,-20.0,90.0,2025-06-06T01:49:57,CASLEO,HSH,2025-06-06,04:48:20.400,04:48:20.5,17:10:37.5,-00:35:17.3,17:45:54.9,-39:07:13.1,2025.4,60832.200231,10.2,1.02,17:44:09.1,-39:06:39.8,33.1,object,OGLE-2024-BLG-0034,Direct CCD,,Izraelevitch,,HSH-2025A-05,STL-1001E,0.53,(3) V,(6) Free,= ' ',
OGLE-2024-BLG-0034v0039.fit,True,16,2,1024,1024,1.0,32768.0,"[1:1024,1:1024]",1 1,24.0,24.0,,2.2,15.0,-20.0,90.0,2025-06-06T01:51:35,CASLEO,HSH,2025-06-06,04:49:58.430,04:49:58.5,17:12:15.8,-00:33:39.0,17:45:54.9,-39:07:13.1,2025.4,60832.201366,10.0,1.02,17:44:09.1,-39:06:39.8,33.1,object,OGLE-2024-BLG-0034,Direct CCD,,Izraelevitch,,HSH-2025A-05,STL-1001E,0.53,(3) V,(6) Free,= ' ',
bias0001.fit,True,16,2,1024,1024,1.0,32768.0,"[1:1024,1:1024]",1 1,24.0,24.0,,2.2,15.0,-20.0,0.0,2025-06-06T07:05:59,CASLEO,HSH,2025-06-06,10:05:52.809,10:06:13.0,22:29:02.1,-00:01:12.0,22:30:14.1,-31:47:13.3,2025.4,60832.420984,0.3,1.0,22:28:47.8,-31:55:03.7,341.7,zero,,Direct CCD,,Izraelevitch,,HSH-2025A-05,STL-1001E,0.53,(1) Free,(2) Blind,= ' ',
bias0002.fit,True,16,2,1024,1024,1.0,32768.0,"[1:1024,1:1024]",1 1,24.0,24.0,,2.2,15.0,-20.0,0.0,2025-06-06T07:06:07,CASLEO,HSH,2025-06-06,10:06:00.654,10:06:20.8,22:29:10.0,-00:01:12.0,22:30:22.0,-31:47:13.3,2025.4,60832.421065,0.3,1.0,22:28:55.7,-31:55:03.9,341.7,zero,,Direct CCD,,Izraelevitch,,HSH-2025A-05,STL-1001E,0.53,(1) Free,(2) Blind,= ' ',
bias0003.fit,True,16,2,1024,1024,1.0,32768.0,"[1:1024,1:1024]",1 1,24.0,24.0,,2.2,15.0,-20.0,0.0,2025-06-06T07:06:15,CASLEO,HSH,2025-06-06,10:06:08.460,10:06:28.5,22:29:17.6,-00:01:12.0,22:30:29.7,-31:47:13.3,2025.4,60832.421157,0.3,1.0,22:29:03.4,-31:55:04.0,341.7,zero,,Direct CCD,,Izraelevitch,,HSH-2025A-05,STL-1001E,0.53,(1) Free,(2) Blind,= ' ',
bias0004.fit,True,16,2,1024,1024,1.0,32768.0,"[1:1024,1:1024]",1 1,24.0,24.0,,2.2,15.0,-20.0,0.0,2025-06-06T07:06:23,CASLEO,HSH,2025-06-06,10:06:16.257,10:06:36.5,22:29:25.6,-00:01:12.0,22:30:37.7,-31:47:13.3,2025.4,60832.42125,0.3,1.0,22:29:11.5,-31:55:04.1,341.7,zero,,Direct CCD,,Izraelevitch,,HSH-2025A-05,STL-1001E,0.53,(1) Free,(2) Blind,= ' ',
bias0005.fit,True,16,2,1024,1024,1.0,32768.0,"[1:1024,1:1024]",1 1,24.0,24.0,,2.2,15.0,-20.0,0.0,2025-06-06T07:06:31,CASLEO,HSH,2025-06-06,10:06:24.059,10:06:44.3,22:29:33.6,-00:01:12.0,22:30:45.6,-31:47:13.3,2025.4,60832.421343,0.3,1.0,22:29:19.4,-31:55:04.2,341.7,zero,,Direct CCD,,Izraelevitch,,HSH-2025A-05,STL-1001E,0.53,(1) Free,(2) Blind,= ' ',
bias0006.fit,True,16,2,1024,1024,1.0,32768.0,"[1:1024,1:1024]",1 1,24.0,24.0,,2.2,15.0,-20.0,0.0,2025-06-06T07:06:38,CASLEO,HSH,2025-06-06,10:06:31.857,10:06:51.9,22:29:41.1,-00:01:12.0,22:30:53.1,-31:47:13.3,2025.4,60832.421424,0.3,1.0,22:29:26.9,-31:55:04.3,341.7,zero,,Direct CCD,,Izraelevitch,,HSH-2025A-05,STL-1001E,0.53,(1) Free,(2) Blind,= ' ',
bias0007.fit,True,16,2,1024,1024,1.0,32768.0,"[1:1024,1:1024]",1 1,24.0,24.0,,2.2,15.0,-20.0,0.0,2025-06-06T07:06:47,CASLEO,HSH,2025-06-06,10:06:39.887,10:07:00.0,22:29:49.3,-00:01:12.0,22:31:01.4,-31:47:13.3,2025.4,60832.421528,0.3,1.0,22:29:35.2,-31:55:04.4,341.7,zero,,Direct CCD,,Izraelevitch,,HSH-2025A-05,STL-1001E,0.53,(1) Free,(2) Blind,= ' ',
bias0008.fit,True,16,2,1024,1024,1.0,32768.0,"[1:1024,1:1024]",1 1,24.0,24.0,,2.2,15.0,-20.0,0.0,2025-06-06T07:06:54,CASLEO,HSH,2025-06-06,10:06:47.706,10:07:07.9,22:29:57.3,-00:01:12.0,22:31:09.3,-31:47:13.3,2025.4,60832.421609,0.3,1.0,22:29:43.1,-31:55:04.5,341.7,zero,,Direct CCD,,Izraelevitch,,HSH-2025A-05,STL-1001E,0.53,(1) Free,(2) Blind,= ' ',
bias0009.fit,True,16,2,1024,1024,1.0,32768.0,"[1:1024,1:1024]",1 1,24.0,24.0,,2.2,15.0,-20.0,0.0,2025-06-06T07:07:02,CASLEO,HSH,2025-06-06,10:06:55.508,10:07:15.5,22:30:04.8,-00:01:12.0,22:31:16.8,-31:47:13.3,2025.4,60832.421701,0.3,1.0,22:29:50.6,-31:55:04.6,341.7,zero,,Direct CCD,,Izraelevitch,,HSH-2025A-05,STL-1001E,0.53,(1) Free,(2) Blind,= ' ',
bias0010.fit,True,16,2,1024,1024,1.0,32768.0,"[1:1024,1:1024]",1 1,24.0,24.0,,2.2,15.0,-20.0,0.0,2025-06-06T07:07:10,CASLEO,HSH,2025-06-06,10:07:03.309,10:07:23.4,22:30:12.8,-00:01:12.0,22:31:24.8,-31:47:13.3,2025.4,60832.421794,0.3,1.0,22:29:58.6,-31:55:04.7,341.7,zero,,Direct CCD,,Izraelevitch,,HSH-2025A-05,STL-1001E,0.53,(1) Free,(2) Blind,= ' ',
bias0011.fit,True,16,2,1024,1024,1.0,32768.0,"[1:1024,1:1024]",1 1,24.0,24.0,,2.2,15.0,-20.0,0.0,2025-06-06T07:07:18,CASLEO,HSH,2025-06-06,10:07:11.104,10:07:31.1,22:30:20.6,-00:01:12.0,22:31:32.6,-31:47:13.3,2025.4,60832.421887,0.3,1.0,22:30:06.4,-31:55:04.9,341.7,zero,,Direct CCD,,Izraelevitch,,HSH-2025A-05,STL-1001E,0.53,(1) Free,(2) Blind,= ' ',
bias0012.fit,True,16,2,1024,1024,1.0,32768.0,"[1:1024,1:1024]",1 1,24.0,24.0,,2.2,15.0,-20.0,0.0,2025-06-06T07:07:26,CASLEO,HSH,2025-06-06,10:07:18.909,10:07:39.0,22:30:28.3,-00:01:12.0,22:31:40.3,-31:47:13.3,2025.4,60832.421979,0.3,1.0,22:30:14.1,-31:55:05.0,341.7,zero,,Direct CCD,,Izraelevitch,,HSH-2025A-05,STL-1001E,0.53,(1) Free,(2) Blind,= ' ',
bias0013.fit,True,16,2,1024,1024,1.0,32768.0,"[1:1024,1:1024]",1 1,24.0,24.0,,2.2,15.0,-20.0,0.0,2025-06-06T07:07:33,CASLEO,HSH,2025-06-06,10:07:26.708,10:07:46.9,22:30:36.3,-00:01:12.0,22:31:48.3,-31:47:13.3,2025.4,60832.42206,0.3,1.0,22:30:22.2,-31:55:05.1,341.7,zero,,Direct CCD,,Izraelevitch,,HSH-2025A-05,STL-1001E,0.53,(1) Free,(2) Blind,= ' ',
bias0014.fit,True,16,2,1024,1024,1.0,32768.0,"[1:1024,1:1024]",1 1,24.0,24.0,,2.2,15.0,-20.0,0.0,2025-06-06T07:07:41,CASLEO,HSH,2025-06-06,10:07:34.508,10:07:54.6,22:30:44.1,-00:01:12.0,22:31:56.2,-31:47:13.3,2025.4,60832.422153,0.3,1.0,22:30:30.1,-31:55:05.2,341.7,zero,,Direct CCD,,Izraelevitch,,HSH-2025A-05,STL-1001E,0.53,(1) Free,(2) Blind,= ' ',
bias0015.fit,True,16,2,1024,1024,1.0,32768.0,"[1:1024,1:1024]",1 1,24.0,24.0,,2.2,15.0,-20.0,0.0,2025-06-06T07:07:49,CASLEO,HSH,2025-06-06,10:07:42.303,10:08:02.5,22:30:51.8,-00:01:12.0,22:32:03.8,-31:47:13.3,2025.4,60832.422245,0.3,1.0,22:30:37.7,-31:55:05.3,341.7,zero,,Direct CCD,,Izraelevitch,,HSH-2025A-05,STL-1001E,0.53,(1) Free,(2) Blind,= ' ',
bias0016.fit,True,16,2,1024,1024,1.0,32768.0,"[1:1024,1:1024]",1 1,24.0,24.0,,2.2,15.0,-20.0,0.0,2025-06-06T07:07:57,CASLEO,HSH,2025-06-06,10:07:50.112,10:08:10.3,22:30:59.8,-00:01:12.0,22:32:11.8,-31:47:13.3,2025.4,60832.422338,0.3,1.0,22:30:45.7,-31:55:05.4,341.7,zero,,Direct CCD,,Izraelevitch,,HSH-2025A-05,STL-1001E,0.53,(1) Free,(2) Blind,= ' ',
bias0017.fit,True,16,2,1024,1024,1.0,32768.0,"[1:1024,1:1024]",1 1,24.0,24.0,,2.2,15.0,-20.0,0.0,2025-06-06T07:08:05,CASLEO,HSH,2025-06-06,10:07:57.906,10:08:18.0,22:31:07.6,-00:01:12.0,22:32:19.7,-31:47:13.3,2025.4,60832.422431,0.3,1.0,22:30:53.6,-31:55:05.5,341.7,zero,,Direct CCD,,Izraelevitch,,HSH-2025A-05,STL-1001E,0.53,(1) Free,(2) Blind,= ' ',
bias0018.fit,True,16,2,1024,1024,1.0,32768.0,"[1:1024,1:1024]",1 1,24.0,24.0,,2.2,15.0,-20.0,0.0,2025-06-06T07:08:12,CASLEO,HSH,2025-06-06,10:08:05.702,10:08:25.9,22:31:15.3,-00:01:12.0,22:32:27.4,-31:47:13.3,2025.4,60832.422512,0.3,1.0,22:31:01.3,-31:55:05.6,341.7,zero,,Direct CCD,,Izraelevitch,,HSH-2025A-05,STL-1001E,0.53,(1) Free,(2) Blind,= ' ',
bias0019.fit,True,16,2,1024,1024,1.0,32768.0,"[1:1024,1:1024]",1 1,24.0,24.0,,2.2,15.0,-20.0,0.0,2025-06-06T07:08:20,CASLEO,HSH,2025-06-06,10:08:13.509,10:08:33.5,22:31:23.1,-00:01:12.0,22:32:35.2,-31:47:13.3,2025.4,60832.422604,0.3,1.0,22:31:09.1,-31:55:05.7,341.7,zero,,Direct CCD,,Izraelevitch,,HSH-2025A-05,STL-1001E,0.53,(1) Free,(2) Blind,= ' ',
bias0020.fit,True,16,2,1024,1024,1.0,32768.0,"[1:1024,1:1024]",1 1,24.0,24.0,,2.2,15.0,-20.0,0.0,2025-06-06T07:08:28,CASLEO,HSH,2025-06-06,10:08:21.304,10:08:41.5,22:31:30.8,-00:01:12.0,22:32:42.8,-31:47:13.3,2025.4,60832.422697,0.3,1.0,22:31:16.7,-31:55:05.8,341.7,zero,,Direct CCD,,Izraelevitch,,HSH-2025A-05,STL-1001E,0.53,(1) Free,(2) Blind,= ' ',
dark0001.fit,True,16,2,1024,1024,1.0,32768.0,"[1:1024,1:1024]",1 1,24.0,24.0,,2.2,15.0,-20.0,90.0,2025-06-06T07:10:33,CASLEO,HSH,2025-06-06,10:08:56.551,10:09:15.0,22:32:04.8,-00:01:12.0,22:33:16.8,-31:47:13.3,2025.4,60832.42309,0.3,1.0,22:31:50.8,-31:55:06.3,341.7,dark,,Direct CCD,,Izraelevitch,,HSH-2025A-05,STL-1001E,0.53,(1) Free,(2) Blind,= ' ',
dark0002.fit,True,16,2,1024,1024,1.0,32768.0,"[1:1024,1:1024]",1 1,24.0,24.0,,2.2,15.0,-20.0,90.0,2025-06-06T07:12:11,CASLEO,HSH,2025-06-06,10:10:34.591,10:10:33.8,22:33:44.6,-00:01:12.0,22:34:56.7,-31:47:13.3,2025.4,60832.423993,0.3,1.0,22:33:30.8,-31:55:07.7,341.7,dark,,Direct CCD,,Izraelevitch,,HSH-2025A-05,STL-1001E,0.53,(1) Free,(2) Blind,= ' ',
dark0003.fit,True,16,2,1024,1024,1.0,32768.0,"[1:1024,1:1024]",1 1,24.0,24.0,,2.2,15.0,-20.0,90.0,2025-06-06T07:13:50,CASLEO,HSH,2025-06-06,10:12:12.625,10:12:11.9,22:35:23.1,-00:01:12.0,22:36:35.1,-31:47:13.3,2025.4,60832.425127,0.3,1.0,22:35:09.4,-31:55:09.0,341.7,dark,,Direct CCD,,Izraelevitch,,HSH-2025A-05,STL-1001E,0.53,(1) Free,(2) Blind,= ' ',
dark0004.fit,True,16,2,1024,1024,1.0,32768.0,"[1:1024,1:1024]",1 1,24.0,24.0,,2.2,15.0,-20.0,90.0,2025-06-06T07:15:28,CASLEO,HSH,2025-06-06,10:13:50.712,10:13:49.9,22:37:01.3,-00:01:12.0,22:38:13.3,-31:47:13.3,2025.4,60832.426262,0.3,1.0,22:36:47.7,-31:55:10.3,341.7,dark,,Direct CCD,,Izraelevitch,,HSH-2025A-05,STL-1001E,0.53,(1) Free,(2) Blind,= ' ',
dark0005.fit,True,16,2,1024,1024,1.0,32768.0,"[1:1024,1:1024]",1 1,24.0,24.0,,2.2,15.0,-20.0,90.0,2025-06-06T07:17:06,CASLEO,HSH,2025-06-06,10:15:28.741,10:15:27.8,22:38:39.5,-00:01:12.0,22:39:51.5,-31:47:13.3,2025.4,60832.427396,0.3,1.0,22:38:26.0,-31:55:11.6,341.7,dark,,Direct CCD,,Izraelevitch,,HSH-2025A-05,STL-1001E,0.53,(1) Free,(2) Blind,= ' ',
dark0006.fit,True,16,2,1024,1024,1.0,32768.0,"[1:1024,1:1024]",1 1,24.0,24.0,,2.2,15.0,-20.0,90.0,2025-06-06T07:18:44,CASLEO,HSH,2025-06-06,10:17:06.962,10:17:06.0,22:40:18.1,-00:01:12.0,22:41:30.1,-31:47:13.3,2025.4,60832.428542,0.3,1.0,22:40:04.8,-31:55:12.8,341.7,dark,,Direct CCD,,Izraelevitch,,HSH-2025A-05,STL-1001E,0.53,(1) Free,(2) Blind,= ' ',
dark0007.fit,True,16,2,1024,1024,1.0,32768.0,"[1:1024,1:1024]",1 1,24.0,24.0,,2.2,15.0,-20.0,90.0,2025-06-06T07:20:22,CASLEO,HSH,2025-06-06,10:18:44.988,10:18:44.0,22:41:56.3,-00:01:12.0,22:43:08.4,-31:47:13.3,2025.4,60832.429676,0.3,1.0,22:41:43.2,-31:55:14.0,341.7,dark,,Direct CCD,,Izraelevitch,,HSH-2025A-05,STL-1001E,0.53,(1) Free,(2) Blind,= ' ',
dark0008.fit,True,16,2,1024,1024,1.0,32768.0,"[1:1024,1:1024]",1 1,24.0,24.0,,2.2,15.0,-20.0,90.0,2025-06-06T07:22:00,CASLEO,HSH,2025-06-06,10:20:23.083,10:20:23.4,22:43:34.8,-00:01:12.0,22:44:46.9,-31:47:13.3,2025.4,60832.430822,0.3,1.0,22:43:21.9,-31:55:15.2,341.7,dark,,Direct CCD,,Izraelevitch,,HSH-2025A-05,STL-1001E,0.53,(1) Free,(2) Blind,= ' ',
dark0009.fit,True,16,2,1024,1024,1.0,32768.0,"[1:1024,1:1024]",1 1,24.0,24.0,,2.2,15.0,-20.0,90.0,2025-06-06T07:23:38,CASLEO,HSH,2025-06-06,10:22:01.108,10:22:01.3,22:45:13.1,-00:01:12.0,22:46:25.2,-31:47:13.3,2025.4,60832.431956,0.3,1.0,22:45:00.3,-31:55:16.4,341.7,dark,,Direct CCD,,Izraelevitch,,HSH-2025A-05,STL-1001E,0.53,(1) Free,(2) Blind,= ' ',
dark0010.fit,True,16,2,1024,1024,1.0,32768.0,"[1:1024,1:1024]",1 1,24.0,24.0,,2.2,15.0,-20.0,90.0,2025-06-06T07:25:16,CASLEO,HSH,2025-06-06,10:23:39.141,10:23:39.4,22:46:51.5,-00:01:12.0,22:48:03.5,-31:47:13.3,2025.4,60832.43309,0.3,1.0,22:46:38.8,-31:55:17.6,341.7,dark,,Direct CCD,,Izraelevitch,,HSH-2025A-05,STL-1001E,0.53,(1) Free,(2) Blind,= ' ',
dark0011.fit,True,16,2,1024,1024,1.0,32768.0,"[1:1024,1:1024]",1 1,24.0,24.0,,2.2,15.0,-20.0,90.0,2025-06-06T07:26:54,CASLEO,HSH,2025-06-06,10:25:17.238,10:25:17.1,22:48:29.6,-00:01:12.0,22:49:41.6,-31:47:13.3,2025.4,60832.434225,0.3,1.0,22:48:17.0,-31:55:18.7,341.7,dark,,Direct CCD,,Izraelevitch,,HSH-2025A-05,STL-1001E,0.53,(1) Free,(2) Blind,= ' ',
dark0012.fit,True,16,2,1024,1024,1.0,32768.0,"[1:1024,1:1024]",1 1,24.0,24.0,,2.2,15.0,-20.0,90.0,2025-06-06T07:28:32,CASLEO,HSH,2025-06-06,10:26:55.263,10:26:55.4,22:50:08.1,-00:01:12.0,22:51:20.1,-31:47:13.3,2025.4,60832.435359,0.3,1.0,22:49:55.6,-31:55:19.8,341.7,dark,,Direct CCD,,Izraelevitch,,HSH-2025A-05,STL-1001E,0.53,(1) Free,(2) Blind,= ' ',
dark0013.fit,True,16,2,1024,1024,1.0,32768.0,"[1:1024,1:1024]",1 1,24.0,24.0,,2.2,15.0,-20.0,90.0,2025-06-06T07:30:10,CASLEO,HSH,2025-06-06,10:28:33.296,10:28:33.4,22:51:46.3,-00:01:12.0,22:52:58.3,-31:47:13.3,2025.4,60832.436493,0.3,1.0,22:51:34.0,-31:55:20.9,341.7,dark,,Direct CCD,,Izraelevitch,,HSH-2025A-05,STL-1001E,0.53,(1) Free,(2) Blind,= ' ',
dark0014.fit,True,16,2,1024,1024,1.0,32768.0,"[1:1024,1:1024]",1 1,24.0,24.0,,2.2,15.0,-20.0,90.0,2025-06-06T07:31:48,CASLEO,HSH,2025-06-06,10:30:11.389,10:30:10.5,22:53:24.6,-00:01:12.0,22:54:36.7,-31:47:13.3,2025.4,60832.437616,0.3,1.0,22:53:12.5,-31:55:21.9,341.7,dark,,Direct CCD,,Izraelevitch,,HSH-2025A-05,STL-1001E,0.53,(1) Free,(2) Blind,= ' ',
dark0015.fit,True,16,2,1024,1024,1.0,32768.0,"[1:1024,1:1024]",1 1,24.0,24.0,,2.2,15.0,-20.0,90.0,2025-06-06T07:33:26,CASLEO,HSH,2025-06-06,10:31:49.476,10:31:48.5,22:55:03.1,-00:01:12.0,22:56:15.1,-31:47:13.3,2025.4,60832.43875,0.3,1.0,22:54:51.1,-31:55:22.9,341.7,dark,,Direct CCD,,Izraelevitch,,HSH-2025A-05,STL-1001E,0.53,(1) Free,(2) Blind,= ' ',
dark0016.fit,True,16,2,1024,1024,1.0,32768.0,"[1:1024,1:1024]",1 1,24.0,24.0,,2.2,15.0,-20.0,90.0,2025-06-06T07:35:05,CASLEO,HSH,2025-06-06,10:33:27.571,10:33:26.6,22:56:41.5,-00:01:12.0,22:57:53.5,-31:47:13.3,2025.4,60832.439884,0.3,1.0,22:56:29.6,-31:55:23.9,341.7,dark,,Direct CCD,,Izraelevitch,,HSH-2025A-05,STL-1001E,0.53,(1) Free,(2) Blind,= ' ',
dark0017.fit,True,16,2,1024,1024,1.0,32768.0,"[1:1024,1:1024]",1 1,24.0,24.0,,2.2,15.0,-20.0,90.0,2025-06-06T07:36:43,CASLEO,HSH,2025-06-06,10:35:05.942,10:35:04.9,22:58:19.8,-00:01:12.0,22:59:31.8,-31:47:13.3,2025.4,60832.441019,0.3,1.0,22:58:08.1,-31:55:24.9,341.7,dark,,Direct CCD,,Izraelevitch,,HSH-2025A-05,STL-1001E,0.53,(1) Free,(2) Blind,= ' ',
dark0018.fit,True,16,2,1024,1024,1.0,32768.0,"[1:1024,1:1024]",1 1,24.0,24.0,,2.2,15.0,-20.0,90.0,2025-06-06T07:38:21,CASLEO,HSH,2025-06-06,10:36:44.027,10:36:43.0,22:59:58.3,-00:01:12.0,23:01:10.4,-31:47:13.3,2025.4,60832.442164,0.3,1.0,22:59:46.8,-31:55:25.9,341.7,dark,,Direct CCD,,Izraelevitch,,HSH-2025A-05,STL-1001E,0.53,(1) Free,(2) Blind,= ' ',
dark0019.fit,True,16,2,1024,1024,1.0,32768.0,"[1:1024,1:1024]",1 1,24.0,24.0,,2.2,15.0,-20.0,90.0,2025-06-06T07:39:59,CASLEO,HSH,2025-06-06,10:38:22.059,10:38:21.0,23:01:36.6,-00:01:12.0,23:02:48.6,-31:47:13.3,2025.4,60832.443299,0.3,1.0,23:01:25.2,-31:55:26.8,341.7,dark,,Direct CCD,,Izraelevitch,,HSH-2025A-05,STL-1001E,0.53,(1) Free,(2) Blind,= ' ',
dark0020.fit,True,16,2,1024,1024,1.0,32768.0,"[1:1024,1:1024]",1 1,24.0,24.0,,2.2,15.0,-20.0,90.0,2025-06-06T07:41:37,CASLEO,HSH,2025-06-06,10:40:00.096,10:39:59.0,23:03:14.8,-00:01:12.0,23:04:26.8,-31:47:13.3,2025.4,60832.444433,0.3,1.0,23:03:03.5,-31:55:27.7,341.7,dark,,Direct CCD,,Izraelevitch,,HSH-2025A-05,STL-1001E,0.53,(1) Free,(2) Blind,= ' ',
flati0001.fit,True,16,2,1024,1024,1.0,32768.0,"[1:1024,1:1024]",1 1,24.0,24.0,,2.2,15.0,-20.0,1.0,2025-06-05T18:57:39,CASLEO,HSH,2025-06-05,21:57:32.077,21:57:31.6,10:18:41.5,-00:35:44.6,10:54:26.1,-31:47:20.5,2025.4,60831.914942,7.6,1.01,10:53:14.0,-31:39:12.0,123.8,flat,,Direct CCD,,Nowogrodzki,,HSH-2025A-05,STL-1001E,0.53,(5) I,(6) Free,= ' ',
flati0002.fit,True,16,2,1024,1024,1.0,32768.0,"[1:1024,1:1024]",1 1,24.0,24.0,,2.2,15.0,-20.0,1.0,2025-06-05T18:57:48,CASLEO,HSH,2025-06-05,21:57:40.634,21:57:40.3,10:18:50.3,-00:35:44.6,10:54:34.9,-31:47:20.5,2025.4,60831.915046,7.6,1.01,10:53:22.8,-31:39:11.9,123.8,flat,,Direct CCD,,Nowogrodzki,,HSH-2025A-05,STL-1001E,0.53,(5) I,(6) Free,= ' ',
flati0003.fit,True,16,2,1024,1024,1.0,32768.0,"[1:1024,1:1024]",1 1,24.0,24.0,,2.2,15.0,-20.0,1.5,2025-06-05T18:58:10,CASLEO,HSH,2025-06-05,21:58:02.344,21:58:01.8,10:19:11.8,-00:35:44.6,10:54:56.4,-31:47:20.5,2025.4,60831.915289,7.6,1.01,10:53:44.2,-31:39:11.7,123.8,flat,,Direct CCD,,Nowogrodzki,,HSH-2025A-05,STL-1001E,0.53,(5) I,(6) Free,= ' ',
flati0004.fit,True,16,2,1024,1024,1.0,32768.0,"[1:1024,1:1024]",1 1,24.0,24.0,,2.2,15.0,-20.0,1.5,2025-06-05T18:58:20,CASLEO,HSH,2025-06-05,21:58:11.429,21:58:11.1,10:19:21.0,-00:35:44.6,10:55:05.7,-31:47:20.5,2025.4,60831.915405,7.6,1.01,10:53:53.5,-31:39:11.6,123.8,flat,,Direct CCD,,Nowogrodzki,,HSH-2025A-05,STL-1001E,0.53,(5) I,(6) Free,= ' ',
flati0005.fit,True,16,2,1024,1024,1.0,32768.0,"[1:1024,1:1024]",1 1,24.0,24.0,,2.2,15.0,-20.0,2.0,2025-06-05T18:58:43,CASLEO,HSH,2025-06-05,21:58:34.476,21:58:34.1,10:19:44.0,-00:35:44.6,10:55:28.7,-31:47:20.5,2025.4,60831.915671,7.6,1.01,10:54:16.5,-31:39:11.3,123.8,flat,,Direct CCD,,Nowogrodzki,,HSH-2025A-05,STL-1001E,0.53,(5) I,(6) Free,= ' ',
flati0006.fit,True,16,2,1024,1024,1.0,32768.0,"[1:1024,1:1024]",1 1,24.0,24.0,,2.2,15.0,-20.0,2.0,2025-06-05T18:58:53,CASLEO,HSH,2025-06-05,21:58:44.018,21:58:43.8,10:19:53.9,-00:35:44.6,10:55:38.5,-31:47:20.5,2025.4,60831.915775,7.6,1.01,10:54:26.3,-31:39:11.2,123.8,flat,,Direct CCD,,Nowogrodzki,,HSH-2025A-05,STL-1001E,0.53,(5) I,(6) Free,= ' ',
flati0007.fit,True,16,2,1024,1024,1.0,32768.0,"[1:1024,1:1024]",1 1,24.0,24.0,,2.2,15.0,-20.0,2.0,2025-06-05T18:59:02,CASLEO,HSH,2025-06-05,21:58:53.818,21:58:53.3,10:20:03.5,-00:35:44.6,10:55:48.1,-31:47:20.5,2025.4,60831.915891,7.6,1.01,10:54:35.9,-31:39:11.1,123.8,flat,,Direct CCD,,Nowogrodzki,,HSH-2025A-05,STL-1001E,0.53,(5) I,(6) Free,= ' ',
flati0008.fit,True,16,2,1024,1024,1.0,32768.0,"[1:1024,1:1024]",1 1,24.0,24.0,,2.2,15.0,-20.0,3.0,2025-06-05T18:59:38,CASLEO,HSH,2025-06-05,21:59:28.589,21:59:28.3,10:20:38.5,-00:35:44.6,10:56:23.1,-31:47:20.5,2025.4,60831.916296,7.6,1.01,10:55:10.8,-31:39:10.8,123.8,flat,,Direct CCD,,Nowogrodzki,,HSH-2025A-05,STL-1001E,0.53,(5) I,(6) Free,= ' ',
flati0009.fit,True,16,2,1024,1024,1.0,32768.0,"[1:1024,1:1024]",1 1,24.0,24.0,,2.2,15.0,-20.0,3.0,2025-06-05T18:59:49,CASLEO,HSH,2025-06-05,21:59:39.370,21:59:39.1,10:20:49.4,-00:35:44.6,10:56:34.0,-31:47:20.5,2025.4,60831.916424,7.6,1.01,10:55:21.7,-31:39:10.7,123.8,flat,,Direct CCD,,Nowogrodzki,,HSH-2025A-05,STL-1001E,0.53,(5) I,(6) Free,= ' ',
flati0010.fit,True,16,2,1024,1024,1.0,32768.0,"[1:1024,1:1024]",1 1,24.0,24.0,,2.2,15.0,-20.0,3.0,2025-06-05T19:00:00,CASLEO,HSH,2025-06-05,21:59:50.351,21:59:50.1,10:21:00.3,-00:35:44.6,10:56:44.9,-31:47:20.5,2025.4,60831.916551,7.6,1.01,10:55:32.6,-31:39:10.6,123.8,flat,,Direct CCD,,Nowogrodzki,,HSH-2025A-05,STL-1001E,0.53,(5) I,(6) Free,= ' ',
flati0011.fit,True,16,2,1024,1024,1.0,32768.0,"[1:1024,1:1024]",1 1,24.0,24.0,,2.2,15.0,-20.0,3.0,2025-06-05T19:00:11,CASLEO,HSH,2025-06-05,22:00:01.393,22:00:00.0,10:21:11.0,-00:35:44.6,10:56:55.7,-31:47:20.5,2025.4,60831.916667,7.6,1.01,10:55:43.4,-31:39:10.5,123.8,flat,,Direct CCD,,Nowogrodzki,,HSH-2025A-05,STL-1001E,0.53,(5) I,(6) Free,= ' ',
flati0012.fit,True,16,2,1024,1024,1.0,32768.0,"[1:1024,1:1024]",1 1,24.0,24.0,,2.2,15.0,-20.0,3.0,2025-06-05T19:00:22,CASLEO,HSH,2025-06-05,22:00:12.451,22:00:11.1,10:21:22.5,-00:35:44.6,10:57:07.1,-31:47:20.5,2025.4,60831.916794,7.6,1.01,10:55:54.7,-31:39:10.3,123.8,flat,,Direct CCD,,Nowogrodzki,,HSH-2025A-05,STL-1001E,0.53,(5) I,(6) Free,= ' ',
flati0013.fit,True,16,2,1024,1024,1.0,32768.0,"[1:1024,1:1024]",1 1,24.0,24.0,,2.2,15.0,-20.0,3.0,2025-06-05T19:00:33,CASLEO,HSH,2025-06-05,22:00:23.482,22:00:22.1,10:21:33.5,-00:35:44.6,10:57:18.1,-31:47:20.5,2025.4,60831.916921,7.6,1.01,10:56:05.7,-31:39:10.2,123.8,flat,,Direct CCD,,Nowogrodzki,,HSH-2025A-05,STL-1001E,0.53,(5) I,(6) Free,= ' ',
flati0014.fit,True,16,2,1024,1024,1.0,32768.0,"[1:1024,1:1024]",1 1,24.0,24.0,,2.2,15.0,-20.0,3.0,2025-06-05T19:00:44,CASLEO,HSH,2025-06-05,22:00:34.534,22:00:33.1,10:21:44.4,-00:35:44.6,10:57:29.0,-31:47:20.5,2025.4,60831.917049,7.6,1.01,10:56:16.6,-31:39:10.1,123.8,flat,,Direct CCD,,Nowogrodzki,,HSH-2025A-05,STL-1001E,0.53,(5) I,(6) Free,= ' ',
flatsi0001.fit,True,16,2,1024,1024,1.0,32768.0,"[1:1024,1:1024]",1 1,24.0,24.0,,2.2,15.0,-20.0,10.0,2025-06-06T08:10:43,CASLEO,HSH,2025-06-06,11:10:26.036,11:10:26.0,23:33:45.8,+00:52:44.8,22:41:00.9,-31:47:13.3,2025.4,60832.465579,11.2,1.02,22:39:35.6,-31:55:12.4,77.9,flat,,Direct CCD,,Izraelevitch,,HSH-2025A-05,STL-1001E,0.53,(5) I,(6) Free,= ' ',
flatsi0002.fit,True,16,2,1024,1024,1.0,32768.0,"[1:1024,1:1024]",1 1,24.0,24.0,,2.2,15.0,-20.0,10.0,2025-06-06T08:11:01,CASLEO,HSH,2025-06-06,11:10:44.069,11:10:44.0,23:34:03.8,+00:52:44.8,22:41:18.9,-31:47:13.3,2025.4,60832.465787,11.2,1.02,22:39:53.6,-31:55:12.7,77.9,flat,,Direct CCD,,Izraelevitch,,HSH-2025A-05,STL-1001E,0.53,(5) I,(6) Free,= ' ',
flatsi0003.fit,True,16,2,1024,1024,1.0,32768.0,"[1:1024,1:1024]",1 1,24.0,24.0,,2.2,15.0,-20.0,10.0,2025-06-06T08:11:19,CASLEO,HSH,2025-06-06,11:11:02.164,11:11:02.0,23:34:22.0,+00:52:44.8,22:41:37.1,-31:47:13.3,2025.4,60832.465995,11.2,1.02,22:40:11.9,-31:55:12.9,77.9,flat,,Direct CCD,,Izraelevitch,,HSH-2025A-05,STL-1001E,0.53,(5) I,(6) Free,= ' ',
flatsi0004.fit,True,16,2,1024,1024,1.0,32768.0,"[1:1024,1:1024]",1 1,24.0,24.0,,2.2,15.0,-20.0,10.0,2025-06-06T08:11:37,CASLEO,HSH,2025-06-06,11:11:20.199,11:11:20.3,23:34:40.1,+00:52:44.8,22:41:55.3,-31:47:13.3,2025.4,60832.466204,11.2,1.02,22:40:30.1,-31:55:13.1,77.9,flat,,Direct CCD,,Izraelevitch,,HSH-2025A-05,STL-1001E,0.53,(5) I,(6) Free,= ' ',
flatsi0005.fit,True,16,2,1024,1024,1.0,32768.0,"[1:1024,1:1024]",1 1,24.0,24.0,,2.2,15.0,-20.0,10.0,2025-06-06T08:11:55,CASLEO,HSH,2025-06-06,11:11:38.234,11:11:38.3,23:34:58.1,+00:52:44.8,22:42:13.3,-31:47:13.3,2025.4,60832.466412,11.2,1.02,22:40:48.1,-31:55:13.4,77.9,flat,,Direct CCD,,Izraelevitch,,HSH-2025A-05,STL-1001E,0.53,(5) I,(6) Free,= ' ',
flatsi0006.fit,True,16,2,1024,1024,1.0,32768.0,"[1:1024,1:1024]",1 1,24.0,24.0,,2.2,15.0,-20.0,10.0,2025-06-06T08:12:13,CASLEO,HSH,2025-06-06,11:11:56.326,11:11:56.4,23:35:16.3,+00:52:44.8,22:42:31.5,-31:47:13.3,2025.4,60832.46662,11.2,1.02,22:41:06.3,-31:55:13.6,77.9,flat,,Direct CCD,,Izraelevitch,,HSH-2025A-05,STL-1001E,0.53,(5) I,(6) Free,= ' ',
flatsi0007.fit,True,16,2,1024,1024,1.0,32768.0,"[1:1024,1:1024]",1 1,24.0,24.0,,2.2,15.0,-20.0,10.0,2025-06-06T08:12:31,CASLEO,HSH,2025-06-06,11:12:14.421,11:12:14.4,23:35:34.3,+00:52:44.8,22:42:49.5,-31:47:13.3,2025.4,60832.466829,11.2,1.02,22:41:24.4,-31:55:13.8,77.9,flat,,Direct CCD,,Izraelevitch,,HSH-2025A-05,STL-1001E,0.53,(5) I,(6) Free,= ' ',
flatsi0008.fit,True,16,2,1024,1024,1.0,32768.0,"[1:1024,1:1024]",1 1,24.0,24.0,,2.2,15.0,-20.0,5.0,2025-06-06T08:14:08,CASLEO,HSH,2025-06-06,11:13:56.073,11:13:56.1,23:37:16.3,+00:52:44.8,22:44:31.5,-31:47:13.3,2025.4,60832.468009,11.2,1.02,22:43:06.5,-31:55:15.0,77.9,flat,,Direct CCD,,Izraelevitch,,HSH-2025A-05,STL-1001E,0.53,(5) I,(6) Free,= ' ',
flatsi0009.fit,True,16,2,1024,1024,1.0,32768.0,"[1:1024,1:1024]",1 1,24.0,24.0,,2.2,15.0,-20.0,5.0,2025-06-06T08:14:21,CASLEO,HSH,2025-06-06,11:14:09.111,11:14:09.1,23:37:29.5,+00:52:44.8,22:44:44.6,-31:47:13.3,2025.4,60832.46816,11.2,1.02,22:43:19.6,-31:55:15.2,77.9,flat,,Direct CCD,,Izraelevitch,,HSH-2025A-05,STL-1001E,0.53,(5) I,(6) Free,= ' ',
flatsi0010.fit,True,16,2,1024,1024,1.0,32768.0,"[1:1024,1:1024]",1 1,24.0,24.0,,2.2,15.0,-20.0,5.0,2025-06-06T08:14:34,CASLEO,HSH,2025-06-06,11:14:22.157,11:14:22.3,23:37:42.6,+00:52:44.8,22:44:57.8,-31:47:13.3,2025.4,60832.46831,11.2,1.02,22:43:32.8,-31:55:15.4,77.9,flat,,Direct CCD,,Izraelevitch,,HSH-2025A-05,STL-1001E,0.53,(5) I,(6) Free,= ' ',
flatsi0011.fit,True,16,2,1024,1024,1.0,32768.0,"[1:1024,1:1024]",1 1,24.0,24.0,,2.2,15.0,-20.0,5.0,2025-06-06T08:14:47,CASLEO,HSH,2025-06-06,11:14:35.197,11:14:35.3,23:37:55.6,+00:52:44.8,22:45:10.8,-31:47:13.3,2025.4,60832.468461,11.2,1.02,22:43:45.9,-31:55:15.5,77.9,flat,,Direct CCD,,Izraelevitch,,HSH-2025A-05,STL-1001E,0.53,(5) I,(6) Free,= ' ',
flatsi0012.fit,True,16,2,1024,1024,1.0,32768.0,"[1:1024,1:1024]",1 1,24.0,24.0,,2.2,15.0,-20.0,5.0,2025-06-06T08:15:00,CASLEO,HSH,2025-06-06,11:14:48.236,11:14:48.3,23:38:08.6,+00:52:44.8,22:45:23.8,-31:47:13.3,2025.4,60832.468611,11.2,1.02,22:43:58.9,-31:55:15.7,77.9,flat,,Direct CCD,,Izraelevitch,,HSH-2025A-05,STL-1001E,0.53,(5) I,(6) Free,= ' ',
flatsi0013.fit,True,16,2,1024,1024,1.0,32768.0,"[1:1024,1:1024]",1 1,24.0,24.0,,2.2,15.0,-20.0,5.0,2025-06-06T08:15:13,CASLEO,HSH,2025-06-06,11:15:01.282,11:15:01.5,23:38:21.8,+00:52:44.8,22:45:36.9,-31:47:13.3,2025.4,60832.468762,11.2,1.02,22:44:12.0,-31:55:15.8,77.9,flat,,Direct CCD,,Izraelevitch,,HSH-2025A-05,STL-1001E,0.53,(5) I,(6) Free,= ' ',
flatsi0014.fit,True,16,2,1024,1024,1.0,32768.0,"[1:1024,1:1024]",1 1,24.0,24.0,,2.2,15.0,-20.0,5.0,2025-06-06T08:15:26,CASLEO,HSH,2025-06-06,11:15:14.320,11:15:14.3,23:38:34.8,+00:52:44.8,22:45:49.9,-31:47:13.3,2025.4,60832.468912,11.2,1.02,22:44:25.0,-31:55:16.0,77.9,flat,,Direct CCD,,Izraelevitch,,HSH-2025A-05,STL-1001E,0.53,(5) I,(6) Free,= ' ',
flatsi0015.fit,True,16,2,1024,1024,1.0,32768.0,"[1:1024,1:1024]",1 1,24.0,24.0,,2.2,15.0,-20.0,3.0,2025-06-06T08:16:31,CASLEO,HSH,2025-06-06,11:16:21.777,11:16:21.6,23:39:42.5,+00:52:44.8,22:46:57.6,-31:47:13.3,2025.4,60832.469688,11.2,1.02,22:45:32.8,-31:55:16.8,77.9,flat,,Direct CCD,,Izraelevitch,,HSH-2025A-05,STL-1001E,0.53,(5) I,(6) Free,= ' ',
flatsi0016.fit,True,16,2,1024,1024,1.0,32768.0,"[1:1024,1:1024]",1 1,24.0,24.0,,2.2,15.0,-20.0,3.0,2025-06-06T08:16:42,CASLEO,HSH,2025-06-06,11:16:32.573,11:16:32.5,23:39:53.3,+00:52:44.8,22:47:08.4,-31:47:13.3,2025.4,60832.469815,11.2,1.02,22:45:43.6,-31:55:16.9,77.9,flat,,Direct CCD,,Izraelevitch,,HSH-2025A-05,STL-1001E,0.53,(5) I,(6) Free,= ' ',
flatsi0017.fit,True,16,2,1024,1024,1.0,32768.0,"[1:1024,1:1024]",1 1,24.0,24.0,,2.2,15.0,-20.0,3.0,2025-06-06T08:16:53,CASLEO,HSH,2025-06-06,11:16:43.616,11:16:43.5,23:40:04.3,+00:52:44.8,22:47:19.5,-31:47:13.3,2025.4,60832.469942,11.2,1.02,22:45:54.7,-31:55:17.0,77.9,flat,,Direct CCD,,Izraelevitch,,HSH-2025A-05,STL-1001E,0.53,(5) I,(6) Free,= ' ',
flatsi0018.fit,True,16,2,1024,1024,1.0,32768.0,"[1:1024,1:1024]",1 1,24.0,24.0,,2.2,15.0,-20.0,2.0,2025-06-06T08:17:58,CASLEO,HSH,2025-06-06,11:17:49.638,11:17:49.5,23:41:10.6,+00:52:44.8,22:48:25.8,-31:47:13.3,2025.4,60832.470706,11.2,1.02,22:47:01.1,-31:55:17.8,77.9,flat,,Direct CCD,,Izraelevitch,,HSH-2025A-05,STL-1001E,0.53,(5) I,(6) Free,= ' ',
flatsi0019.fit,True,16,2,1024,1024,1.0,32768.0,"[1:1024,1:1024]",1 1,24.0,24.0,,2.2,15.0,-20.0,2.0,2025-06-06T08:18:08,CASLEO,HSH,2025-06-06,11:17:59.434,11:17:59.5,23:41:20.5,+00:52:44.8,22:48:35.6,-31:47:13.3,2025.4,60832.470822,11.2,1.02,22:47:11.0,-31:55:17.9,77.9,flat,,Direct CCD,,Izraelevitch,,HSH-2025A-05,STL-1001E,0.53,(5) I,(6) Free,= ' ',
flatsi0020.fit,True,16,2,1024,1024,1.0,32768.0,"[1:1024,1:1024]",1 1,24.0,24.0,,2.2,15.0,-20.0,2.0,2025-06-06T08:18:18,CASLEO,HSH,2025-06-06,11:18:09.227,11:18:09.4,23:41:30.3,+00:52:44.8,22:48:45.5,-31:47:13.3,2025.4,60832.470937,11.2,1.02,22:47:20.9,-31:55:18.0,77.9,flat,,Direct CCD,,Izraelevitch,,HSH-2025A-05,STL-1001E,0.53,(5) I,(6) Free,= ' ',
flatsv0018.fit,True,16,2,1024,1024,1.0,32768.0,"[1:1024,1:1024]",1 1,24.0,24.0,,2.2,15.0,-20.0,1.0,2025-06-06T08:20:16,CASLEO,HSH,2025-06-06,11:20:08.228,11:20:07.3,23:43:29.6,+00:52:44.8,22:50:44.8,-31:47:13.3,2025.4,60832.472303,11.2,1.02,22:49:20.4,-31:55:19.4,77.9,flat,,Direct CCD,,Izraelevitch,,HSH-2025A-05,STL-1001E,0.53,(3) V,(6) Free,= ' ',
flatsv0019.fit,True,16,2,1024,1024,1.0,32768.0,"[1:1024,1:1024]",1 1,24.0,24.0,,2.2,15.0,-20.0,1.0,2025-06-06T08:20:24,CASLEO,HSH,2025-06-06,11:20:16.776,11:20:15.6,23:43:38.1,+00:52:44.8,22:50:53.3,-31:47:13.3,2025.4,60832.472396,11.2,1.02,22:49:28.8,-31:55:19.5,77.9,flat,,Direct CCD,,Izraelevitch,,HSH-2025A-05,STL-1001E,0.53,(3) V,(6) Free,= ' ',
flatsv0020.fit,True,16,2,1024,1024,1.0,32768.0,"[1:1024,1:1024]",1 1,24.0,24.0,,2.2,15.0,-20.0,1.0,2025-06-06T08:20:33,CASLEO,HSH,2025-06-06,11:20:25.572,11:20:24.5,23:43:46.8,+00:52:44.8,22:51:01.9,-31:47:13.3,2025.4,60832.4725,11.2,1.02,22:49:37.5,-31:55:19.6,77.9,flat,,Direct CCD,,Izraelevitch,,HSH-2025A-05,STL-1001E,0.53,(3) V,(6) Free,= ' ',
flatsv0021.fit,True,16,2,1024,1024,1.0,32768.0,"[1:1024,1:1024]",1 1,24.0,24.0,,2.2,15.0,-20.0,1.0,2025-06-06T08:20:42,CASLEO,HSH,2025-06-06,11:20:34.429,11:20:33.5,23:43:55.8,+00:52:44.8,22:51:10.9,-31:47:13.3,2025.4,60832.472604,11.2,1.02,22:49:46.5,-31:55:19.7,77.9,flat,,Direct CCD,,Izraelevitch,,HSH-2025A-05,STL-1001E,0.53,(3) V,(6) Free,= ' ',
flatsv0022.fit,True,16,2,1024,1024,1.0,32768.0,"[1:1024,1:1024]",1 1,24.0,24.0,,2.2,15.0,-20.0,1.0,2025-06-06T08:20:51,CASLEO,HSH,2025-06-06,11:20:43.233,11:20:42.4,23:44:04.8,+00:52:44.8,22:51:19.9,-31:47:13.3,2025.4,60832.472708,11.2,1.02,22:49:55.5,-31:55:19.8,77.9,flat,,Direct CCD,,Izraelevitch,,HSH-2025A-05,STL-1001E,0.53,(3) V,(6) Free,= ' ',
flatsv0023.fit,True,16,2,1024,1024,1.0,32768.0,"[1:1024,1:1024]",1 1,24.0,24.0,,2.2,15.0,-20.0,1.0,2025-06-06T08:21:00,CASLEO,HSH,2025-06-06,11:20:52.095,11:20:51.0,23:44:13.6,+00:52:44.8,22:51:28.8,-31:47:13.3,2025.4,60832.472812,11.2,1.02,22:50:04.3,-31:55:19.9,77.9,flat,,Direct CCD,,Izraelevitch,,HSH-2025A-05,STL-1001E,0.53,(3) V,(6) Free,= ' ',
flatsv0024.fit,True,16,2,1024,1024,1.0,32768.0,"[1:1024,1:1024]",1 1,24.0,24.0,,2.2,15.0,-20.0,1.0,2025-06-06T08:21:09,CASLEO,HSH,2025-06-06,11:21:00.890,11:21:00.0,23:44:22.5,+00:52:44.8,22:51:37.6,-31:47:13.3,2025.4,60832.472917,11.2,1.02,22:50:13.2,-31:55:20.0,77.9,flat,,Direct CCD,,Izraelevitch,,HSH-2025A-05,STL-1001E,0.53,(3) V,(6) Free,= ' ',
flatsv0025.fit,True,16,2,1024,1024,1.0,32768.0,"[1:1024,1:1024]",1 1,24.0,24.0,,2.2,15.0,-20.0,1.0,2025-06-06T08:21:17,CASLEO,HSH,2025-06-06,11:21:09.691,11:21:08.9,23:44:31.3,+00:52:44.8,22:51:46.4,-31:47:13.3,2025.4,60832.473009,11.2,1.02,22:50:22.0,-31:55:20.1,77.9,flat,,Direct CCD,,Izraelevitch,,HSH-2025A-05,STL-1001E,0.53,(3) V,(6) Free,= ' ',
flatsv0026.fit,True,16,2,1024,1024,1.0,32768.0,"[1:1024,1:1024]",1 1,24.0,24.0,,2.2,15.0,-20.0,0.7,2025-06-06T08:22:08,CASLEO,HSH,2025-06-06,11:22:00.672,11:21:59.8,23:45:22.5,+00:52:44.8,22:52:37.6,-31:47:13.3,2025.4,60832.4736,11.2,1.02,22:51:13.3,-31:55:20.6,77.9,flat,,Direct CCD,,Izraelevitch,,HSH-2025A-05,STL-1001E,0.53,(3) V,(6) Free,= ' ',
flatsv0027.fit,True,16,2,1024,1024,1.0,32768.0,"[1:1024,1:1024]",1 1,24.0,24.0,,2.2,15.0,-20.0,0.7,2025-06-06T08:22:16,CASLEO,HSH,2025-06-06,11:22:08.968,11:22:08.0,23:45:30.6,+00:52:44.8,22:52:45.8,-31:47:13.3,2025.4,60832.473704,11.2,1.02,22:51:21.5,-31:55:20.7,77.9,flat,,Direct CCD,,Izraelevitch,,HSH-2025A-05,STL-1001E,0.53,(3) V,(6) Free,= ' ',
flatsv0028.fit,True,16,2,1024,1024,1.0,32768.0,"[1:1024,1:1024]",1 1,24.0,24.0,,2.2,15.0,-20.0,0.7,2025-06-06T08:22:25,CASLEO,HSH,2025-06-06,11:22:17.514,11:22:16.6,23:45:39.3,+00:52:44.8,22:52:54.5,-31:47:13.3,2025.4,60832.473796,11.2,1.02,22:51:30.2,-31:55:20.8,77.9,flat,,Direct CCD,,Izraelevitch,,HSH-2025A-05,STL-1001E,0.53,(3) V,(6) Free,= ' ',
flatsv0029.fit,True,16,2,1024,1024,1.0,32768.0,"[1:1024,1:1024]",1 1,24.0,24.0,,2.2,15.0,-20.0,0.7,2025-06-06T08:22:33,CASLEO,HSH,2025-06-06,11:22:26.065,11:22:24.9,23:45:47.6,+00:52:44.8,22:53:02.8,-31:47:13.3,2025.4,60832.473889,11.2,1.02,22:51:38.5,-31:55:20.9,77.9,flat,,Direct CCD,,Izraelevitch,,HSH-2025A-05,STL-1001E,0.53,(3) V,(6) Free,= ' ',
flatsv0030.fit,True,16,2,1024,1024,1.0,32768.0,"[1:1024,1:1024]",1 1,24.0,24.0,,2.2,15.0,-20.0,0.7,2025-06-06T08:22:42,CASLEO,HSH,2025-06-06,11:22:34.612,11:22:33.6,23:45:56.3,+00:52:44.8,22:53:11.5,-31:47:13.3,2025.4,60832.473993,11.2,1.02,22:51:47.3,-31:55:21.0,77.9,flat,,Direct CCD,,Izraelevitch,,HSH-2025A-05,STL-1001E,0.53,(3) V,(6) Free,= ' ',
flatsv0031.fit,True,16,2,1024,1024,1.0,32768.0,"[1:1024,1:1024]",1 1,24.0,24.0,,2.2,15.0,-20.0,0.7,2025-06-06T08:22:50,CASLEO,HSH,2025-06-06,11:22:43.162,11:22:42.1,23:46:05.0,+00:52:44.8,22:53:20.1,-31:47:13.3,2025.4,60832.474097,11.2,1.02,22:51:55.9,-31:55:21.1,77.9,flat,,Direct CCD,,Izraelevitch,,HSH-2025A-05,STL-1001E,0.53,(3) V,(6) Free,= ' ',
flatsv0032.fit,True,16,2,1024,1024,1.0,32768.0,"[1:1024,1:1024]",1 1,24.0,24.0,,2.2,15.0,-20.0,0.7,2025-06-06T08:22:59,CASLEO,HSH,2025-06-06,11:22:51.711,11:22:50.8,23:46:13.5,+00:52:44.8,22:53:28.6,-31:47:13.3,2025.4,60832.47419,11.2,1.02,22:52:04.4,-31:55:21.2,77.9,flat,,Direct CCD,,Izraelevitch,,HSH-2025A-05,STL-1001E,0.53,(3) V,(6) Free,= ' ',
flatsv0033.fit,True,16,2,1024,1024,1.0,32768.0,"[1:1024,1:1024]",1 1,24.0,24.0,,2.2,15.0,-20.0,0.7,2025-06-06T08:23:08,CASLEO,HSH,2025-06-06,11:23:00.260,11:22:59.3,23:46:21.8,+00:52:44.8,22:53:36.9,-31:47:13.3,2025.4,60832.474294,11.2,1.02,22:52:12.7,-31:55:21.3,77.9,flat,,Direct CCD,,Izraelevitch,,HSH-2025A-05,STL-1001E,0.53,(3) V,(6) Free,= ' ',
flatsv0034.fit,True,16,2,1024,1024,1.0,32768.0,"[1:1024,1:1024]",1 1,24.0,24.0,,2.2,15.0,-20.0,0.7,2025-06-06T08:23:16,CASLEO,HSH,2025-06-06,11:23:08.810,11:23:07.6,23:46:30.6,+00:52:44.8,22:53:45.8,-31:47:13.3,2025.4,60832.474387,11.2,1.02,22:52:21.5,-31:55:21.4,77.9,flat,,Direct CCD,,Izraelevitch,,HSH-2025A-05,STL-1001E,0.53,(3) V,(6) Free,= ' ',
flatsv0035.fit,True,16,2,1024,1024,1.0,32768.0,"[1:1024,1:1024]",1 1,24.0,24.0,,2.2,15.0,-20.0,0.7,2025-06-06T08:23:25,CASLEO,HSH,2025-06-06,11:23:17.356,11:23:16.5,23:46:39.3,+00:52:44.8,22:53:54.4,-31:47:13.3,2025.4,60832.474491,11.2,1.02,22:52:30.2,-31:55:21.5,77.9,flat,,Direct CCD,,Izraelevitch,,HSH-2025A-05,STL-1001E,0.53,(3) V,(6) Free,= ' ',
flatsv0036.fit,True,16,2,1024,1024,1.0,32768.0,"[1:1024,1:1024]",1 1,24.0,24.0,,2.2,15.0,-20.0,0.7,2025-06-06T08:23:33,CASLEO,HSH,2025-06-06,11:23:25.842,11:23:25.0,23:46:47.8,+00:52:44.8,22:54:03.0,-31:47:13.3,2025.4,60832.474595,11.2,1.02,22:52:38.8,-31:55:21.5,77.9,flat,,Direct CCD,,Izraelevitch,,HSH-2025A-05,STL-1001E,0.53,(3) V,(6) Free,= ' ',
flatsv0037.fit,True,16,2,1024,1024,1.0,32768.0,"[1:1024,1:1024]",1 1,24.0,24.0,,2.2,15.0,-20.0,0.7,2025-06-06T08:23:42,CASLEO,HSH,2025-06-06,11:23:34.395,11:23:33.5,23:46:56.3,+00:52:44.8,22:54:11.5,-31:47:13.3,2025.4,60832.474687,11.2,1.02,22:52:47.3,-31:55:21.6,77.9,flat,,Direct CCD,,Izraelevitch,,HSH-2025A-05,STL-1001E,0.53,(3) V,(6) Free,= ' ',
flatsv0038.fit,True,16,2,1024,1024,1.0,32768.0,"[1:1024,1:1024]",1 1,24.0,24.0,,2.2,15.0,-20.0,0.7,2025-06-06T08:23:50,CASLEO,HSH,2025-06-06,11:23:42.942,11:23:41.8,23:47:04.6,+00:52:44.8,22:54:19.8,-31:47:13.3,2025.4,60832.47478,11.2,1.02,22:52:55.7,-31:55:21.7,77.9,flat,,Direct CCD,,Izraelevitch,,HSH-2025A-05,STL-1001E,0.53,(3) V,(6) Free,= ' ',
flatsv0039.fit,True,16,2,1024,1024,1.0,32768.0,"[1:1024,1:1024]",1 1,24.0,24.0,,2.2,15.0,-20.0,0.7,2025-06-06T08:23:59,CASLEO,HSH,2025-06-06,11:23:51.488,11:23:50.5,23:47:13.5,+00:52:44.8,22:54:28.6,-31:47:13.3,2025.4,60832.474884,11.2,1.02,22:53:04.5,-31:55:21.8,77.9,flat,,Direct CCD,,Izraelevitch,,HSH-2025A-05,STL-1001E,0.53,(3) V,(6) Free,= ' ',
flatsv0040.fit,True,16,2,1024,1024,1.0,32768.0,"[1:1024,1:1024]",1 1,24.0,24.0,,2.2,15.0,-20.0,0.7,2025-06-06T08:24:07,CASLEO,HSH,2025-06-06,11:23:59.978,11:23:59.0,23:47:21.8,+00:52:44.8,22:54:36.9,-31:47:13.3,2025.4,60832.474988,11.2,1.02,22:53:12.8,-31:55:21.9,77.9,flat,,Direct CCD,,Izraelevitch,,HSH-2025A-05,STL-1001E,0.53,(3) V,(6) Free,= ' ',
flatv0008.fit,True,16,2,1024,1024,1.0,32768.0,"[1:1024,1:1024]",1 1,24.0,24.0,,2.2,15.0,-20.0,6.0,2025-06-05T19:01:44,CASLEO,HSH,2025-06-05,22:01:31.192,22:01:29.8,10:22:41.3,-00:35:44.6,10:58:25.9,-31:47:20.5,2025.4,60831.917697,7.6,1.01,10:57:13.4,-31:39:09.5,123.8,flat,,Direct CCD,,Nowogrodzki,,HSH-2025A-05,STL-1001E,0.53,(3) V,(6) Free,= ' ',
