I,INSTRUME,I_err,I_inst,I_inst_err,SNR,TELESCOP,V,V_err,V_inst,V_inst_err,aperature_correction,aperature_correction_err,beta,fname,fwhm,fwhm_err,instrument,lmag_inject,lmag_prob,method,mjd,pixel_offset,subtraction,target_fwhm,telescope,time,time_taken,xpix,ypix,zp_I,zp_I_err,zp_V,zp_V_err
,INSTRUME,,,,2.5011798800045693,HSH,[18.18316909],0.5615914708845837,[-2.15080207],0.5604735263445333,-0.0293257206195471,0.0666316955503093,0.0225513541535297,/home/knowogrodski/Documentos/observation_HSH/ulens_hsh/ulens_hsh/data/20240314/OGLE-2024-BLG-0034/phot_REDUCED/OGLE-2024-BLG-0034_v_comb/OGLE-2024-BLG-0034_v_comb_APT.fits,7.431983668962053,0.2437111630308805,Direct CCD,17.024213925072544,[17.82131537],psf,60384.348723,1.714043134411485,False,7.357314243693931,CASLEO HSH + Direct CCD,2026-02-05 20:46:46.220433,47.5,396.2775811476565,541.8828337660825,,,20.333971153288008,0.0354176006702034
[16.41296702],INSTRUME,0.2614660741407412,[-3.77036837],0.2565131207558717,5.570680336488912,HSH,,,,,-0.050327221737183,0.0590150190885966,1.0,/home/knowogrodski/Documentos/observation_HSH/ulens_hsh/ulens_hsh/data/20240314/OGLE-2024-BLG-0034/phot_REDUCED/OGLE-2024-BLG-0034_i_comb/OGLE-2024-BLG-0034_i_comb_APT.fits,7.208603521520129,0.3891660297612569,Direct CCD,,,psf,60384.352369,0.5505025833904382,False,7.11167856240147,CASLEO HSH + Direct CCD,2026-02-05 20:47:22.464809,35.9,393.4740362310986,539.6090399234546,20.183335390143107,0.0506510296702367,,
,INSTRUME,,,,2.5011798800045693,HSH,[18.18316909],0.5615914708845837,[-2.15080207],0.5604735263445333,-0.0293257206195471,0.0666316955503093,0.0225513541535297,/home/knowogrodski/Documentos/observation_HSH/ulens_hsh/ulens_hsh/data/20240314/OGLE-2024-BLG-0034/phot_REDUCED/OGLE-2024-BLG-0034_v_comb/OGLE-2024-BLG-0034_v_comb_APT.fits,7.431983668962053,0.2437111630308805,Direct CCD,17.024213925072544,[17.82131537],psf,60384.348723,1.714043134411485,False,7.357314243693931,CASLEO HSH + Direct CCD,2026-02-05 20:46:46.220433,47.5,396.2775811476565,541.8828337660825,,,20.333971153288008,0.0354176006702034
[16.41296702],INSTRUME,0.2614660741407412,[-3.77036837],0.2565131207558717,5.570680336488912,HSH,,,,,-0.050327221737183,0.0590150190885966,1.0,/home/knowogrodski/Documentos/observation_HSH/ulens_hsh/ulens_hsh/data/20240314/OGLE-2024-BLG-0034/phot_REDUCED/OGLE-2024-BLG-0034_i_comb/OGLE-2024-BLG-0034_i_comb_APT.fits,7.208603521520129,0.3891660297612569,Direct CCD,,,psf,60384.352369,0.5505025833904382,False,7.11167856240147,CASLEO HSH + Direct CCD,2026-02-05 20:47:22.464809,35.9,393.4740362310986,539.6090399234546,20.183335390143107,0.0506510296702367,,
,INSTRUME,,,,2.5011798800045693,HSH,[18.18316909],0.5416083273175035,[-2.15080207],0.5404490482759962,-0.0293250833313581,0.0666278335269887,0.0225513541535297,/home/knowogrodski/Documentos/observation_HSH/ulens_hsh/ulens_hsh/data/20240314/OGLE-2024-BLG-0034/phot_REDUCED/OGLE-2024-BLG-0034_v_comb/OGLE-2024-BLG-0034_v_comb_APT.fits,7.431983668962053,0.2437111630308805,Direct CCD,16.857919022305087,[17.90139728],psf,60384.348723,1.714043134411485,False,7.357314243693931,CASLEO HSH + Direct CCD,2026-02-05 21:24:05.031853,55.3,396.2775811476565,541.8828337660825,,,20.333971153288008,0.0354176006702034
[16.41296702],INSTRUME,0.2656491203602662,[-3.77036837],0.2607756283503656,5.570680336488912,HSH,,,,,-0.0503271970601832,0.059013956212064,1.0,/home/knowogrodski/Documentos/observation_HSH/ulens_hsh/ulens_hsh/data/20240314/OGLE-2024-BLG-0034/phot_REDUCED/OGLE-2024-BLG-0034_i_comb/OGLE-2024-BLG-0034_i_comb_APT.fits,7.208603521520129,0.3891660297612569,Direct CCD,,,psf,60384.352369,0.5505025833904382,False,7.11167856240147,CASLEO HSH + Direct CCD,2026-02-05 21:24:38.683276,33.3,393.4740362310986,539.6090399234546,20.183335390143107,0.0506510296702367,,
,INSTRUME,,,,2.5011798800045693,HSH,[18.18316909],0.5613759699265862,[-2.15080207],0.5602575953735758,-0.0293249582670868,0.0666277551397361,0.0225513541535297,/home/knowogrodski/Documentos/observation_HSH/ulens_hsh/ulens_hsh/data/20240314/OGLE-2024-BLG-0034/phot_REDUCED/OGLE-2024-BLG-0034_v_comb/OGLE-2024-BLG-0034_v_comb_APT.fits,7.431983668962053,0.2437111630308805,Direct CCD,16.905391220792417,[17.80394195],psf,60384.348723,1.714043134411485,False,7.357314243693931,CASLEO HSH + Direct CCD,2026-02-05 21:39:39.132281,40.3,396.2775811476565,541.8828337660825,,,20.333971153288008,0.0354176006702034
[16.41296702],INSTRUME,0.2578379718770157,[-3.77036837],0.2528139492492404,5.570680336488912,HSH,,,,,-0.0503273882802866,0.0590088669827277,1.0,/home/knowogrodski/Documentos/observation_HSH/ulens_hsh/ulens_hsh/data/20240314/OGLE-2024-BLG-0034/phot_REDUCED/OGLE-2024-BLG-0034_i_comb/OGLE-2024-BLG-0034_i_comb_APT.fits,7.208603521520129,0.3891660297612569,Direct CCD,,,psf,60384.352369,0.5505025833904382,False,7.11167856240147,CASLEO HSH + Direct CCD,2026-02-05 21:40:11.958954,32.5,393.4740362310986,539.6090399234546,20.183335390143107,0.0506510296702367,,
[16.56108137],INSTRUME,0.3375237294113944,[-3.65733095],0.3339610653543386,5.15067819058901,HSH,,,,,-0.0442792082735484,0.0642887759405293,1.0,/home/knowogrodski/Documentos/observation_HSH/ulens_hsh/ulens_hsh/data/20240314/OGLE-2024-BLG-0034/phot_REDUCED/FBobj7i0006_wcs/FBobj7i0006_wcs_APT.fits,7.076131155299668,0.3287964243447374,Direct CCD,,,psf,60384.359688,1.052904147130725,False,7.000657986233128,CASLEO HSH + Direct CCD,2026-02-05 21:49:47.994689,28.5,385.6796148498671,536.0341419492777,20.218412325644813,0.0489108857328444,,
,INSTRUME,,,,1.274075712225789,HSH,[18.77039413],1.0800365226548518,[-1.54562515],1.0792138827086424,-0.0178377414701092,0.0611150055696133,0.0037075839298215,/home/knowogrodski/Documentos/observation_HSH/ulens_hsh/ulens_hsh/data/20240314/OGLE-2024-BLG-0034/phot_REDUCED/FBobj7v0003_wcs/FBobj7v0003_wcs_APT.fits,8.348994127046664,0.2705342279506861,Direct CCD,17.03854424992778,[17.48781961],psf,60384.348715,0.4865675698107069,False,8.261373305400008,CASLEO HSH + Direct CCD,2026-02-05 21:50:48.174563,59.9,397.5140699892309,542.082823874055,,,20.316019275710573,0.0421460038119984
[16.17014395],INSTRUME,0.2693255235292268,[-4.0337021],0.2645208913620253,6.700223911637536,HSH,,,,,-0.0405760628290681,0.0533427749579296,1.0,/home/knowogrodski/Documentos/observation_HSH/ulens_hsh/ulens_hsh/data/20240314/OGLE-2024-BLG-0034/phot_REDUCED/FBobj7i0004_wcs/FBobj7i0004_wcs_APT.fits,7.660446635424719,0.3078681869834492,Direct CCD,,,psf,60384.352338,0.7855725754210071,False,7.574087718047408,CASLEO HSH + Direct CCD,2026-02-05 21:51:28.872237,40.3,393.1696116369676,540.1661172356389,20.20384604607657,0.0506451938226295,,
,INSTRUME,,,,2.5011798800045693,HSH,[18.18316909],0.5466085532472715,[-2.15080207],0.5454599014096648,-0.029324594947058,0.0666265929061289,0.0225513541535297,/home/knowogrodski/Documentos/observation_HSH/ulens_hsh/ulens_hsh/data/20240314/OGLE-2024-BLG-0034/phot_REDUCED/OGLE-2024-BLG-0034_v_comb/OGLE-2024-BLG-0034_v_comb_APT.fits,7.431983668962053,0.2437111630308805,Direct CCD,17.0986863355578,[17.94651242],psf,60384.348723,1.714043134411485,False,7.357314243693931,CASLEO HSH + Direct CCD,2026-02-05 21:52:14.865425,45.7,396.2775811476565,541.8828337660825,,,20.333971153288008,0.0354176006702034
[16.33323412],INSTRUME,0.2864603770363498,[-3.85814254],0.2829656417499265,6.567590538848508,HSH,,,,,-0.0453592747906407,0.0759264366360778,1.0,/home/knowogrodski/Documentos/observation_HSH/ulens_hsh/ulens_hsh/data/20240314/OGLE-2024-BLG-0034/phot_REDUCED/FBobj7i0002_wcs/FBobj7i0002_wcs_APT.fits,6.561865464571985,0.3891585214469786,Direct CCD,,,psf,60384.345081,0.5180030679653705,False,6.484347339026357,CASLEO HSH + Direct CCD,2026-02-05 21:52:46.698416,31.5,405.014954545198,543.2355243460344,20.19137665240281,0.0446093398388712,,
,INSTRUME,,,,3.1434178069451923,HSH,[18.01754179],0.5023992847145636,[-2.29111272],0.5006760923902677,-0.0357904076594659,0.0728194456699506,0.0142189275659515,/home/knowogrodski/Documentos/observation_HSH/ulens_hsh/ulens_hsh/data/20240314/OGLE-2024-BLG-0034/phot_REDUCED/FBobj7v0001_wcs/FBobj7v0001_wcs_APT.fits,6.748083862737765,0.1866912132530535,Direct CCD,17.02913032438596,[17.62333322],psf,60384.34147,1.4008752323966351,False,6.712788372778845,CASLEO HSH + Direct CCD,2026-02-05 21:53:38.797042,51.6,409.4033400497907,543.3217342619753,,,20.30865451160384,0.0415751342814114
[16.41296702],INSTRUME,0.2647114286334409,[-3.77036837],0.2598203487845055,5.570680336488912,HSH,,,,,-0.0503275208463177,0.0590099402862352,1.0,/home/knowogrodski/Documentos/observation_HSH/ulens_hsh/ulens_hsh/data/20240314/OGLE-2024-BLG-0034/phot_REDUCED/OGLE-2024-BLG-0034_i_comb/OGLE-2024-BLG-0034_i_comb_APT.fits,7.208603521520129,0.3891660297612569,Direct CCD,,,psf,60384.352369,0.5505025833904382,False,7.11167856240147,CASLEO HSH + Direct CCD,2026-02-05 21:54:13.857316,34.8,393.4740362310986,539.6090399234546,20.183335390143107,0.0506510296702367,,
,INSTRUME,,,,2.8211075645501853,HSH,[18.05003457],0.5671163635228323,[-2.26840384],0.5659592283533038,-0.0345427643016142,0.0793874446100418,0.0125541146854267,/home/knowogrodski/Documentos/observation_HSH/ulens_hsh/ulens_hsh/data/20240314/OGLE-2024-BLG-0034/phot_REDUCED/FBobj7v0005_wcs/FBobj7v0005_wcs_APT.fits,7.324876795569817,0.2295757145543337,Direct CCD,17.004090823030275,[17.54756908],psf,60384.355984,2.05494560108483,False,7.238849753907167,CASLEO HSH + Direct CCD,2026-02-05 21:55:20.919079,66.8,388.77354973795536,539.4333123135727,,,20.318438411686973,0.0362094133768318
,INSTRUME,,,,4.814602106691077,HSH,[17.35383317],0.3661306558256315,[-2.99966893],0.3634544905978046,-0.0300021875716865,0.0566766545014045,0.0408766296611584,/home/knowogrodski/Documentos/observation_HSH/ulens_hsh/ulens_hsh/data/20240319/OGLE-2024-BLG-0034/phot_REDUCED/FBobj6v0015_wcs/FBobj6v0015_wcs_APT.fits,7.230400909101515,0.3455272882135343,Direct CCD,17.047556919796325,[17.29393373],psf,60389.35287,4.179839519579756,False,7.1343674250545694,HSH+Direct CCD,2026-02-05 22:55:01.973558,51.0,462.0975497023966,425.6849117370707,,,20.353502100523023,0.0441869935568978
,INSTRUME,,,,2.9224328636753145,HSH,[17.91307152],0.5596114516117711,[-2.44893047],0.5581994101792638,-0.0181045580800812,0.0490626389570181,0.0130433859422182,/home/knowogrodski/Documentos/observation_HSH/ulens_hsh/ulens_hsh/data/20240319/OGLE-2024-BLG-0034/phot_REDUCED/FBobj6v0019_wcs/FBobj6v0019_wcs_APT.fits,7.225261954102136,0.2631905249680912,Direct CCD,17.21345006677709,[17.16997181],psf,60389.361852,2.5927060324735343,False,7.127485566110897,HSH+Direct CCD,2026-02-05 22:55:44.771906,42.5,461.7632086253189,426.9087159382409,,,20.3620019879086,0.0397290227737294
[16.34345613],INSTRUME,0.3187809495200843,[-3.90088077],0.3150219778062429,5.580067236666485,HSH,,,,,-0.0356088978078169,0.0612505950702862,1.0,/home/knowogrodski/Documentos/observation_HSH/ulens_hsh/ulens_hsh/data/20240319/OGLE-2024-BLG-0034/phot_REDUCED/FBobj6i0020_wcs/FBobj6i0020_wcs_APT.fits,6.647118023303869,0.2917310720141891,Direct CCD,,,psf,60389.364074,1.2480877038744682,False,6.56231843955325,HSH+Direct CCD,2026-02-05 22:56:22.489584,37.4,453.5157953081707,423.1261061031402,20.244336902145697,0.0488103193594294,,
,INSTRUME,,,,3.225940782652531,HSH,[17.88340041],0.5133298709609858,[-2.47420326],0.5112895142927016,-0.0258738156354005,0.0571952902673807,0.0163019980807841,/home/knowogrodski/Documentos/observation_HSH/ulens_hsh/ulens_hsh/data/20240319/OGLE-2024-BLG-0034/phot_REDUCED/FBobj6v0023_wcs/FBobj6v0023_wcs_APT.fits,6.710448363244037,0.2759025132871263,Direct CCD,16.80246096937887,[17.39666387],psf,60389.370822,0.2252032141632455,False,6.623832403362195,HSH+Direct CCD,2026-02-05 22:57:00.715831,37.9,451.0552686162693,421.6957360125247,,,20.3576036731805,0.0457229591688415
,INSTRUME,,,,3.633768196754589,HSH,[17.62213708],0.3735085880984589,[-2.7196192],0.3714723206504366,-0.0226816210330925,0.042107681390891,0.2382183398502405,/home/knowogrodski/Documentos/observation_HSH/ulens_hsh/ulens_hsh/data/20240319/OGLE-2024-BLG-0034/phot_REDUCED/OGLE-2024-BLG-0034_v_comb/OGLE-2024-BLG-0034_v_comb_APT.fits,7.433057138294624,0.3274980761137571,Direct CCD,18.03423740220003,[18.09220842],psf,60389.35735785713,1.5806784874349185,False,7.307688871473569,HSH+Direct CCD,2026-02-05 22:58:00.390667,59.3,461.9433251393074,424.9221887789992,,,20.34175627582233,0.0389484322390956
,INSTRUME,,,,2.80256988223846,HSH,[17.97107184],0.5903263288434412,[-2.3990262],0.5884726224356576,-0.0240515706211101,0.045167880056512,0.0114875844333394,/home/knowogrodski/Documentos/observation_HSH/ulens_hsh/ulens_hsh/data/20240319/OGLE-2024-BLG-0034/phot_REDUCED/FBobj6v0017_wcs/FBobj6v0017_wcs_APT.fits,7.193055593792046,0.3203909062940557,Direct CCD,17.030570574500043,[17.27694739],psf,60389.357361,1.172047746029843,False,7.09662111754704,HSH+Direct CCD,2026-02-05 22:58:49.809950,49.0,462.8885483081223,426.1033665902025,,,20.37009803716005,0.0467455577512413
[15.98629625],INSTRUME,0.2268113912190341,[-4.23622603],0.2223778369148257,7.797039649705513,HSH,,,,,-0.0397654175826691,0.0553963684988468,1.0,/home/knowogrodski/Documentos/observation_HSH/ulens_hsh/ulens_hsh/data/20240319/OGLE-2024-BLG-0034/phot_REDUCED/FBobj6i0018_wcs/FBobj6i0018_wcs_APT.fits,6.513225782365208,0.2813105606537219,Direct CCD,,,psf,60389.359595,0.8180124664642675,False,6.427902552958112,HSH+Direct CCD,2026-02-05 22:59:28.694526,38.6,462.88133894601015,424.551877493008,20.2225222767543,0.0446262796544471,,
[16.09200578],INSTRUME,0.3186456885384638,[-4.13482545],0.3135149153126984,5.61265201089748,HSH,,,,,-0.0455532534107687,0.084455777825679,1.0,/home/knowogrodski/Documentos/observation_HSH/ulens_hsh/ulens_hsh/data/20240319/OGLE-2024-BLG-0034/phot_REDUCED/FBobj6i0014_wcs/FBobj6i0014_wcs_APT.fits,8.00309021504788,0.3033162615609373,Direct CCD,,,psf,60389.350613,1.2340388894686394,False,7.895113338744581,HSH+Direct CCD,2026-02-05 23:00:08.609726,39.6,473.3200104358143,428.23509623783247,20.226831228335936,0.0569514942791082,,
[16.07654107],INSTRUME,0.2303255006831661,[-4.12736783],0.2270131321694039,7.741369653549916,HSH,,,,,-0.0369866016226854,0.0528188840866039,1.0,/home/knowogrodski/Documentos/observation_HSH/ulens_hsh/ulens_hsh/data/20240319/OGLE-2024-BLG-0034/phot_REDUCED/FBobj6i0022_wcs/FBobj6i0022_wcs_APT.fits,5.949064645329582,0.279470843529627,Direct CCD,,,psf,60389.368565,0.2588882104568083,False,5.870696503193406,HSH+Direct CCD,2026-02-05 23:00:38.703709,29.8,452.6165857806752,422.7903291783084,20.203908904551646,0.0389213834233562,,
,INSTRUME,,,,4.069226524059412,HSH,[17.46141004],0.4388300161922602,[-2.86687186],0.4368984889220432,-0.0198430231731026,0.0409740793810172,0.0244666216136005,/home/knowogrodski/Documentos/observation_HSH/ulens_hsh/ulens_hsh/data/20240319/OGLE-2024-BLG-0034/phot_REDUCED/FBobj6v0013_wcs/FBobj6v0013_wcs_APT.fits,7.549853004833091,0.3360897395342993,Direct CCD,17.252100456016496,[17.29557872],psf,60389.34838,3.5163447946641715,False,7.496135599810706,HSH+Direct CCD,2026-02-05 23:01:36.304483,57.3,471.3259025632103,427.01173514696336,,,20.32828190427745,0.0411277702888771
[16.07436574],INSTRUME,0.2146258339150124,[-4.09484761],0.2109676051230511,6.26472349887357,HSH,,,,,-0.0418365369623198,0.0538386187412585,1.0,/home/knowogrodski/Documentos/observation_HSH/ulens_hsh/ulens_hsh/data/20240319/OGLE-2024-BLG-0034/phot_REDUCED/OGLE-2024-BLG-0034_i_comb/OGLE-2024-BLG-0034_i_comb_APT.fits,7.028892398561109,0.2953574923900643,Direct CCD,,,psf,60389.35959,0.0597402028968828,False,6.9590242873949615,HSH+Direct CCD,2026-02-05 23:02:18.167600,41.5,462.29578577609806,425.0995663013583,20.169213355067388,0.0394578024268822,,
,INSTRUME,,,,3.2822023223405274,HSH,[17.58592971],0.5168797863633605,[-2.74355353],0.5146882489289445,-0.0263775646058528,0.0746075074780322,0.0128772846415809,/home/knowogrodski/Documentos/observation_HSH/ulens_hsh/ulens_hsh/data/20240319/OGLE-2024-BLG-0034/phot_REDUCED/FBobj6v0011_wcs/FBobj6v0011_wcs_APT.fits,8.351146338529428,0.3756093919699821,Direct CCD,17.201588088377214,[17.24506635],psf,60389.343889,9.83989180189659,False,8.265718053277132,HSH+Direct CCD,2026-02-05 23:03:13.827514,55.3,465.9531395461244,426.3503511872479,,,20.329483237846286,0.047547028986994
[15.98471983],INSTRUME,0.2462907954365327,[-4.24051425],0.2404299278543616,7.17130637485793,HSH,,,,,-0.0346992112364212,0.05905507847721,1.0,/home/knowogrodski/Documentos/observation_HSH/ulens_hsh/ulens_hsh/data/20240319/OGLE-2024-BLG-0034/phot_REDUCED/FBobj6i0024_wcs/FBobj6i0024_wcs_APT.fits,7.070027361784324,0.3002815112804478,Direct CCD,,,psf,60389.373056,1.6024165938257342,False,6.982477471803233,HSH+Direct CCD,2026-02-05 23:03:51.476530,37.3,448.3170642348636,422.157563306183,20.225234079224293,0.0534097903825366,,
,INSTRUME,,,,3.401770061138158,HSH,[17.52641705],0.4931747295623668,[-2.81856755],0.4910317261141947,-0.0061759472357462,0.076559261463346,0.013060433363818,/home/knowogrodski/Documentos/observation_HSH/ulens_hsh/ulens_hsh/data/20240319/OGLE-2024-BLG-0034/phot_REDUCED/FBobj6v0021_wcs/FBobj6v0021_wcs_APT.fits,8.736499256787072,0.3728821833533061,Direct CCD,16.542305449440214,[17.13650835],psf,60389.366331,1.7782623794957102,False,8.634561827385955,HSH+Direct CCD,2026-02-05 23:04:41.148902,49.3,450.9210329990216,422.45017792934925,,,20.34498459830104,0.0459255683495379
[15.12299302],INSTRUME,0.1934122972832702,[-5.14398083],0.082998105359771,12.587827423437204,HSH,,,,,-0.023967625472831,0.125006547462803,1.0,/home/knowogrodski/Documentos/observation_HSH/ulens_hsh/ulens_hsh/data/20240319/OGLE-2024-BLG-0034/phot_REDUCED/FBobj6i0016_wcs/FBobj6i0016_wcs_APT.fits,9.23024139880025,0.883967466981487,Direct CCD,,,ap,60389.355104,0.0,False,9.017186089187108,HSH+Direct CCD,2026-02-05 23:04:54.970200,13.5,463.4632864162065,426.4816463177139,20.290941477790994,0.1220368564758631,,
[16.18780979],INSTRUME,0.3038454708229376,[-4.04903671],0.2992341123512178,5.88281060018654,HSH,,,,,-0.0323423387011156,0.067984162798185,1.0,/home/knowogrodski/Documentos/observation_HSH/ulens_hsh/ulens_hsh/data/20240319/OGLE-2024-BLG-0034/phot_REDUCED/FBobj6i0012_wcs/FBobj6i0012_wcs_APT.fits,6.951837734378112,0.2977218212340429,Direct CCD,,,psf,60389.346123,0.6844600308032015,False,6.872871699823869,HSH+Direct CCD,2026-02-05 23:05:33.090383,37.9,472.9573442485932,428.5589469443561,20.23684650758653,0.0527353405695976,,
,INSTRUME,,,,3.2170421157568847,HSH,[17.69921965],0.5457963000147376,[-2.96863851],0.5447555301561888,-0.0377821906547839,0.0318594518495666,0.0933622818706458,/home/knowogrodski/Documentos/observation_HSH/ulens_hsh/ulens_hsh/data/20250605/OGLE-2024-BLG-0034/phot_REDUCED/FBOGLE-2024-BLG-0034v0020_wcs/FBOGLE-2024-BLG-0034v0020_wcs_APT.fits,4.091333927379085,0.4933314453189715,Direct CCD,17.501250856168262,[17.25487404],psf,60832.179803,0.5381852267869118,False,4.000717580584838,CASLEO HSH + Direct CCD,2026-02-13 15:04:19.004210,38.9,599.230126828912,477.2719655906444,,,20.667858155766545,0.0336899610273901
[16.37932045],INSTRUME,0.29400931508881,[-4.08540493],0.2929391851499817,5.844292835411045,HSH,,,,,-0.052181866435554,0.0323511439418058,1.0,/home/knowogrodski/Documentos/observation_HSH/ulens_hsh/ulens_hsh/data/20250605/OGLE-2024-BLG-0034/phot_REDUCED/FBOGLE-2024-BLG-0034i0023_wcs/FBOGLE-2024-BLG-0034i0023_wcs_APT.fits,3.9740746398787534,0.1916397317196995,Direct CCD,,,psf,60832.136319,0.3151855089654184,False,3.938688653092085,CASLEO HSH + Direct CCD,2026-02-13 15:04:42.810337,23.5,594.7716092373181,511.5459211209908,20.46472538479755,0.0250621460105852,,
,INSTRUME,,,,1.235998981156648,HSH,[18.8122517],1.143527057905506,[-1.82832459],1.1428687193550182,-0.0428612091158701,0.0277188297502157,0.0117303168979053,/home/knowogrodski/Documentos/observation_HSH/ulens_hsh/ulens_hsh/data/20250605/OGLE-2024-BLG-0034/phot_REDUCED/FBOGLE-2024-BLG-0034v0027_wcs/FBOGLE-2024-BLG-0034v0027_wcs_APT.fits,3.680199632855664,0.4705616355740873,Direct CCD,17.834562825253542,[17.58818601],psf,60832.187743,0.4561441693143672,False,3.612707455724794,CASLEO HSH + Direct CCD,2026-02-13 15:05:18.996406,35.9,585.8258890672479,478.4836347157103,,,20.64057629059444,0.0387971968297025
,INSTRUME,,,,1.641889540973683,HSH,[18.13854328],0.9327488800870368,[-2.22459372],0.9321091554554544,-0.0459847878488103,0.0250469658221383,0.0213344542168121,/home/knowogrodski/Documentos/observation_HSH/ulens_hsh/ulens_hsh/data/20250605/OGLE-2024-BLG-0034/phot_REDUCED/FBOGLE-2024-BLG-0034v0018_wcs/FBOGLE-2024-BLG-0034v0018_wcs_APT.fits,3.6050875286035584,0.1384100512779415,Direct CCD,17.263887532211033,[17.11896],psf,60832.177535,0.9810533725944566,False,3.5882858565056046,CASLEO HSH + Direct CCD,2026-02-13 15:06:01.736250,42.4,598.8493291061451,477.8377733582588,,,20.363137005321367,0.0345397686694726
,INSTRUME,,,,2.1173645769430607,HSH,[17.77751711],0.7632988515695395,[-2.73895838],0.762243222151444,-0.060022472015509,0.0323241004978388,0.0161983452880544,/home/knowogrodski/Documentos/observation_HSH/ulens_hsh/ulens_hsh/data/20250605/OGLE-2024-BLG-0034/phot_REDUCED/FBOGLE-2024-BLG-0034v0007_wcs/FBOGLE-2024-BLG-0034v0007_wcs_APT.fits,4.691558733300588,0.2265905002985808,Direct CCD,17.46877423877072,[17.12094815],psf,60832.165046,1.7633544893420765,False,4.659625847457225,CASLEO HSH + Direct CCD,2026-02-13 15:06:38.859412,36.8,614.05003023052,477.4947320696712,,,20.516475493260195,0.0401298777915173
,INSTRUME,,,,5.1261315202752025,HSH,[17.66718459],0.3442569559961643,[-3.12916289],0.3425777520460991,-0.0573735036377396,0.0242838233092031,1.0,/home/knowogrodski/Documentos/observation_HSH/ulens_hsh/ulens_hsh/data/20250605/OGLE-2024-BLG-0034/phot_REDUCED/FBOGLE-2024-BLG-0034v0016_wcs/FBOGLE-2024-BLG-0034v0016_wcs_APT.fits,3.2197501369497283,0.3683296093055286,Direct CCD,,,psf,60832.175266,0.5306827892202272,False,3.1697448629611804,CASLEO HSH + Direct CCD,2026-02-13 15:06:56.547237,17.4,603.7469957906804,476.5896482229812,,,20.796347473489995,0.0339607943780245
,INSTRUME,,,,5.168044310407456,HSH,[17.87298161],0.3350014583476981,[-3.04764666],0.3334072249297425,-0.0559310865372031,0.0172337314076023,1.0,/home/knowogrodski/Documentos/observation_HSH/ulens_hsh/ulens_hsh/data/20250605/OGLE-2024-BLG-0034/phot_REDUCED/FBOGLE-2024-BLG-0034v0036_wcs/FBOGLE-2024-BLG-0034v0036_wcs_APT.fits,3.2005294454820694,0.1248325944239794,Direct CCD,,,psf,60832.197963,0.7158163555587914,False,3.1969095962242777,CASLEO HSH + Direct CCD,2026-02-13 15:07:14.128357,17.3,576.41628292053,480.1275156972496,,,20.920628266884524,0.0326435209457038
[16.32550863],INSTRUME,0.279919732864744,[-4.31384793],0.2785982352794205,7.686744010320739,HSH,,,,,-0.0573058418121364,0.0324540158680637,1.0,/home/knowogrodski/Documentos/observation_HSH/ulens_hsh/ulens_hsh/data/20250605/OGLE-2024-BLG-0034/phot_REDUCED/FBOGLE-2024-BLG-0034i0031_wcs/FBOGLE-2024-BLG-0034i0031_wcs_APT.fits,3.977137414276641,0.1571334516033895,Direct CCD,,,psf,60832.145394,0.6537391566496306,False,3.969181139456008,CASLEO HSH + Direct CCD,2026-02-13 15:07:34.646906,20.2,581.1208134312982,511.74960592590463,20.63935655280808,0.0271676304867083,,
[16.35234705],INSTRUME,0.3410827450777201,[-4.22773498],0.3388544291520768,5.544323493908163,HSH,,,,,-0.0823694552313074,0.0556537254497232,1.0,/home/knowogrodski/Documentos/observation_HSH/ulens_hsh/ulens_hsh/data/20250605/OGLE-2024-BLG-0034/phot_REDUCED/FBOGLE-2024-BLG-0034i0013_wcs/FBOGLE-2024-BLG-0034i0013_wcs_APT.fits,4.996589913373423,0.49005542789313,Direct CCD,,,psf,60832.124965,0.7632299505118851,False,4.857205872991168,CASLEO HSH + Direct CCD,2026-02-13 15:07:57.903266,23.0,605.876558033161,511.4439293842628,20.580082032580563,0.0389244760243871,,
,INSTRUME,,,,3.474673881190401,HSH,[18.19017581],0.490294787255603,[-2.74062416],0.4890067711420162,-0.0493414785686368,0.0300254826207746,0.1174343375543411,/home/knowogrodski/Documentos/observation_HSH/ulens_hsh/ulens_hsh/data/20250605/OGLE-2024-BLG-0034/phot_REDUCED/FBOGLE-2024-BLG-0034v0035_wcs/FBOGLE-2024-BLG-0034v0035_wcs_APT.fits,3.578638404060673,0.1299636106751092,Direct CCD,18.434179086227303,[17.78925155],psf,60832.196829,0.8901368328923328,False,3.5592150699917307,CASLEO HSH + Direct CCD,2026-02-13 15:08:40.501606,42.2,577.1437847912749,480.1083190293929,,,20.930799974880475,0.0355155766851221
[16.37302106],INSTRUME,0.2162042390081568,[-4.34066758],0.213429944671789,7.989508891603975,HSH,,,,,-0.0495539670289914,0.0308307210792847,1.0,/home/knowogrodski/Documentos/observation_HSH/ulens_hsh/ulens_hsh/data/20250605/OGLE-2024-BLG-0034/phot_REDUCED/FBOGLE-2024-BLG-0034i0030_wcs/FBOGLE-2024-BLG-0034i0030_wcs_APT.fits,4.046387185998572,0.2004682080303717,Direct CCD,,,psf,60832.144259,0.7468369045244776,False,4.026552496343859,CASLEO HSH + Direct CCD,2026-02-13 15:09:04.782977,24.0,582.0029969405003,511.8861063567863,20.7136886453017,0.034524363607361,,
[16.27591621],INSTRUME,0.2866182491291528,[-4.35003696],0.2847209464930753,6.7150313631454015,HSH,,,,,-0.0547494549902946,0.0349107590868669,1.0,/home/knowogrodski/Documentos/observation_HSH/ulens_hsh/ulens_hsh/data/20250605/OGLE-2024-BLG-0034/phot_REDUCED/FBOGLE-2024-BLG-0034i0017_wcs/FBOGLE-2024-BLG-0034i0017_wcs_APT.fits,4.630380614972999,0.1958751429918127,Direct CCD,,,psf,60832.129491,1.3227396151619952,False,4.597686281159901,CASLEO HSH + Direct CCD,2026-02-13 15:09:28.695890,23.6,597.6283394697116,511.0076973592321,20.62595317812705,0.0329242063222248,,
,INSTRUME,,,,2.8854143953614737,HSH,[17.89896493],0.5638923834075087,[-2.98970089],0.5624961901761881,-0.0293097927193305,0.045700279193138,0.0325286183059321,/home/knowogrodski/Documentos/observation_HSH/ulens_hsh/ulens_hsh/data/20250605/OGLE-2024-BLG-0034/phot_REDUCED/FBOGLE-2024-BLG-0034v0031_wcs/FBOGLE-2024-BLG-0034v0031_wcs_APT.fits,5.121425178833465,0.263065724467696,Direct CCD,17.93073845491503,[17.58291237],psf,60832.19228,0.6989708276116829,False,5.129888061209106,CASLEO HSH + Direct CCD,2026-02-13 15:10:08.820923,39.8,585.6284203406166,479.54138945103534,,,20.888665819175912,0.0396567283354842
[16.24214172],INSTRUME,0.2502081759307439,[-4.26390363],0.2484310673556976,7.426492813762104,HSH,,,,,-0.0601203896072907,0.0275725021018716,1.0,/home/knowogrodski/Documentos/observation_HSH/ulens_hsh/ulens_hsh/data/20250605/OGLE-2024-BLG-0034/phot_REDUCED/FBOGLE-2024-BLG-0034i0028_wcs/FBOGLE-2024-BLG-0034i0028_wcs_APT.fits,3.682788684592305,0.1563187625726871,Direct CCD,,,psf,60832.141991,0.3569200503037935,False,3.6756297379437433,CASLEO HSH + Direct CCD,2026-02-13 15:10:29.105065,20.0,585.6251706051668,511.1697108035658,20.506045353964712,0.029768037810694,,
,INSTRUME,,,,2.261942482300117,HSH,[17.8992806],0.7142732098439774,[-2.7325366],0.7133887957682065,-0.0374605578542726,0.0436957721949917,0.0252818844916176,/home/knowogrodski/Documentos/observation_HSH/ulens_hsh/ulens_hsh/data/20250605/OGLE-2024-BLG-0034/phot_REDUCED/FBOGLE-2024-BLG-0034v0010_wcs/FBOGLE-2024-BLG-0034v0010_wcs_APT.fits,4.603449427427273,0.1367428978630691,Direct CCD,17.507383991017413,[17.10883327],psf,60832.168449,0.864180344355041,False,4.58290267127046,CASLEO HSH + Direct CCD,2026-02-13 15:11:08.643967,39.2,608.3700684011735,476.88667087097934,,,20.63181720135341,0.0355337075634786
[16.29506554],INSTRUME,0.2130324709000381,[-4.54785465],0.2106529553549094,8.728570797210272,HSH,,,,,-0.0486755212684109,0.0377170811029795,1.0,/home/knowogrodski/Documentos/observation_HSH/ulens_hsh/ulens_hsh/data/20250605/OGLE-2024-BLG-0034/phot_REDUCED/FBOGLE-2024-BLG-0034i0009_wcs/FBOGLE-2024-BLG-0034i0009_wcs_APT.fits,4.8918102714066185,0.473766658066346,Direct CCD,,,psf,60832.120428,0.3549328900240268,False,4.816509551934806,CASLEO HSH + Direct CCD,2026-02-13 15:11:36.198153,27.2,613.6960853518128,512.7368970963029,20.842920188091824,0.0317516307930492,,
,INSTRUME,,,,3.783772132048463,HSH,[17.70000026],0.5800620670152967,[-2.89794612],0.5790079064128751,-0.0522671055461184,0.0260135537259238,0.3016830442597653,/home/knowogrodski/Documentos/observation_HSH/ulens_hsh/ulens_hsh/data/20250605/OGLE-2024-BLG-0034/phot_REDUCED/FBOGLE-2024-BLG-0034v0023_wcs/FBOGLE-2024-BLG-0034v0023_wcs_APT.fits,3.208694846095094,0.1418585361493749,Direct CCD,17.69934630850021,[17.35152022],psf,60832.183206,0.3539242384257526,False,3.202998878062118,CASLEO HSH + Direct CCD,2026-02-13 15:12:08.537911,32.1,593.3613665727902,478.71925426926055,,,20.59794638408968,0.034954912407811
[16.52930289],INSTRUME,0.4225239794709313,[-3.91868022],0.4208782017924546,4.316238373233506,HSH,,,,,-0.0472121881869382,0.0293687129787776,0.1042565094160377,/home/knowogrodski/Documentos/observation_HSH/ulens_hsh/ulens_hsh/data/20250605/OGLE-2024-BLG-0034/phot_REDUCED/FBOGLE-2024-BLG-0034i0035_wcs/FBOGLE-2024-BLG-0034i0035_wcs_APT.fits,4.456638899073702,0.3057736469465734,Direct CCD,16.680114206148236,[16.48446203],psf,60832.149919,0.3375920437667666,False,4.404301503239958,CASLEO HSH + Direct CCD,2026-02-13 15:13:01.378807,52.5,582.7967748616063,510.55531694352106,20.44798311264785,0.0372565763846035,,
[16.57922757],INSTRUME,0.3050737640745561,[-4.12496516],0.3035751858550589,5.692561119098497,HSH,,,,,-0.0506477666865743,0.0307896164023409,1.0,/home/knowogrodski/Documentos/observation_HSH/ulens_hsh/ulens_hsh/data/20250605/OGLE-2024-BLG-0034/phot_REDUCED/FBOGLE-2024-BLG-0034i0015_wcs/FBOGLE-2024-BLG-0034i0015_wcs_APT.fits,4.621772144113459,0.1705339504791188,Direct CCD,,,psf,60832.127222,0.0744898009007308,False,4.608453431654665,CASLEO HSH + Direct CCD,2026-02-13 15:13:33.822373,32.1,599.3985581082026,512.2179383271612,20.70419272602217,0.0302011267949458,,
[16.74621806],INSTRUME,0.3756806168697594,[-3.76922014],0.3746574325098289,4.588035681026716,HSH,,,,,-0.0556777667051195,0.0309443971929385,0.17934991158294,/home/knowogrodski/Documentos/observation_HSH/ulens_hsh/ulens_hsh/data/20250605/OGLE-2024-BLG-0034/phot_REDUCED/FBOGLE-2024-BLG-0034i0033_wcs/FBOGLE-2024-BLG-0034i0033_wcs_APT.fits,3.825294667544181,0.1575437283965857,Direct CCD,16.969846248298882,[16.57129552],psf,60832.14765,0.4592712663637449,False,3.80689435493358,CASLEO HSH + Direct CCD,2026-02-13 15:14:13.183832,39.1,582.4167038371262,511.4627579126003,20.515438191103595,0.0277080161106123,,
[16.25593581],INSTRUME,0.2663425900125933,[-4.11034943],0.263531731603868,7.173456139026496,HSH,,,,,-0.0647110419871378,0.0267615303764781,1.0,/home/knowogrodski/Documentos/observation_HSH/ulens_hsh/ulens_hsh/data/20250605/OGLE-2024-BLG-0034/phot_REDUCED/FBOGLE-2024-BLG-0034i0021_wcs/FBOGLE-2024-BLG-0034i0021_wcs_APT.fits,3.162120985673107,0.1353142184104441,Direct CCD,,,psf,60832.134039,0.4735869593430226,False,3.1548880679607616,CASLEO HSH + Direct CCD,2026-02-13 15:14:39.461984,26.0,594.8290580976249,511.22060360229386,20.366285242962583,0.0385927673597432,,
,INSTRUME,,,,2.432942771384895,HSH,[17.92438149],0.6589488634296626,[-2.73822324],0.6580926488817469,-0.0402263373401715,0.0426661023226025,0.0296812005284637,/home/knowogrodski/Documentos/observation_HSH/ulens_hsh/ulens_hsh/data/20250605/OGLE-2024-BLG-0034/phot_REDUCED/FBOGLE-2024-BLG-0034v0013_wcs/FBOGLE-2024-BLG-0034v0013_wcs_APT.fits,4.3375229400942805,0.1818928833779838,Direct CCD,17.420620177748038,[17.4133738],psf,60832.171852,0.6921238984090339,False,4.293679437909697,CASLEO HSH + Direct CCD,2026-02-13 15:15:21.558517,41.8,604.6904176808856,476.1880970648477,,,20.66260473667205,0.0335807996189795
,INSTRUME,,,,2.9522030210410075,HSH,[18.00610391],0.56452534664728,[-2.68058822],0.5635814215763818,-0.0504287638237787,0.01694257317589,0.1455525402689321,/home/knowogrodski/Documentos/observation_HSH/ulens_hsh/ulens_hsh/data/20250605/OGLE-2024-BLG-0034/phot_REDUCED/FBOGLE-2024-BLG-0034v0021_wcs/FBOGLE-2024-BLG-0034v0021_wcs_APT.fits,3.4683103492494736,0.4972657369329568,Direct CCD,17.938074030004838,[17.69169722],psf,60832.180926,0.3503513944091584,False,3.370115168037153,CASLEO HSH + Direct CCD,2026-02-13 15:15:53.043238,31.1,600.0992103560899,477.7168707711321,,,20.686692134806584,0.032632012827533
,INSTRUME,,,,3.129986948632627,HSH,[17.72079981],0.5128114242824939,[-2.88265999],0.5113195295357933,-0.0532622324512288,0.0280905516562654,0.0799601548852519,/home/knowogrodski/Documentos/observation_HSH/ulens_hsh/ulens_hsh/data/20250605/OGLE-2024-BLG-0034/phot_REDUCED/FBOGLE-2024-BLG-0034v0017_wcs/FBOGLE-2024-BLG-0034v0017_wcs_APT.fits,3.774891350140911,0.5663828216213822,Direct CCD,17.481086484101397,[17.48833286],psf,60832.1764,0.5055665153390191,False,3.651599819808615,CASLEO HSH + Direct CCD,2026-02-13 15:16:48.597862,55.3,600.9303985907746,477.05048739305215,,,20.60345979892843,0.0390883050276555
,INSTRUME,,,,3.863661825463712,HSH,[17.8522788],0.460551395209599,[-3.13037026],0.45906761901716,-0.032428516430499,0.0574517831801846,0.0748520387936956,/home/knowogrodski/Documentos/observation_HSH/ulens_hsh/ulens_hsh/data/20250605/OGLE-2024-BLG-0034/phot_REDUCED/FBOGLE-2024-BLG-0034v0034_wcs/FBOGLE-2024-BLG-0034v0034_wcs_APT.fits,4.656844041458979,0.4453781803360645,Direct CCD,17.90067122712282,[17.60356978],psf,60832.195694,0.5633759786635147,False,4.597021806998078,CASLEO HSH + Direct CCD,2026-02-13 15:17:29.376192,40.4,577.5479337194226,480.4597518772415,,,20.982649055953967,0.036939258241387
[16.22484617],INSTRUME,0.3218716090878034,[-4.11163283],0.3199097037621482,5.474209960101439,HSH,,,,,-0.0460776077762386,0.0369368251760712,1.0,/home/knowogrodski/Documentos/observation_HSH/ulens_hsh/ulens_hsh/data/20250605/OGLE-2024-BLG-0034/phot_REDUCED/FBOGLE-2024-BLG-0034i0020_wcs/FBOGLE-2024-BLG-0034i0020_wcs_APT.fits,3.97750118925254,0.19739963141456,Direct CCD,,,psf,60832.132905,0.855850858821137,False,3.957530517150489,CASLEO HSH + Direct CCD,2026-02-13 15:17:53.238744,23.6,592.9928931229318,511.5296939710206,20.33647899907345,0.0354839988669023,,
,INSTRUME,,,,1.5259841950295063,HSH,[18.67464941],0.983102532909388,[-1.97236659],0.9823606237261228,-0.0476792453966398,0.0229834168907659,0.0199149266512864,/home/knowogrodski/Documentos/observation_HSH/ulens_hsh/ulens_hsh/data/20250605/OGLE-2024-BLG-0034/phot_REDUCED/FBOGLE-2024-BLG-0034v0026_wcs/FBOGLE-2024-BLG-0034v0026_wcs_APT.fits,3.4780920300203,0.481707487317528,Direct CCD,17.954529675571074,[17.55597895],psf,60832.186609,0.7016111505797287,False,3.3872617713412496,CASLEO HSH + Direct CCD,2026-02-13 15:18:28.565566,35.0,589.9850124061672,478.54491490411687,,,20.647015996001304,0.0381863217039533
,INSTRUME,,,,3.5944844748837363,HSH,[17.85947442],0.5258725481898853,[-2.86825187],0.5248694771316758,-0.0514259528994974,0.0295607387620811,0.1723929031996784,/home/knowogrodski/Documentos/observation_HSH/ulens_hsh/ulens_hsh/data/20250605/OGLE-2024-BLG-0034/phot_REDUCED/FBOGLE-2024-BLG-0034v0030_wcs/FBOGLE-2024-BLG-0034v0030_wcs_APT.fits,3.535701164347924,0.1310077799687437,Direct CCD,18.06205271779585,[17.62002373],psf,60832.191146,1.4676189362112315,False,3.5090307706791743,CASLEO HSH + Direct CCD,2026-02-13 15:19:23.102547,54.3,584.9174833295403,479.2773313058884,,,20.727726285026787,0.0324648874207879
[16.33344307],INSTRUME,0.2109097203198999,[-4.50740274],0.2095272110833457,11.537161769718846,HSH,,,,,-0.0626702624094041,0.0282329774815321,1.0,/home/knowogrodski/Documentos/observation_HSH/ulens_hsh/ulens_hsh/data/20250605/OGLE-2024-BLG-0034/phot_REDUCED/FBOGLE-2024-BLG-0034i0008_wcs/FBOGLE-2024-BLG-0034i0008_wcs_APT.fits,3.635950390640583,0.1744168971482916,Direct CCD,,,psf,60832.119294,0.6539177256682184,False,3.6282050044834735,CASLEO HSH + Direct CCD,2026-02-13 15:19:47.648542,24.3,613.8485455085507,511.9112569057872,20.84084581181624,0.0241092915916977,,
[16.32420385],INSTRUME,0.4068538896353148,[-3.71371119],0.4054013838227384,4.510809471555603,HSH,,,,,-0.0645825244296184,0.0247278887892375,0.5592895741856169,/home/knowogrodski/Documentos/observation_HSH/ulens_hsh/ulens_hsh/data/20250605/OGLE-2024-BLG-0034/phot_REDUCED/FBOGLE-2024-BLG-0034i0019_wcs/FBOGLE-2024-BLG-0034i0019_wcs_APT.fits,3.1386328448106218,0.095412600310813,Direct CCD,16.55404384193504,[16.30766703],psf,60832.131759,0.2501088002583158,False,3.123430970836141,CASLEO HSH + Direct CCD,2026-02-13 15:20:31.196566,43.3,597.1611184506149,511.5293883567271,20.037915040844084,0.0343482969882594,,
,INSTRUME,,,,0.6271404141436576,HSH,[19.16678802],1.7840103286111986,[-1.33390201],1.7836168674721966,-0.0343124448580083,0.0338317626344171,0.0036918281061454,/home/knowogrodski/Documentos/observation_HSH/ulens_hsh/ulens_hsh/data/20250605/OGLE-2024-BLG-0034/phot_REDUCED/FBOGLE-2024-BLG-0034v0004_wcs/FBOGLE-2024-BLG-0034v0004_wcs_APT.fits,4.30465657130596,0.1524186291285664,Direct CCD,17.31497139642358,[17.2207685],psf,60832.161644,1.2412077968548605,False,4.287714785705603,CASLEO HSH + Direct CCD,2026-02-13 15:21:09.784375,38.3,617.9909300096247,474.963313624578,,,20.50069002649636,0.0374662869804946
[16.34136001],INSTRUME,0.2790959683517246,[-4.33990582],0.2760298013414271,6.127112138335941,HSH,,,,,-0.0670354197580224,0.0471082524122675,1.0,/home/knowogrodski/Documentos/observation_HSH/ulens_hsh/ulens_hsh/data/20250605/OGLE-2024-BLG-0034/phot_REDUCED/FBOGLE-2024-BLG-0034i0029_wcs/FBOGLE-2024-BLG-0034i0029_wcs_APT.fits,5.059761676638119,0.8586236717804329,Direct CCD,,,psf,60832.143125,0.4095942635066845,False,5.001652721856108,CASLEO HSH + Direct CCD,2026-02-13 15:21:40.154369,30.1,584.7724766169607,511.0912273303768,20.681265831111528,0.041256615488903,,
[16.33838833],INSTRUME,0.3835892050095081,[-4.19712163],0.3818538568931959,4.489091549704468,HSH,,,,,-0.0432746409006094,0.0644885121559705,0.0628555045294864,/home/knowogrodski/Documentos/observation_HSH/ulens_hsh/ulens_hsh/data/20250605/OGLE-2024-BLG-0034/phot_REDUCED/FBOGLE-2024-BLG-0034i0016_wcs/FBOGLE-2024-BLG-0034i0016_wcs_APT.fits,5.710123059227398,0.2895754414580107,Direct CCD,16.14420679965754,[16.15145318],psf,60832.128356,0.5697203720216371,False,5.660579427147744,CASLEO HSH + Direct CCD,2026-02-13 15:22:32.322220,51.9,603.4655555258313,510.9911532167265,20.535509964701223,0.0364459898427396,,
,INSTRUME,,,,2.616044562682108,HSH,[18.36699681],0.6199324651029345,[-2.53910952],0.6187536068293311,-0.0573990753516328,0.0402229498806166,0.0474307781226138,/home/knowogrodski/Documentos/observation_HSH/ulens_hsh/ulens_hsh/data/20250605/OGLE-2024-BLG-0034/phot_REDUCED/FBOGLE-2024-BLG-0034v0032_wcs/FBOGLE-2024-BLG-0034v0032_wcs_APT.fits,3.876223290443813,0.8487232211975927,Direct CCD,18.432256739873623,[17.68587993],psf,60832.193414,0.7675093775547364,False,3.7241760745250576,CASLEO HSH + Direct CCD,2026-02-13 15:23:13.752273,41.1,581.2677611390085,479.1004448032893,,,20.906106330433417,0.0382130255841478
,INSTRUME,,,,1.3617300621824375,HSH,[18.04558236],1.1221218346795734,[-2.52274077],1.121111975397845,-0.0185133815599388,0.0781367965295518,0.0054194147677262,/home/knowogrodski/Documentos/observation_HSH/ulens_hsh/ulens_hsh/data/20250605/OGLE-2024-BLG-0034/phot_REDUCED/FBOGLE-2024-BLG-0034v0028_wcs/FBOGLE-2024-BLG-0034v0028_wcs_APT.fits,6.119643503620933,0.6831053821499811,Direct CCD,16.903240474562622,[16.75831294],psf,60832.188877,2.756540266629662,False,6.311021969273879,CASLEO HSH + Direct CCD,2026-02-13 15:23:58.090696,44.0,585.2486562443132,477.9771546915155,,,20.56832313295452,0.0475956981689973
,INSTRUME,,,,0.7407620745885236,HSH,[19.10405154],1.027253116217289,[-1.20026002],1.026541779849521,-0.036971729644226,0.0246254938542841,0.7872906116548803,/home/knowogrodski/Documentos/observation_HSH/ulens_hsh/ulens_hsh/data/20250605/OGLE-2024-BLG-0034/phot_REDUCED/OGLE-2024-BLG-0034_v_comb/OGLE-2024-BLG-0034_v_comb_APT.fits,3.503146196385256,0.1661151080936962,Direct CCD,19.968331876758302,[19.01905651],psf,60832.17980115383,0.350546525318849,False,3.519974619009075,CASLEO HSH + Direct CCD,2026-02-13 15:24:32.708425,34.3,598.9544944163576,477.3719650880786,,,20.3043115555724,0.0382222317703816
,INSTRUME,,,,2.2697305605730738,HSH,[18.37039087],0.6517620486435957,[-2.46753053],0.6510687275793368,-0.0405170953625755,0.0333357900435007,0.033016191301709,/home/knowogrodski/Documentos/observation_HSH/ulens_hsh/ulens_hsh/data/20250605/OGLE-2024-BLG-0034/phot_REDUCED/FBOGLE-2024-BLG-0034v0015_wcs/FBOGLE-2024-BLG-0034v0015_wcs_APT.fits,3.926360576858215,0.4608797408128918,Direct CCD,17.764121393502535,[17.80759965],psf,60832.174132,1.323094273423681,False,3.8652256738637,CASLEO HSH + Direct CCD,2026-02-13 15:25:13.890937,40.9,601.1647733372779,475.8694615109021,,,20.837921395155085,0.0300546172878657
,INSTRUME,,,,1.3211522475151318,HSH,[18.22876722],1.334953487613887,[-2.21962828],1.3344552455733822,-0.0430831225186438,0.0397778776609065,0.0075520048056281,/home/knowogrodski/Documentos/observation_HSH/ulens_hsh/ulens_hsh/data/20250605/OGLE-2024-BLG-0034/phot_REDUCED/FBOGLE-2024-BLG-0034v0012_wcs/FBOGLE-2024-BLG-0034v0012_wcs_APT.fits,4.578528275490258,0.3073375074725432,Direct CCD,16.972131178897197,[17.03010219],psf,60832.170718,0.5009486708594302,False,4.591649857234076,CASLEO HSH + Direct CCD,2026-02-13 15:25:53.911237,39.7,607.2595005157867,477.208639988989,,,20.448395503385907,0.0364693248383438
,INSTRUME,,,,2.724252278100514,HSH,[18.23754714],0.6105692000117624,[-2.54953662],0.6096467127792764,-0.0485721974440041,0.0304349893061529,0.0617563557997905,/home/knowogrodski/Documentos/observation_HSH/ulens_hsh/ulens_hsh/data/20250605/OGLE-2024-BLG-0034/phot_REDUCED/FBOGLE-2024-BLG-0034v0025_wcs/FBOGLE-2024-BLG-0034v0025_wcs_APT.fits,3.5266851073605743,0.1441572177958254,Direct CCD,17.783581117940223,[17.58792894],psf,60832.185475,0.8502526099047825,False,3.494575122250817,CASLEO HSH + Direct CCD,2026-02-13 15:26:29.436219,35.2,590.1781376729979,477.87764220834407,,,20.78708375593147,0.0335504634904787
[16.27589685],INSTRUME,0.2400244258834111,[-4.60068978],0.2374517026362469,9.506475269336494,HSH,,,,,-0.0746115132174348,0.0375149675521048,1.0,/home/knowogrodski/Documentos/observation_HSH/ulens_hsh/ulens_hsh/data/20250605/OGLE-2024-BLG-0034/phot_REDUCED/FBOGLE-2024-BLG-0034i0007_wcs/FBOGLE-2024-BLG-0034i0007_wcs_APT.fits,4.8578715713208265,0.5684524809934934,Direct CCD,,,psf,60832.11816,1.3070418857642856,False,4.741088116563712,CASLEO HSH + Direct CCD,2026-02-13 15:27:01.991828,32.2,618.2623031472897,512.5123838067778,20.87658663333096,0.0350487365793471,,
[16.60363434],INSTRUME,0.2720866134503173,[-4.21015645],0.1909709263315645,5.199998168676205,HSH,,,,,-0.0218851870402529,0.1821841429127409,1.0,/home/knowogrodski/Documentos/observation_HSH/ulens_hsh/ulens_hsh/data/20250605/OGLE-2024-BLG-0034/phot_REDUCED/FBOGLE-2024-BLG-0034i0010_wcs/FBOGLE-2024-BLG-0034i0010_wcs_APT.fits,5.79845383738628,0.8370659491433274,Direct CCD,,,ap,60832.121563,0.0,False,5.494471390161499,CASLEO HSH + Direct CCD,2026-02-13 15:27:14.467350,12.2,610.4649925039832,512.6150885763047,20.83567597844064,0.0661072506316559,,
[16.36453295],INSTRUME,0.2106635926313605,[-4.43320972],0.2080603516488744,8.535015248606596,HSH,,,,,-0.0479555681838331,0.0286090265383695,1.0,/home/knowogrodski/Documentos/observation_HSH/ulens_hsh/ulens_hsh/data/20250605/OGLE-2024-BLG-0034/phot_REDUCED/FBOGLE-2024-BLG-0034i0005_wcs/FBOGLE-2024-BLG-0034i0005_wcs_APT.fits,4.448609405439435,0.252153369479192,Direct CCD,,,psf,60832.115868,0.3158406282977341,False,4.402444116399345,CASLEO HSH + Direct CCD,2026-02-13 15:27:43.920210,29.1,616.3145827336634,513.3451110569115,20.797742669253857,0.0330157437005219,,
[16.41109028],INSTRUME,0.3061605638820999,[-4.18996497],0.3045767115645746,5.643507554924368,HSH,,,,,-0.0490536258285351,0.0426278121417584,1.0,/home/knowogrodski/Documentos/observation_HSH/ulens_hsh/ulens_hsh/data/20250605/OGLE-2024-BLG-0034/phot_REDUCED/FBOGLE-2024-BLG-0034i0024_wcs/FBOGLE-2024-BLG-0034i0024_wcs_APT.fits,4.673656832532979,0.2767394359431738,Direct CCD,,,psf,60832.137454,0.209646048925421,False,4.6188077013260695,CASLEO HSH + Direct CCD,2026-02-13 15:28:10.392897,26.1,592.0437643385194,511.4383447133712,20.601055243712,0.0311017306450179,,
[16.3624709],INSTRUME,0.211116563902236,[-4.40357358],0.2089666574833966,10.039296422778982,HSH,,,,,-0.0758140482013451,0.0326511930782143,1.0,/home/knowogrodski/Documentos/observation_HSH/ulens_hsh/ulens_hsh/data/20250605/OGLE-2024-BLG-0034/phot_REDUCED/FBOGLE-2024-BLG-0034i0004_wcs/FBOGLE-2024-BLG-0034i0004_wcs_APT.fits,3.669436769939952,0.205837410643864,Direct CCD,,,psf,60832.114745,0.4795833856928135,False,3.655594839805037,CASLEO HSH + Direct CCD,2026-02-13 15:28:40.101731,29.5,622.776004994306,512.9876891023293,20.766044487582505,0.0300522813460762,,
,INSTRUME,,,,4.273347953825632,HSH,[17.99111866],0.376356441861678,[-2.95955035],0.3745869130249135,-0.0479139102485955,0.0372028872376554,0.2219443835934093,/home/knowogrodski/Documentos/observation_HSH/ulens_hsh/ulens_hsh/data/20250605/OGLE-2024-BLG-0034/phot_REDUCED/FBOGLE-2024-BLG-0034v0033_wcs/FBOGLE-2024-BLG-0034v0033_wcs_APT.fits,3.5818825942364696,0.1270822296793848,Direct CCD,17.9034902253091,[17.86001196],psf,60832.19456,0.9720398318301706,False,3.562757266688111,CASLEO HSH + Direct CCD,2026-02-13 15:29:16.670858,36.1,577.5428014250449,480.4510110787786,,,20.950669008830413,0.036452927471584
,INSTRUME,,,,1.2626890263114303,HSH,[18.6600304],1.147285137351947,[-2.22324276],1.1465777531840686,-0.0362716816820787,0.1245915627178739,0.0053496563862144,/home/knowogrodski/Documentos/observation_HSH/ulens_hsh/ulens_hsh/data/20250605/OGLE-2024-BLG-0034/phot_REDUCED/FBOGLE-2024-BLG-0034v0029_wcs/FBOGLE-2024-BLG-0034v0029_wcs_APT.fits,5.540571009405849,1.0691378311214554,Direct CCD,17.096886434153507,[17.24181397],psf,60832.190012,0.8329473049138354,False,5.698649269291688,CASLEO HSH + Direct CCD,2026-02-13 15:30:16.959933,60.0,586.6651817826282,479.8165751819943,,,20.8832731681177,0.0402820343583745
,INSTRUME,,,,2.31515929443527,HSH,[17.78200882],0.6517315090518414,[-2.55787305],0.650960875530906,-0.054228956788925,0.0173729535983571,0.0866534180672649,/home/knowogrodski/Documentos/observation_HSH/ulens_hsh/ulens_hsh/data/20250605/OGLE-2024-BLG-0034/phot_REDUCED/FBOGLE-2024-BLG-0034v0001_wcs/FBOGLE-2024-BLG-0034v0001_wcs_APT.fits,3.429822432937017,0.0690125551268875,Direct CCD,17.171872716641268,[17.07766982],psf,60832.158252,0.3522820232722166,False,3.4280747250323875,CASLEO HSH + Direct CCD,2026-02-13 15:31:04.832174,47.6,617.8496246754366,476.4898821488757,,,20.339881871049485,0.0316843560614195
,INSTRUME,,,,2.635541119762648,HSH,[18.11607593],0.5917808672824919,[-2.79496242],0.5906872623523298,-0.037899702917934,0.0426510294178688,0.0255821030045467,/home/knowogrodski/Documentos/observation_HSH/ulens_hsh/ulens_hsh/data/20250605/OGLE-2024-BLG-0034/phot_REDUCED/FBOGLE-2024-BLG-0034v0024_wcs/FBOGLE-2024-BLG-0034v0024_wcs_APT.fits,4.746509516286803,0.5148344408002375,Direct CCD,17.610239377228048,[17.51603648],psf,60832.18434,1.2695447804410362,False,4.640934447818397,CASLEO HSH + Direct CCD,2026-02-13 15:31:50.864255,45.7,593.2282981773943,477.7992253335388,,,20.911038342514143,0.0359604362644305
,INSTRUME,,,,4.474455549826605,HSH,[17.54519322],0.3918536458470344,[-3.19593724],0.3905805395804778,-0.0477862528130813,0.0457683969850489,0.2752874449741694,/home/knowogrodski/Documentos/observation_HSH/ulens_hsh/ulens_hsh/data/20250605/OGLE-2024-BLG-0034/phot_REDUCED/FBOGLE-2024-BLG-0034v0014_wcs/FBOGLE-2024-BLG-0034v0014_wcs_APT.fits,3.739412337243943,0.4777156053250033,Direct CCD,17.726357768089166,[17.63215487],psf,60832.172986,0.9874768479324092,False,3.6555054421472746,CASLEO HSH + Direct CCD,2026-02-13 15:32:21.375175,30.2,604.7971179949299,476.7245387329368,,,20.741130458679965,0.0315613983314411
[16.2388761],INSTRUME,0.203182280503806,[-4.66220724],0.2003659119854079,8.979234380192008,HSH,,,,,-0.045288184869965,0.0481104940247856,1.0,/home/knowogrodski/Documentos/observation_HSH/ulens_hsh/ulens_hsh/data/20250605/OGLE-2024-BLG-0034/phot_REDUCED/FBOGLE-2024-BLG-0034i0002_wcs/FBOGLE-2024-BLG-0034i0002_wcs_APT.fits,5.361555336942748,0.4578180963849833,Direct CCD,,,psf,60832.112465,0.4514159200173045,False,5.2678026161215605,CASLEO HSH + Direct CCD,2026-02-13 15:32:52.122924,30.3,619.8290680303002,513.8073917116759,20.90108333172511,0.0337126152201674,,
[16.38157005],INSTRUME,0.4035466977720284,[-4.00484246],0.4014392986388324,4.193273445335039,HSH,,,,,-0.033862540060986,0.039794172720129,0.0754869279210637,/home/knowogrodski/Documentos/observation_HSH/ulens_hsh/ulens_hsh/data/20250605/OGLE-2024-BLG-0034/phot_REDUCED/FBOGLE-2024-BLG-0034i0034_wcs/FBOGLE-2024-BLG-0034i0034_wcs_APT.fits,4.855600374542851,0.269530550064727,Direct CCD,16.426864871839197,[16.38338661],psf,60832.148785,0.3519089450975907,False,4.8109680297945605,CASLEO HSH + Direct CCD,2026-02-13 15:33:35.957175,43.6,579.9630125757805,511.0568592054204,20.386412507607226,0.041187701939671,,
,INSTRUME,,,,2.312828001245119,HSH,[17.68314145],0.6403003052343793,[-2.78266927],0.6392849932601503,-0.0397386261632392,0.0465517433950897,0.0322172680378933,/home/knowogrodski/Documentos/observation_HSH/ulens_hsh/ulens_hsh/data/20250605/OGLE-2024-BLG-0034/phot_REDUCED/FBOGLE-2024-BLG-0034v0003_wcs/FBOGLE-2024-BLG-0034v0003_wcs_APT.fits,4.405492346405425,0.1622262073238252,Direct CCD,16.967084348835222,[17.07578],psf,60832.160509,2.4685844695562293,False,4.377574736452745,CASLEO HSH + Direct CCD,2026-02-13 15:34:18.707501,42.5,620.9258347191644,476.1610079801613,,,20.46581072362936,0.0360441156863214
,INSTRUME,,,,1.781093482657883,HSH,[18.27654249],0.7706160015133686,[-2.40194275],0.77006203555907,-0.0517925291739551,0.0438871962849322,0.0139064115766239,/home/knowogrodski/Documentos/observation_HSH/ulens_hsh/ulens_hsh/data/20250605/OGLE-2024-BLG-0034/phot_REDUCED/FBOGLE-2024-BLG-0034v0009_wcs/FBOGLE-2024-BLG-0034v0009_wcs_APT.fits,4.435045105153162,0.3352583617465831,Direct CCD,17.469162520601678,[17.37495962],psf,60832.167315,1.172628898547787,False,4.39069728033358,CASLEO HSH + Direct CCD,2026-02-13 15:34:56.647648,37.6,609.8428605973246,476.4010336820062,,,20.67848523451744,0.0292144344301533
[16.41276045],INSTRUME,0.3522366163796205,[-4.08769161],0.3507983541644694,4.737538692155289,HSH,,,,,-0.0408079699820752,0.0379612890684369,0.1106406756735144,/home/knowogrodski/Documentos/observation_HSH/ulens_hsh/ulens_hsh/data/20250605/OGLE-2024-BLG-0034/phot_REDUCED/FBOGLE-2024-BLG-0034i0026_wcs/FBOGLE-2024-BLG-0034i0026_wcs_APT.fits,4.826553389426138,0.253774853734395,Direct CCD,16.36145005533923,[16.21652252],psf,60832.139722,0.2048570273641414,False,4.786041172064249,CASLEO HSH + Direct CCD,2026-02-13 15:35:37.523864,40.6,593.5310128330844,511.2900184806254,20.50045206614263,0.03179856339622,,
[16.28586053],INSTRUME,0.2426451341732986,[-4.27859572],0.2412005328832195,7.315266059134255,HSH,,,,,-0.0533903692355367,0.0300743396288053,1.0,/home/knowogrodski/Documentos/observation_HSH/ulens_hsh/ulens_hsh/data/20250605/OGLE-2024-BLG-0034/phot_REDUCED/FBOGLE-2024-BLG-0034i0027_wcs/FBOGLE-2024-BLG-0034i0027_wcs_APT.fits,3.914438024644045,0.1446593630913609,Direct CCD,,,psf,60832.140856,0.3776345814492331,False,3.900083034875317,CASLEO HSH + Direct CCD,2026-02-13 15:36:02.093727,24.3,585.0679927038866,511.75752006993423,20.564456247079143,0.0264379287166941,,
[16.12198583],INSTRUME,0.1527034559119153,[-4.71768621],0.1501950255012518,12.007309167568405,HSH,,,,,-0.0589955668330245,0.0302919350116236,1.0,/home/knowogrodski/Documentos/observation_HSH/ulens_hsh/ulens_hsh/data/20250605/OGLE-2024-BLG-0034/phot_REDUCED/FBOGLE-2024-BLG-0034i0006_wcs/FBOGLE-2024-BLG-0034i0006_wcs_APT.fits,4.25577282209543,0.1193420432369513,Direct CCD,,,psf,60832.117014,0.1521291122522404,False,4.247882799110529,CASLEO HSH + Direct CCD,2026-02-13 15:36:26.120072,23.7,618.0442814374047,513.3572418104435,20.839672034118724,0.0275644655692901,,
,INSTRUME,,,,1.5772307590179564,HSH,[18.41060503],0.9893764975058472,[-2.18325021],0.988686289785958,-0.0437351395158229,0.0277358037336336,0.0148161415459034,/home/knowogrodski/Documentos/observation_HSH/ulens_hsh/ulens_hsh/data/20250605/OGLE-2024-BLG-0034/phot_REDUCED/FBOGLE-2024-BLG-0034v0002_wcs/FBOGLE-2024-BLG-0034v0002_wcs_APT.fits,3.93736904975132,0.1497356726197064,Direct CCD,17.92038414958717,[17.27545661],psf,60832.159387,2.074043781014356,False,3.9176299212399344,CASLEO HSH + Direct CCD,2026-02-13 15:36:57.444960,31.1,617.0148061346626,475.5911496545288,,,20.593855242499966,0.0369496171321845
[16.13204444],INSTRUME,0.2566599859591394,[-4.38331657],0.2548978233061942,7.236048185518254,HSH,,,,,-0.0601013355776435,0.0318118787895024,1.0,/home/knowogrodski/Documentos/observation_HSH/ulens_hsh/ulens_hsh/data/20250605/OGLE-2024-BLG-0034/phot_REDUCED/FBOGLE-2024-BLG-0034i0025_wcs/FBOGLE-2024-BLG-0034i0025_wcs_APT.fits,4.227145962759657,0.2719270496757237,Direct CCD,,,psf,60832.138588,0.3114003790187269,False,4.199455088290398,CASLEO HSH + Direct CCD,2026-02-13 15:37:17.413663,19.7,589.6361960441686,510.9723747302404,20.51536101053881,0.0300241247384477,,
[16.58633309],INSTRUME,0.3499192211644274,[-4.04206057],0.3481808751155805,4.665363487982319,HSH,,,,,-0.0527008368367881,0.0439316116182278,0.0915899945598425,/home/knowogrodski/Documentos/observation_HSH/ulens_hsh/ulens_hsh/data/20250605/OGLE-2024-BLG-0034/phot_REDUCED/FBOGLE-2024-BLG-0034i0011_wcs/FBOGLE-2024-BLG-0034i0011_wcs_APT.fits,5.0791428534942815,0.2529769994094435,Direct CCD,16.36747012307888,[16.46167302],psf,60832.122697,0.4293490016155951,False,5.032864424099708,CASLEO HSH + Direct CCD,2026-02-13 15:37:54.365324,36.7,607.2407900334779,512.5641841242688,20.628393660501807,0.0348358944777941,,
[16.48456404],INSTRUME,0.4429996341561921,[-4.02846925],0.4417502826565707,4.34269588114805,HSH,,,,,-0.0453148806153354,0.0476354255755043,0.0694903912497909,/home/knowogrodski/Documentos/observation_HSH/ulens_hsh/ulens_hsh/data/20250605/OGLE-2024-BLG-0034/phot_REDUCED/FBOGLE-2024-BLG-0034i0018_wcs/FBOGLE-2024-BLG-0034i0018_wcs_APT.fits,4.996272240655167,0.2341877283400185,Direct CCD,16.368909654536452,[16.32543139],psf,60832.130625,1.0822485486123126,False,4.943065188443306,CASLEO HSH + Direct CCD,2026-02-13 15:38:38.256029,43.6,598.160831227029,510.84711923623206,20.51303328778576,0.0332470094197951,,
[16.36217302],INSTRUME,0.3045096878787016,[-4.123639],0.3028772023581651,5.468172187725245,HSH,,,,,-0.0506930695963582,0.0340598775013023,1.0,/home/knowogrodski/Documentos/observation_HSH/ulens_hsh/ulens_hsh/data/20250605/OGLE-2024-BLG-0034/phot_REDUCED/FBOGLE-2024-BLG-0034i0022_wcs/FBOGLE-2024-BLG-0034i0022_wcs_APT.fits,4.360020652121532,0.2514244717851854,Direct CCD,,,psf,60832.135174,0.3161016475723862,False,4.319166413577944,CASLEO HSH + Direct CCD,2026-02-13 15:38:58.732268,20.2,591.6889142854122,511.7190019257744,20.48581202150389,0.0314888917505107,,
,INSTRUME,,,,5.323739361016696,HSH,[17.72012452],0.3542717895003366,[-3.22497335],0.3528602449439746,-0.0526707508114856,0.0367118644193933,1.0,/home/knowogrodski/Documentos/observation_HSH/ulens_hsh/ulens_hsh/data/20250605/OGLE-2024-BLG-0034/phot_REDUCED/FBOGLE-2024-BLG-0034v0037_wcs/FBOGLE-2024-BLG-0034v0037_wcs_APT.fits,3.65096809570572,0.1221056433730137,Direct CCD,,,psf,60832.199097,1.6110932955246022,False,3.6332042905306703,CASLEO HSH + Direct CCD,2026-02-13 15:39:17.695435,18.7,572.6705161507609,482.2561461903225,,,20.945097869289288,0.0315934862566488
,INSTRUME,,,,1.5739757204110898,HSH,[18.51661422],1.0145887858147948,[-2.14395535],1.0140717982459817,-0.0478329225837168,0.028735111316164,0.015580578068038,/home/knowogrodski/Documentos/observation_HSH/ulens_hsh/ulens_hsh/data/20250605/OGLE-2024-BLG-0034/phot_REDUCED/FBOGLE-2024-BLG-0034v0005_wcs/FBOGLE-2024-BLG-0034v0005_wcs_APT.fits,3.889501523234837,0.451850282508088,Direct CCD,17.527931218367033,[17.33227904],psf,60832.162778,0.4374787606177902,False,3.8250551296201127,CASLEO HSH + Direct CCD,2026-02-13 15:39:44.955271,27.0,613.019236093875,475.2707614836951,,,20.66056957405112,0.0323850629658272
,INSTRUME,,,,3.591983157050481,HSH,[17.80829532],0.448708383960327,[-3.13317554],0.4471990728490482,-0.0531057330342892,0.0760228027844583,0.0604259948993382,/home/knowogrodski/Documentos/observation_HSH/ulens_hsh/ulens_hsh/data/20250605/OGLE-2024-BLG-0034/phot_REDUCED/FBOGLE-2024-BLG-0034v0039_wcs/FBOGLE-2024-BLG-0034v0039_wcs_APT.fits,4.904978558750572,0.6577574939619282,Direct CCD,17.45499161499965,[17.8028177],psf,60832.201366,0.6105249800432913,False,4.7434975471422725,CASLEO HSH + Direct CCD,2026-02-13 15:40:18.213110,33.0,571.7401705157996,481.00177362091176,,,20.9414708644433,0.0367723140316182
[16.29877487],INSTRUME,0.3398225609172404,[-3.72458898],0.3386657841256645,3.8405169376978976,HSH,,,,,-0.0674303781110304,0.0381892300598971,0.9999778920429722,/home/knowogrodski/Documentos/observation_HSH/ulens_hsh/ulens_hsh/data/20250605/OGLE-2024-BLG-0034/phot_REDUCED/OGLE-2024-BLG-0034_i_comb/OGLE-2024-BLG-0034_i_comb_APT.fits,4.541309770787505,0.1936911186451328,Direct CCD,17.58364182432415,[16.83726501],psf,60832.13147714286,0.2855601286723629,False,4.524753416566832,CASLEO HSH + Direct CCD,2026-02-13 15:40:50.376185,31.9,597.1715900284383,511.4943866853531,20.02336384327272,0.0280153452754093,,
[16.13284771],INSTRUME,0.3058119975052148,[-4.27405818],0.3035195981265057,5.332903301075892,HSH,,,,,-0.0546033959286602,0.0456724241970108,1.0,/home/knowogrodski/Documentos/observation_HSH/ulens_hsh/ulens_hsh/data/20250605/OGLE-2024-BLG-0034/phot_REDUCED/FBOGLE-2024-BLG-0034i0012_wcs/FBOGLE-2024-BLG-0034i0012_wcs_APT.fits,5.0384523959549785,0.3300496524917179,Direct CCD,,,psf,60832.123831,0.0636082984177887,False,4.981272688310329,CASLEO HSH + Direct CCD,2026-02-13 15:41:18.527903,27.8,603.185431443272,512.6848326031158,20.40690589328954,0.0373742072993387,,
[16.46486574],INSTRUME,0.3022781505368263,[-4.19851723],0.3004986715136311,5.767413838221191,HSH,,,,,-0.0543246982836936,0.0384948269031689,1.0,/home/knowogrodski/Documentos/observation_HSH/ulens_hsh/ulens_hsh/data/20250605/OGLE-2024-BLG-0034/phot_REDUCED/FBOGLE-2024-BLG-0034i0014_wcs/FBOGLE-2024-BLG-0034i0014_wcs_APT.fits,4.813394744810679,0.2673308996515978,Direct CCD,,,psf,60832.126088,0.4956586064243006,False,4.7749017370004925,CASLEO HSH + Direct CCD,2026-02-13 15:41:43.521155,24.7,603.0416707596414,512.2233087395969,20.663382974062174,0.0327510108318356,,
,INSTRUME,,,,0.0669441554448501,HSH,[21.20685539],3.006836629123017,[0.72308123],3.006072554526323,-0.1038467559832547,0.0372951452058479,0.4857672618527655,/home/knowogrodski/Documentos/observation_HSH/ulens_hsh/ulens_hsh/data/20250605/OGLE-2024-BLG-0034/phot_REDUCED/FBOGLE-2024-BLG-0034v0006_wcs/FBOGLE-2024-BLG-0034v0006_wcs_APT.fits,6.111630419396941,0.438119642422509,Direct CCD,16.52282344048458,[16.87064953],ap,60832.163912,0.0,False,5.899461409671052,CASLEO HSH + Direct CCD,2026-02-13 15:41:58.467073,14.7,612.9480306922155,476.0592487149463,,,20.587620912228783,0.0565984390555766
[16.31692801],INSTRUME,0.2106387848217114,[-4.52732108],0.2081720185426993,9.933317276917013,HSH,,,,,-0.0555390570081864,0.0308800718940692,1.0,/home/knowogrodski/Documentos/observation_HSH/ulens_hsh/ulens_hsh/data/20250605/OGLE-2024-BLG-0034/phot_REDUCED/FBOGLE-2024-BLG-0034i0001_wcs/FBOGLE-2024-BLG-0034i0001_wcs_APT.fits,4.298935273006081,0.1945778069531705,Direct CCD,,,psf,60832.111343,0.2055869562889012,False,4.268567981260874,CASLEO HSH + Direct CCD,2026-02-13 15:42:25.405259,26.7,624.4094950736069,513.7549769186286,20.844249091752943,0.032142003158255,,
[16.66624829],INSTRUME,0.3023266692844971,[-3.97365725],0.3003107256367372,5.772352080344151,HSH,,,,,-0.0537545986891328,0.0283396809575933,1.0,/home/knowogrodski/Documentos/observation_HSH/ulens_hsh/ulens_hsh/data/20250605/OGLE-2024-BLG-0034/phot_REDUCED/FBOGLE-2024-BLG-0034i0032_wcs/FBOGLE-2024-BLG-0034i0032_wcs_APT.fits,3.8698579624673184,0.204797197721961,Direct CCD,,,psf,60832.146516,0.1876681143088802,False,3.848064431737576,CASLEO HSH + Direct CCD,2026-02-13 15:42:51.531471,25.8,582.8052577176434,510.7971940825054,20.63990553484996,0.0348551721871237,,
,INSTRUME,,,,1.964699189242817,HSH,[17.95564819],0.753569059789316,[-2.53581652],0.7528285689693865,-0.0370375055243868,0.0192518938988778,0.0244422167992153,/home/knowogrodski/Documentos/observation_HSH/ulens_hsh/ulens_hsh/data/20250605/OGLE-2024-BLG-0034/phot_REDUCED/FBOGLE-2024-BLG-0034v0008_wcs/FBOGLE-2024-BLG-0034v0008_wcs_APT.fits,4.168624416555421,0.1257041420457934,Direct CCD,17.483895617903418,[17.37519997],psf,60832.166181,0.6988439679621006,False,4.149341334067504,CASLEO HSH + Direct CCD,2026-02-13 15:43:23.509247,31.7,607.5973498760314,477.08382249226776,,,20.49146471819665,0.033398706790224
,INSTRUME,,,,3.3514218815544696,HSH,[18.1769268],0.5027501035364736,[-2.78477715],0.5016581152314962,-0.0452420255456725,0.0283935528640682,0.0906749536334247,/home/knowogrodski/Documentos/observation_HSH/ulens_hsh/ulens_hsh/data/20250605/OGLE-2024-BLG-0034/phot_REDUCED/FBOGLE-2024-BLG-0034v0038_wcs/FBOGLE-2024-BLG-0034v0038_wcs_APT.fits,3.898428790759276,0.1467212704512084,Direct CCD,17.76446648986473,[17.85866939],psf,60832.200231,0.6029542442169032,False,3.8604326044550814,CASLEO HSH + Direct CCD,2026-02-13 15:44:01.618638,37.8,576.8127779801823,480.5164755096895,,,20.961703948364583,0.0331180015749421
,INSTRUME,,,,2.1672584767217176,HSH,[17.84219708],0.7305581761089125,[-2.53788614],0.7297092984611411,-0.0728998669133452,0.0285770081228265,0.0333403602227845,/home/knowogrodski/Documentos/observation_HSH/ulens_hsh/ulens_hsh/data/20250605/OGLE-2024-BLG-0034/phot_REDUCED/FBOGLE-2024-BLG-0034v0019_wcs/FBOGLE-2024-BLG-0034v0019_wcs_APT.fits,3.696065965550419,0.1632504020427918,Direct CCD,17.34388586741363,[17.33663949],psf,60832.178669,1.0361012673986612,False,3.653550804848488,CASLEO HSH + Direct CCD,2026-02-13 15:44:43.842613,41.9,605.9493360637917,477.9873859225751,,,20.38008322157006,0.035207789179814
[16.44139755],INSTRUME,0.222713713310095,[-4.38605601],0.2204466461077067,8.219727819265971,HSH,,,,,-0.0965488120109772,0.0345293595538006,1.0,/home/knowogrodski/Documentos/observation_HSH/ulens_hsh/ulens_hsh/data/20250605/OGLE-2024-BLG-0034/phot_REDUCED/FBOGLE-2024-BLG-0034i0003_wcs/FBOGLE-2024-BLG-0034i0003_wcs_APT.fits,4.594144383180374,0.2389288046216277,Direct CCD,,,psf,60832.1136,0.7728512544320412,False,4.565715777517249,CASLEO HSH + Direct CCD,2026-02-13 15:45:09.119488,24.9,615.808205438851,512.9011557048897,20.827453557529644,0.0316965978653031,,
,INSTRUME,,,,0.7777053865146276,HSH,[18.76081846],1.543369985240035,[-1.41881689],1.5428873508383736,-0.0510922161848003,0.0279144769386143,0.0057127123215666,/home/knowogrodski/Documentos/observation_HSH/ulens_hsh/ulens_hsh/data/20250605/OGLE-2024-BLG-0034/phot_REDUCED/FBOGLE-2024-BLG-0034v0022_wcs/FBOGLE-2024-BLG-0034v0022_wcs_APT.fits,3.446903426850061,0.0809319620791962,Direct CCD,17.24982309446483,[17.00344628],psf,60832.18206,1.598132772543587,False,3.4366126266929307,CASLEO HSH + Direct CCD,2026-02-13 15:45:50.654034,41.2,598.0735500042742,478.134240154216,,,20.17963535059673,0.038594480988503
[16.4327086],INSTRUME,0.520437441979795,[-3.72615587],0.5196609154833638,3.319389868273753,HSH,,,,,-0.0716919086153144,0.0410777639840191,0.0361271622539903,/home/knowogrodski/Documentos/observation_HSH/ulens_hsh/ulens_hsh/data/20250605/OGLE-2024-BLG-0034/phot_REDUCED/FBOGLE-2024-BLG-0034i0036_wcs/FBOGLE-2024-BLG-0034i0036_wcs_APT.fits,4.493345802737344,0.4555346853137934,Direct CCD,16.211346483965393,[16.06641895],psf,60832.151053,0.4316650950698195,False,4.413867549792415,CASLEO HSH + Direct CCD,2026-02-13 15:46:44.213273,53.2,580.444644759081,510.70177971836176,20.1588644705982,0.028419428802578,,
,INSTRUME,,,,1.0996381999962723,HSH,[18.75151982],1.2819975369776524,[-1.76785704],1.281498909406181,-0.0518388093558148,0.0281591687333356,0.0080360043648179,/home/knowogrodski/Documentos/observation_HSH/ulens_hsh/ulens_hsh/data/20250605/OGLE-2024-BLG-0034/phot_REDUCED/FBOGLE-2024-BLG-0034v0011_wcs/FBOGLE-2024-BLG-0034v0011_wcs_APT.fits,3.8033234038924815,0.1246556112129836,Direct CCD,18.375819842023315,[17.42654448],psf,60832.169583,0.4954580671468425,False,3.7792772083735406,CASLEO HSH + Direct CCD,2026-02-13 15:47:16.998204,32.3,607.1717741235574,476.7804034744475,,,20.51937686112091,0.0357523426859838
[14.82176948],INSTRUME,0.2104320673097239,[-6.11960162],0.204914505826435,17.06433698907768,HSH,,,,,-0.0579134597594872,0.0929859503545907,1.0,/home/knowogrodski/Documentos/observation_HSH/ulens_hsh/ulens_hsh/data/20250607/OGLE-2024-BLG-0034/phot_REDUCED/FBOGLE-2024-BLG-0034i0013_wcs/FBOGLE-2024-BLG-0034i0013_wcs_APT.fits,9.57758981883884,0.2384561873054073,Direct CCD,,,psf,60834.126169,17.196281136673967,False,9.533549298610348,CASLEO HSH + Direct CCD,2026-02-13 21:05:40.663674,42.8,447.8978142779636,552.3236804858154,20.941371098557383,0.0478717061963755,,
[14.18255516],INSTRUME,0.1259177125629351,[-6.66483878],0.0391395971586142,27.243100576645325,HSH,,,,,-0.0260831832571567,0.079287948692107,1.0,/home/knowogrodski/Documentos/observation_HSH/ulens_hsh/ulens_hsh/data/20250607/OGLE-2024-BLG-0034/phot_REDUCED/FBOGLE-2024-BLG-0034i0017_wcs/FBOGLE-2024-BLG-0034i0017_wcs_APT.fits,10.015942395832491,1.1668272071354109,Direct CCD,,,ap,60834.130706,0.0,False,9.797449641550417,CASLEO HSH + Direct CCD,2026-02-13 21:05:52.767129,11.8,455.90449314057327,537.6662556828363,20.87347712776102,0.0896481090907173,,
[16.24832092],INSTRUME,0.2567226409041206,[-4.62736578],0.2210493782488461,4.428690529026707,HSH,,,,,-0.0359687799556706,0.0817965108203499,0.9982979403155376,/home/knowogrodski/Documentos/observation_HSH/ulens_hsh/ulens_hsh/data/20250607/OGLE-2024-BLG-0034/phot_REDUCED/FBOGLE-2024-BLG-0034i0015_wcs/FBOGLE-2024-BLG-0034i0015_wcs_APT.fits,9.428919571569,0.4453206686184403,Direct CCD,14.635207130631256,[16.03375786],ap,60834.128437,0.0,False,9.351693489317366,CASLEO HSH + Direct CCD,2026-02-13 21:06:12.695760,19.7,455.9399405770703,537.6520698320555,20.911655488420827,0.1017497790965709,,
[14.0485496],INSTRUME,0.1328958453904886,[-6.84018871],0.0342515245701616,31.20154499050989,HSH,,,,,-0.0248126815600349,0.0778745340267734,1.0,/home/knowogrodski/Documentos/observation_HSH/ulens_hsh/ulens_hsh/data/20250607/OGLE-2024-BLG-0034/phot_REDUCED/FBOGLE-2024-BLG-0034i0021_wcs/FBOGLE-2024-BLG-0034i0021_wcs_APT.fits,10.39429223613856,0.3875009909042718,Direct CCD,,,ap,60834.135243,0.0,False,10.345238536114437,CASLEO HSH + Direct CCD,2026-02-13 21:06:26.398151,13.4,447.7046670331391,536.365368935153,20.913550985064624,0.1020965020790878,,
[14.1500724],INSTRUME,0.1247011555502303,[-6.71457216],0.0377510617069786,28.263312532080203,HSH,,,,,-0.0366123327809885,0.0754751130260556,1.0,/home/knowogrodski/Documentos/observation_HSH/ulens_hsh/ulens_hsh/data/20250607/OGLE-2024-BLG-0034/phot_REDUCED/FBOGLE-2024-BLG-0034i0020_wcs/FBOGLE-2024-BLG-0034i0020_wcs_APT.fits,10.19810201477945,0.9242334623241588,Direct CCD,,,ap,60834.134109,0.0,False,10.043248835847308,CASLEO HSH + Direct CCD,2026-02-13 21:06:39.240168,12.5,456.2101729365753,536.7524232487118,20.90125689616014,0.0918081850886006,,
[14.13066631],INSTRUME,0.1449134708923339,[-6.74319997],0.0382901645586903,27.85842428704334,HSH,,,,,-0.0637513957564439,0.0887440371377108,1.0,/home/knowogrodski/Documentos/observation_HSH/ulens_hsh/ulens_hsh/data/20250607/OGLE-2024-BLG-0034/phot_REDUCED/FBOGLE-2024-BLG-0034i0008_wcs/FBOGLE-2024-BLG-0034i0008_wcs_APT.fits,10.361588348845002,1.010091195355425,Direct CCD,,,ap,60834.120486,0.0,False,10.154702909008842,CASLEO HSH + Direct CCD,2026-02-13 21:06:51.230476,11.7,463.9674721592076,539.9742427826438,20.93761767522654,0.1079734838589193,,
[14.08921043],INSTRUME,0.0979043037425018,[-6.77508972],0.0357427932553476,29.879110289630788,HSH,,,,,-0.0211192008192917,0.0463616227597885,1.0,/home/knowogrodski/Documentos/observation_HSH/ulens_hsh/ulens_hsh/data/20250607/OGLE-2024-BLG-0034/phot_REDUCED/FBOGLE-2024-BLG-0034i0019_wcs/FBOGLE-2024-BLG-0034i0019_wcs_APT.fits,10.193741966410444,1.3552668506604917,Direct CCD,,,ap,60834.132975,0.0,False,9.79993344104079,CASLEO HSH + Direct CCD,2026-02-13 21:07:01.869309,10.4,451.2566864435531,537.7617002775565,20.885419347218257,0.0784748708612418,,
[14.25258685],INSTRUME,0.1344891426258605,[-6.61024501],0.0422414556817493,25.20633840568437,HSH,,,,,-0.0415566626696772,0.0829847132522187,1.0,/home/knowogrodski/Documentos/observation_HSH/ulens_hsh/ulens_hsh/data/20250607/OGLE-2024-BLG-0034/phot_REDUCED/FBOGLE-2024-BLG-0034i0016_wcs/FBOGLE-2024-BLG-0034i0016_wcs_APT.fits,10.260855650788915,0.9781208262588454,Direct CCD,,,ap,60834.129572,0.0,False,10.10082663914071,CASLEO HSH + Direct CCD,2026-02-13 21:07:14.845156,12.7,453.5858017673953,538.0094456186205,20.9043885247211,0.0970387874644613,,
[14.2106625],INSTRUME,0.1544371365644972,[-6.65959821],0.0406811362526972,26.192057407633797,HSH,,,,,-0.0638804981798636,0.087951473210934,1.0,/home/knowogrodski/Documentos/observation_HSH/ulens_hsh/ulens_hsh/data/20250607/OGLE-2024-BLG-0034/phot_REDUCED/FBOGLE-2024-BLG-0034i0007_wcs/FBOGLE-2024-BLG-0034i0007_wcs_APT.fits,10.137186390886384,0.3279297663126341,Direct CCD,,,ap,60834.119352,0.0,False,10.144939904962634,CASLEO HSH + Direct CCD,2026-02-13 21:07:27.069837,11.9,463.90576071258215,540.4771813355945,20.93414120546871,0.1202514559722958,,
[16.3248725],INSTRUME,1.1402412119878458,[-4.55154461],1.138607455861187,3.9948031800957855,HSH,,,,,-0.0327230865504974,0.0610863840733807,0.0145692138650552,/home/knowogrodski/Documentos/observation_HSH/ulens_hsh/ulens_hsh/data/20250607/OGLE-2024-BLG-0034/phot_REDUCED/FBOGLE-2024-BLG-0034i0010_wcs/FBOGLE-2024-BLG-0034i0010_wcs_APT.fits,9.68697817275617,0.4363252947600948,Direct CCD,15.736749212260568,[15.93240139],psf,60834.122755,1.451489973413634,False,9.741810862001213,CASLEO HSH + Direct CCD,2026-02-13 21:08:24.795230,57.5,463.9291379985473,540.5994571068222,20.87641710749149,0.0610170711590327,,
[17.10118223],INSTRUME,1.666196693739746,[-3.79425869],1.6653448301124865,2.0805993043694597,HSH,,,,,-0.0273564992157976,0.0821389484100329,0.0056032719187328,/home/knowogrodski/Documentos/observation_HSH/ulens_hsh/ulens_hsh/data/20250607/OGLE-2024-BLG-0034/phot_REDUCED/FBOGLE-2024-BLG-0034i0005_wcs/FBOGLE-2024-BLG-0034i0005_wcs_APT.fits,9.174594246598216,0.4420398189014792,Direct CCD,15.603934459489658,[16.05320982],psf,60834.117083,2.631468445488994,False,9.144311232517484,CASLEO HSH + Direct CCD,2026-02-13 21:09:19.325914,54.2,468.44369130515,542.5856972166887,20.89544092069623,0.0532730611742387,,
[14.26140822],INSTRUME,0.1605640821994641,[-6.59544506],0.0404977096115022,26.312925764374597,HSH,,,,,-0.0234133363755726,0.0930885079394244,1.0,/home/knowogrodski/Documentos/observation_HSH/ulens_hsh/ulens_hsh/data/20250607/OGLE-2024-BLG-0034/phot_REDUCED/FBOGLE-2024-BLG-0034i0004_wcs/FBOGLE-2024-BLG-0034i0004_wcs_APT.fits,9.489333270270766,0.6598386881391474,Direct CCD,,,ap,60834.115949,0.0,False,9.467167912610932,CASLEO HSH + Direct CCD,2026-02-13 21:09:31.616791,12.0,470.3377420827277,540.8117621131789,20.880266611556724,0.1243997174369396,,
[16.38120998],INSTRUME,0.4333137350346536,[-4.4726094],0.4259360230268175,3.826664406779447,HSH,,,,,-0.0377048940859286,0.079615688219728,0.0156390549841373,/home/knowogrodski/Documentos/observation_HSH/ulens_hsh/ulens_hsh/data/20250607/OGLE-2024-BLG-0034/phot_REDUCED/FBOGLE-2024-BLG-0034i0002_wcs/FBOGLE-2024-BLG-0034i0002_wcs_APT.fits,9.254854575173926,0.5302474832626232,Direct CCD,15.561585842303495,[16.0108612],psf,60834.113125,0.3571534965021262,False,9.202483529908257,CASLEO HSH + Direct CCD,2026-02-13 21:10:31.702580,59.8,475.5220817217976,540.9873576814651,20.853819384170507,0.0796197039543626,,
[14.23196268],INSTRUME,0.1362800787346341,[-6.65083534],0.0405347656987655,26.288419599328908,HSH,,,,,-0.0492984699478069,0.0741110683238464,1.0,/home/knowogrodski/Documentos/observation_HSH/ulens_hsh/ulens_hsh/data/20250607/OGLE-2024-BLG-0034/phot_REDUCED/FBOGLE-2024-BLG-0034i0006_wcs/FBOGLE-2024-BLG-0034i0006_wcs_APT.fits,10.0057229161788,0.9959513967481765,Direct CCD,,,ap,60834.118218,0.0,False,9.787597552569704,CASLEO HSH + Direct CCD,2026-02-13 21:10:44.352083,12.4,463.8947610315288,539.4562568941343,20.932096493591587,0.1069427051348638,,
[14.61370735],INSTRUME,0.1762803000429559,[-6.28846811],0.1653676988088202,18.76469605093205,HSH,,,,,-0.0465419156046246,0.0897841825804578,1.0,/home/knowogrodski/Documentos/observation_HSH/ulens_hsh/ulens_hsh/data/20250607/OGLE-2024-BLG-0034/phot_REDUCED/FBOGLE-2024-BLG-0034i0011_wcs/FBOGLE-2024-BLG-0034i0011_wcs_APT.fits,10.152061114273469,0.3491533812685731,Direct CCD,,,psf,60834.1239,18.007856965105933,False,10.200974355788714,CASLEO HSH + Direct CCD,2026-02-13 21:11:27.922519,43.3,449.46334688542186,553.3803678712366,20.9021754651636,0.0610595477702699,,
[14.14969836],INSTRUME,0.1534395944186303,[-6.74092477],0.0379175070675431,28.13707656201901,HSH,,,,,-0.0662276158141812,0.079072989211609,1.0,/home/knowogrodski/Documentos/observation_HSH/ulens_hsh/ulens_hsh/data/20250607/OGLE-2024-BLG-0034/phot_REDUCED/FBOGLE-2024-BLG-0034i0018_wcs/FBOGLE-2024-BLG-0034i0018_wcs_APT.fits,10.476018257530392,1.0571827607465514,Direct CCD,,,ap,60834.13184,0.0,False,10.311789298601257,CASLEO HSH + Direct CCD,2026-02-13 21:11:40.630851,12.4,454.0904770537373,536.7386127783461,20.95685074019848,0.125910421213962,,
[16.42050782],INSTRUME,1.2215053817568962,[-4.54845426],1.2203379595226544,3.8468222730329487,HSH,,,,,-0.0278599320884421,0.0731667301601265,0.0124769023565487,/home/knowogrodski/Documentos/observation_HSH/ulens_hsh/ulens_hsh/data/20250607/OGLE-2024-BLG-0034/phot_REDUCED/FBOGLE-2024-BLG-0034i0022_wcs/FBOGLE-2024-BLG-0034i0022_wcs_APT.fits,10.303656878859162,1.0305273085392137,Direct CCD,15.253193358386802,[15.99957017],psf,60834.136377,2.782270611330347,False,10.056653965786138,CASLEO HSH + Direct CCD,2026-02-13 21:12:46.612795,65.7,446.56549391162827,538.7126193267354,20.96896208613943,0.0533915930568181,,
[14.18239726],INSTRUME,0.1205465242251983,[-6.76597376],0.03655170310764,29.20692619945384,HSH,,,,,-0.0931952309473265,0.0672627669805304,1.0,/home/knowogrodski/Documentos/observation_HSH/ulens_hsh/ulens_hsh/data/20250607/OGLE-2024-BLG-0034/phot_REDUCED/OGLE-2024-BLG-0034_i_comb/OGLE-2024-BLG-0034_i_comb_APT.fits,10.141075752569172,0.9723861812499572,Direct CCD,,,ap,60834.12454476191,0.0,False,9.848247079269616,CASLEO HSH + Direct CCD,2026-02-13 21:12:59.780267,12.9,457.473286291708,538.2077232840355,21.041566250779024,0.0931190511164612,,
[15.86175503],INSTRUME,0.7511536534758315,[-5.03327321],0.7487519918879988,6.074233233983781,HSH,,,,,-0.0402255413061485,0.0764622912582315,1.0,/home/knowogrodski/Documentos/observation_HSH/ulens_hsh/ulens_hsh/data/20250607/OGLE-2024-BLG-0034/phot_REDUCED/FBOGLE-2024-BLG-0034i0012_wcs/FBOGLE-2024-BLG-0034i0012_wcs_APT.fits,9.938346726901148,1.004580834678326,Direct CCD,,,psf,60834.125035,2.555473731110796,False,9.79663351771964,CASLEO HSH + Direct CCD,2026-02-13 21:13:43.453856,43.4,455.2232876932156,539.4193140966368,20.89502823397416,0.0600188784787234,,
[14.21137119],INSTRUME,0.1348635085563832,[-6.6630603],0.0409898369350818,25.99108267927426,HSH,,,,,-0.0501222562914445,0.0801824869598848,1.0,/home/knowogrodski/Documentos/observation_HSH/ulens_hsh/ulens_hsh/data/20250607/OGLE-2024-BLG-0034/phot_REDUCED/FBOGLE-2024-BLG-0034i0014_wcs/FBOGLE-2024-BLG-0034i0014_wcs_APT.fits,10.35449704973608,1.045591664321788,Direct CCD,,,ap,60834.127303,0.0,False,10.16237489565942,CASLEO HSH + Direct CCD,2026-02-13 21:13:56.795167,13.1,455.5364685378482,537.8234790354783,20.9245537477681,0.1003930674553823,,
[14.89918876],INSTRUME,0.1951096434981031,[-5.99753425],0.1838527581560038,14.181224331846945,HSH,,,,,-0.017284359814593,0.0962820757422335,1.0,/home/knowogrodski/Documentos/observation_HSH/ulens_hsh/ulens_hsh/data/20250607/OGLE-2024-BLG-0034/phot_REDUCED/FBOGLE-2024-BLG-0034i0001_wcs/FBOGLE-2024-BLG-0034i0001_wcs_APT.fits,10.127443363209958,0.3353642275051756,Direct CCD,,,psf,60834.111991,16.984158480185148,False,10.105161753505389,CASLEO HSH + Direct CCD,2026-02-13 21:14:37.144714,40.0,468.935599322194,555.0944949320631,20.896723001911305,0.0653141355633437,,
[14.18063956],INSTRUME,0.1390438172509772,[-6.66135263],0.0367835555215545,29.01971434687081,HSH,,,,,-0.0411828738775468,0.0872144755020782,1.0,/home/knowogrodski/Documentos/observation_HSH/ulens_hsh/ulens_hsh/data/20250607/OGLE-2024-BLG-0034/phot_REDUCED/FBOGLE-2024-BLG-0034i0003_wcs/FBOGLE-2024-BLG-0034i0003_wcs_APT.fits,9.153686422969365,0.6170964195699628,Direct CCD,,,ap,60834.114815,0.0,False,9.161606438804144,CASLEO HSH + Direct CCD,2026-02-13 21:14:49.413702,12.0,473.25795582766216,541.0480817329897,20.88317505778218,0.1018517963602668,,
