RA,DEC,mag,e_Gmag,pmRA,pmDE,Plx,catalog
266.0625445334,-39.19441947918,15.670634,0.002785,-0.819,-8.281,0.1322,Gaia
266.06646902664,-39.19141940716,14.894745,0.002776,-5.316,-2.248,0.1393,Gaia
266.03168682809,-39.20022940097,15.33877,0.002779,-4.54,-5.811,0.0965,Gaia
266.02968414227,-39.19478314558,14.280375,0.002784,-2.004,-1.843,1.0266,Gaia
266.02570439031,-39.19468819869,15.963691,0.00279,-1.351,-5.205,0.5608,Gaia
266.01737987195,-39.19990017066,15.728115,0.003298,1.984,-6.861,0.067,Gaia
266.02415628125,-39.18884191984,15.752235,0.002786,2.021,-3.826,0.6291,Gaia
266.03989576279,-39.19745583443,14.688075,0.00281,-4.036,-6.439,0.0461,Gaia
266.05634392144,-39.19454710374,14.246277,0.002808,-3.605,-1.967,-0.1682,Gaia
266.05056600963,-39.18683971706,15.510411,0.002776,-0.552,-5.2,0.0644,Gaia
266.05794002513,-39.1869683386,14.496717,0.002805,2.204,-6.921,0.6991,Gaia
266.05811383197,-39.18616297049,14.192863,0.002766,3.204,0.123,0.2697,Gaia
266.03624380884,-39.17974567327,15.143209,0.00277,-2.837,-4.088,0.1606,Gaia
266.03181049147,-39.17961031318,15.532575,0.002814,-2.652,-3.759,0.1456,Gaia
266.03751215461,-39.18624200366,14.583882,0.00278,-2.798,-3.783,0.1347,Gaia
266.03675222049,-39.17207178048,13.512885,0.002761,-4.424,-5.458,1.1071,Gaia
266.04967112206,-39.18073030811,15.998946,0.002793,-1.421,-3.144,0.2528,Gaia
266.04792411609,-39.1736032935,15.045475,0.002908,4.582,-6.333,0.6798,Gaia
266.03701941807,-39.17042903665,15.032237,0.00277,-1.371,3.314,0.1907,Gaia
266.04494394393,-39.17948228609,11.568559,0.002818,-5.311,-4.788,0.4015,Gaia
266.12823357784,-39.16756310787,13.094531,0.002898,0.125,-0.188,0.1861,Gaia
266.12679231475,-39.17508279975,14.545653,0.002766,-7.367,-8.101,1.3509,Gaia
266.14520758543,-39.15354504555,15.832258,0.002786,1.12,-1.336,0.5384,Gaia
266.08529190469,-39.19572567304,15.876677,0.002804,-3.945,-1.852,0.1964,Gaia
266.10294815144,-39.1801620097,13.809232,0.002761,-1.727,0.509,1.3967,Gaia
266.09967625512,-39.17612511023,15.754964,0.00278,4.901,2.57,0.539,Gaia
266.09534643114,-39.18769229247,15.069481,0.002774,-6.562,-3.285,0.1477,Gaia
266.09684365451,-39.17735863842,13.817941,0.002766,-1.34,-0.149,0.3265,Gaia
266.07594904838,-39.18746133902,14.499521,0.002806,-25.788,-45.077,13.9196,Gaia
266.07736410178,-39.18333869444,15.276794,0.002949,4.87,-0.716,0.7571,Gaia
266.07789829576,-39.19677147615,14.413014,0.002775,-0.535,-4.099,0.0909,Gaia
266.08299471019,-39.19115912602,13.881622,0.002762,-2.604,-3.798,0.6784,Gaia
266.08162951098,-39.19115741655,15.556644,0.002803,0.398,-5.207,0.1076,Gaia
266.07918673668,-39.1895402344,15.663516,0.002782,-1.433,-4.813,0.1204,Gaia
266.08386101896,-39.17084685009,14.26062,0.00292,-3.326,-6.687,0.0436,Gaia
266.07973279878,-39.17248288265,14.694604,0.002764,-3.954,-3.227,0.742,Gaia
266.10561281141,-39.17538166006,15.159969,0.002804,1.05,-3.912,0.0658,Gaia
266.11461674014,-39.16804855306,12.554741,0.002773,2.02,-1.826,0.9556,Gaia
266.11066763102,-39.16376861172,14.905293,0.002767,11.474,-12.513,0.9958,Gaia
266.11164316458,-39.17415979117,13.359574,0.002775,2.743,-0.632,0.704,Gaia
266.11055092705,-39.16783864532,13.687736,0.013163,-0.291,-8.934,0.0946,Gaia
266.11377233988,-39.15968735834,14.615133,0.002764,2.784,-1.492,0.239,Gaia
266.12619881697,-39.16875147457,14.143383,0.002763,-1.358,-0.998,0.7164,Gaia
266.09859723663,-39.15656101362,14.431425,0.002765,-2.733,-5.97,0.748,Gaia
266.09938361198,-39.15636166787,14.693497,0.003074,-2.597,-5.111,0.0216,Gaia
266.0897869105,-39.16226004078,15.718279,0.002775,-0.283,-1.482,0.4947,Gaia
266.10380391645,-39.1494968868,11.875582,0.002763,0.216,-2.985,0.4567,Gaia
266.11606302468,-39.14552702815,14.702295,0.003241,-2.809,-4.45,0.0615,Gaia
266.11469323928,-39.15037298462,13.417331,0.00277,0.275,-1.225,0.6767,Gaia
266.05955588275,-39.17256521281,15.450214,0.002778,-3.369,-4.943,0.0653,Gaia
266.08127175065,-39.1669918081,15.880147,0.002782,-0.123,-2.784,0.354,Gaia
266.07748921768,-39.15065230222,15.807691,0.002776,0.588,-5.048,0.1239,Gaia
266.08009625031,-39.15763687116,15.156207,0.00278,0.839,-2.824,0.9267,Gaia
266.07287729698,-39.16216577964,15.211209,0.00279,-2.373,-6.757,0.0161,Gaia
266.06580612998,-39.16184473344,15.944105,0.002847,0.265,-4.597,0.4198,Gaia
266.05564334399,-39.15206196643,13.386074,0.002762,-2.42,-5.147,0.4443,Gaia
266.05509440254,-39.15909667223,13.728524,0.003433,-5.53,-3.657,0.0633,Gaia
266.05473556396,-39.15453985943,11.45733,0.00278,-2.244,-4.207,0.665,Gaia
266.04645759147,-39.16170310976,15.480411,0.002808,2.762,-2.278,0.7222,Gaia
266.04993263513,-39.16570092833,15.031301,0.002853,0.014,-5.809,-0.0753,Gaia
266.05845939575,-39.1695474,15.442464,0.00278,-1.818,-5.164,0.1981,Gaia
266.06419806746,-39.16406608715,15.760133,0.002919,-2.373,-6.911,0.4956,Gaia
266.04886550514,-39.16082596877,15.453041,0.002783,-0.93,-8.594,0.1723,Gaia
266.06810523683,-39.15674522942,15.207934,0.002803,0.043,-2.489,0.2806,Gaia
266.08616771179,-39.1524359575,15.136529,0.002773,-4.469,-3.269,0.0375,Gaia
266.09088612984,-39.14683020737,15.39679,0.002777,-4.425,-6.896,0.82,Gaia
266.08611149863,-39.1456288067,15.501488,0.002801,-0.913,-6.753,-0.0485,Gaia
266.0931572483,-39.1551952998,14.807453,0.002779,2.603,-1.692,0.1929,Gaia
266.08716025719,-39.14361637069,14.732031,0.002764,1.342,0.967,1.0318,Gaia
266.10464889353,-39.13829760422,14.975678,0.002774,-0.685,-7.392,0.0837,Gaia
266.10692318829,-39.13722942354,15.767772,0.002833,-1.284,-7.034,0.1148,Gaia
266.10638412806,-39.13284227745,14.717449,0.002765,-3.703,-0.725,1.1362,Gaia
266.09940550534,-39.13347377211,12.975939,0.002761,2.171,-1.263,0.4574,Gaia
266.09846537915,-39.13090234296,13.682173,0.002762,-3.273,0.641,1.0441,Gaia
266.09888507965,-39.13663589691,15.97435,0.002784,-3.783,-15.701,0.6213,Gaia
266.10093821769,-39.12804053431,14.655868,0.002836,-2.317,-6.918,0.0412,Gaia
266.09636806337,-39.13009588195,15.998189,0.002909,0.267,-0.747,0.7145,Gaia
266.07911191158,-39.14501982954,13.774964,0.002801,0.207,2.097,0.7459,Gaia
266.07686031776,-39.1420138213,15.994563,0.002841,1.633,-4.384,0.6723,Gaia
266.08796921377,-39.13802208096,15.842463,0.00285,-3.013,-7.177,-0.2634,Gaia
266.08093473854,-39.14492847366,14.932314,0.002769,1.197,-0.556,0.6482,Gaia
266.08973602726,-39.12614383563,15.709316,0.002784,-3.248,-5.895,0.0786,Gaia
266.08103388547,-39.12784632181,14.390778,0.002866,-2.581,-6.862,0.0632,Gaia
266.12783198211,-39.14777281718,15.164323,0.002773,-3.656,-3.642,0.2103,Gaia
266.14130844399,-39.15159396038,15.714868,0.002779,-2.471,-3.406,0.0938,Gaia
266.13866180923,-39.14775779719,15.179617,0.002774,-0.964,-6.849,0.0585,Gaia
266.12716777932,-39.15258050172,15.296975,0.002789,-2.657,-8.57,0.0702,Gaia
266.12951972553,-39.14557674084,14.219974,0.002795,-1.038,-6.998,0.2292,Gaia
266.13078912373,-39.13837592204,15.884886,0.002776,-3.44,-3.568,0.4351,Gaia
266.11925051245,-39.13323140668,15.845532,0.002786,-1.968,-1.492,0.1232,Gaia
266.13583208724,-39.13267882811,14.696781,0.002763,-5.327,-13.429,1.0252,Gaia
266.12902860591,-39.12854511712,12.766172,0.002763,-1.256,-3.15,0.9382,Gaia
266.13474698548,-39.11797814807,15.818641,0.002782,-4.886,-6.972,0.1266,Gaia
266.13201230919,-39.13476283998,15.185637,0.002771,-9.641,-4.701,1.1415,Gaia
266.14709657178,-39.12694784867,13.342212,0.00276,-2.311,1.432,0.4517,Gaia
266.15623942866,-39.12368368278,14.433712,0.002831,-2.087,-6.962,0.0027,Gaia
266.14959038346,-39.12444484633,15.041468,0.002783,-1.855,-11.19,0.2909,Gaia
266.15325492551,-39.11735625788,13.915468,0.002762,0.78,1.079,0.3366,Gaia
266.14279208464,-39.1060015496,14.80778,0.002769,-0.456,-2.221,0.2238,Gaia
266.14720540181,-39.11021165613,14.752867,0.002767,-0.639,-3.704,0.5613,Gaia
266.13564624577,-39.11594314416,14.004065,0.002771,-0.608,-1.486,0.13,Gaia
266.15374213212,-39.092192382,15.270574,0.002779,-1.545,-1.903,0.143,Gaia
266.15550889578,-39.10285928224,15.659137,0.002849,-10.444,-13.825,5.015,Gaia
266.10964136172,-39.12251493556,15.897605,0.002791,0.485,-1.978,0.1603,Gaia
266.10676523352,-39.11860402106,15.941539,0.002788,-0.609,-2.127,0.1494,Gaia
266.12561609652,-39.11074307005,15.11793,0.002779,1.116,-5.442,0.1008,Gaia
266.11385681623,-39.11247724299,10.493407,0.00276,-9.199,-21.036,1.3356,Gaia
266.09793352575,-39.12170384416,13.284759,0.002763,-1.091,-3.602,0.3906,Gaia
266.10655259594,-39.11746106893,15.823184,0.002786,-3.359,-2.931,0.0622,Gaia
266.09666329064,-39.11206738052,15.647769,0.00281,-2.115,-4.609,0.1987,Gaia
266.10210470537,-39.11980560307,14.675341,0.002765,-22.391,-18.667,0.8892,Gaia
266.10229299516,-39.11058301915,15.760717,0.002788,-0.626,-2.759,0.3311,Gaia
266.09924779962,-39.11211352724,15.132908,0.002772,1.33,-2.813,0.2946,Gaia
266.11742513066,-39.10458046678,15.491154,0.00277,4.023,1.959,1.1448,Gaia
266.10912473996,-39.10531269256,12.316296,0.002761,-2.51,-9.983,1.4157,Gaia
266.11540088124,-39.09715759126,15.97387,0.002889,0.693,1.426,0.5396,Gaia
266.11364327089,-39.09954191032,15.012961,0.002855,-1.713,-6.248,-0.3289,Gaia
266.11550912074,-39.09544493153,15.817596,0.00278,-0.54,-0.329,0.4428,Gaia
266.13351331916,-39.10603042413,14.680356,0.002768,-0.034,-1.58,0.2918,Gaia
266.13373613422,-39.10473581035,15.574285,0.002778,-0.091,-0.8,0.1952,Gaia
266.13563010538,-39.09459913908,14.720005,0.002839,-2.856,1.053,0.485,Gaia
266.13594840218,-39.10385764872,15.938313,0.002779,-7.475,-7.353,0.4149,Gaia
266.12575819089,-39.09963116861,15.551398,0.002776,-1.545,-2.57,0.4075,Gaia
266.13098465235,-39.09516243963,14.170966,0.006615,-2.586,-4.451,0.1024,Gaia
266.12965746221,-39.09568000953,15.404562,0.002781,-2.442,-1.783,0.1187,Gaia
266.13174878162,-39.09287910796,15.276518,0.002769,5.821,-1.237,0.7383,Gaia
266.13865371557,-39.09339748583,15.35909,0.002785,0.703,-5.181,0.1409,Gaia
266.14130439454,-39.08826313676,14.837544,0.002773,0.973,-0.994,0.2177,Gaia
266.12214325735,-39.08230533712,15.616022,0.002796,-3.292,-6.783,0.022,Gaia
266.12652482618,-39.09334118913,15.320776,0.002772,12.907,-7.841,1.7046,Gaia
266.12410104757,-39.08920146389,13.74586,0.002768,0.226,-0.289,0.7677,Gaia
266.13020566555,-39.08801038585,15.413423,0.002777,-3.624,-4.039,0.1604,Gaia
266.1430477819,-39.07674131357,15.16632,0.002815,-3.691,-5.986,0.0585,Gaia
266.12886799818,-39.07798398035,14.273878,0.002766,-3.997,-4.71,0.3709,Gaia
266.12550087558,-39.08002495027,15.095953,0.002787,-0.291,-8.132,0.0416,Gaia
266.13367511583,-39.07027406041,15.843028,0.002781,-3.22,-4.639,0.0696,Gaia
265.97896406317,-39.18717285781,14.676523,0.003063,0.311,-3.423,0.6577,Gaia
265.96705887827,-39.17907729259,15.516566,0.002773,-0.746,-0.386,0.3427,Gaia
265.95584330985,-39.17185412174,13.114241,0.002762,-1.183,-7.901,0.3449,Gaia
265.95504927296,-39.16845301929,15.025971,0.002795,-1.395,-0.253,0.7483,Gaia
266.00340560585,-39.19473586503,15.158283,0.002804,-2.018,-3.122,0.4305,Gaia
266.00934602021,-39.19740883526,13.188941,0.002787,0.723,-3.01,0.1632,Gaia
266.00204025917,-39.18841174221,15.938984,0.003851,2.606,2.069,2.286,Gaia
266.01858035044,-39.18812055871,13.634567,0.002792,-4.481,-4.055,0.0324,Gaia
266.01295816734,-39.18698201013,12.306402,0.00276,1.361,-1.154,0.5137,Gaia
266.01151619445,-39.18661038361,13.649103,0.002762,6.146,5.464,1.0188,Gaia
266.01061554478,-39.17909977933,15.967966,0.002799,-2.767,-6.157,0.1643,Gaia
265.99319467408,-39.18365679462,12.750589,0.00276,-0.192,1.669,0.561,Gaia
265.99438136076,-39.18496599662,14.38351,0.002762,-7.706,-12.738,1.0351,Gaia
266.00592422374,-39.17110198867,15.024994,0.00277,-2.307,-1.488,0.4276,Gaia
265.99779583071,-39.18006803671,15.875302,0.002818,-1.806,-9.401,-0.036,Gaia
265.99313224161,-39.17147822487,15.128182,0.002775,-5.024,-6.214,0.1237,Gaia
266.02012819222,-39.1804475827,15.4866,0.003261,-1.591,1.717,0.507,Gaia
266.02670562312,-39.17986720954,14.647956,0.002782,0.36,-3.933,0.0806,Gaia
266.01803852215,-39.16721057302,15.93372,0.003148,3.905,-9.076,0.3869,Gaia
266.03147526422,-39.16113751496,15.143319,0.00277,-1.987,-2.757,0.7735,Gaia
266.03985012837,-39.15636997291,15.968981,0.002786,2.268,1.339,0.4043,Gaia
266.03139436206,-39.16401380166,15.902527,0.002791,0.417,-2.932,0.0957,Gaia
266.03399884202,-39.16850863314,14.606582,0.002765,-0.121,-1.304,0.6505,Gaia
266.03206522358,-39.16526480055,13.612237,0.00291,-5.134,-6.906,0.0959,Gaia
266.02851068602,-39.15575723151,13.515683,0.002764,3.226,7.492,1.0323,Gaia
266.01826184033,-39.16306987099,15.522105,0.002777,-4.325,-4.075,0.1478,Gaia
266.0143796009,-39.16323462601,15.486292,0.00278,0.556,1.128,0.2457,Gaia
266.0149902566,-39.15630864932,14.97809,0.002767,-6.758,-11.525,1.0579,Gaia
266.01006295449,-39.15358764196,15.9052,0.002776,-5.8,-5.463,0.0756,Gaia
266.02596872877,-39.1564900604,14.303973,0.002762,0.064,3.554,0.3134,Gaia
266.02156322925,-39.15303268094,15.625004,0.002778,-1.363,-3.911,0.1001,Gaia
266.02325376131,-39.15330869798,14.796451,0.002771,3.198,7.514,1.1135,Gaia
266.01974451132,-39.15440121939,15.426326,0.002771,-0.613,-4.662,0.0942,Gaia
265.97475981083,-39.18076142205,15.900299,0.002782,-1.546,-8.734,0.0292,Gaia
265.98102988485,-39.17225451146,14.365607,0.002796,-2.363,-6.027,0.0695,Gaia
265.97983921485,-39.18218408452,15.450112,0.002774,-1.705,-9.717,0.0857,Gaia
265.98438022113,-39.17791675723,15.867984,0.002783,-2.991,-2.702,0.1064,Gaia
265.98215882357,-39.17945878829,15.806133,0.00279,-3.657,-6.567,-0.003,Gaia
265.97891866595,-39.16742878875,15.832859,0.002779,-4.187,-4.631,0.1781,Gaia
265.98958336904,-39.17257221177,13.501056,0.002764,-4.151,-0.163,0.2771,Gaia
265.98735082555,-39.16708310585,15.51873,0.002776,-4.079,-6.123,0.0961,Gaia
265.98710481068,-39.15591368774,15.93224,0.002788,-3.962,-9.207,-0.0116,Gaia
265.9921976269,-39.16324812398,14.129647,0.00279,-1.255,-0.123,0.0665,Gaia
265.99301784179,-39.16121092229,15.474256,0.00278,-2.092,-7.075,0.1163,Gaia
265.98543907257,-39.16696034271,15.963382,0.002788,-1.184,-3.967,0.4352,Gaia
265.98323019673,-39.16341602214,15.736657,0.002788,-1.295,-5.164,0.0707,Gaia
265.96694560547,-39.16844945317,15.539285,0.002775,0.394,-13.822,0.7971,Gaia
265.96766788024,-39.16820099443,15.683413,0.002795,-1.075,-8.511,0.0907,Gaia
265.966110653,-39.16464775618,15.687202,0.00281,-2.109,-8.306,0.2059,Gaia
265.9666859539,-39.16236955136,15.676833,0.002854,-1.942,-1.186,0.7198,Gaia
265.96422240214,-39.15970092378,15.508859,0.002865,8.916,-11.218,1.3764,Gaia
265.95948460214,-39.15948580409,14.336563,0.002857,-2.157,3.303,2.2118,Gaia
265.9604578172,-39.15869198594,14.563232,0.002764,-1.319,-2.707,0.3948,Gaia
265.97372175175,-39.15542021587,13.344164,0.004207,-4.994,-3.764,0.0694,Gaia
265.97469331519,-39.14528229438,15.397565,0.002774,-0.254,-7.228,0.56,Gaia
265.99592050545,-39.15422105636,15.874301,0.002788,-3.275,-5.182,0.1255,Gaia
266.00116096999,-39.15934723818,15.321514,0.002785,-0.906,-2.991,0.4397,Gaia
266.0012687479,-39.15432981307,15.736417,0.00278,2.293,-5.047,0.7554,Gaia
266.02004870015,-39.13857660861,15.787692,0.002781,-2.429,-7.711,0.1561,Gaia
266.0185162565,-39.13354550415,15.907812,0.002938,-0.471,-4.355,0.4457,Gaia
266.00991807095,-39.13034944864,15.370188,0.002769,0.133,-0.77,0.4414,Gaia
266.01693613249,-39.14318446229,14.403448,0.002783,-4.449,-3.665,0.1076,Gaia
266.01885553395,-39.14120872043,15.396915,0.002774,-4.559,-7.946,0.2113,Gaia
265.99003792244,-39.13875507294,13.625785,0.002865,1.488,-4.732,0.8605,Gaia
265.99566311637,-39.13573966577,13.653906,0.002759,-5.702,-7.045,0.8895,Gaia
265.98903065914,-39.14255454049,15.822228,0.002778,2.607,-5.74,0.5676,Gaia
265.99474032831,-39.1430337402,15.430281,0.002973,-2.918,-0.173,0.5953,Gaia
265.9905132549,-39.1431995794,15.842556,0.002893,-6.123,-1.562,0.1677,Gaia
265.9919641137,-39.13363290981,14.005747,0.002763,2.51,0.551,0.3535,Gaia
266.0016374535,-39.13552378012,14.93056,0.00283,-1.244,-5.737,0.0687,Gaia
265.99571525152,-39.1308338103,15.478614,0.002829,-5.434,-6.236,-0.0483,Gaia
265.99330154829,-39.12579919881,15.843375,0.002785,-1.684,-7.986,0.0458,Gaia
266.00301361501,-39.12424442828,15.410208,0.002805,1.262,-2.873,0.2075,Gaia
266.00193019704,-39.11577500776,14.935818,0.002791,-0.435,-3.92,0.3476,Gaia
266.00202974368,-39.11706542687,13.019733,0.003353,-2.757,-2.646,0.8439,Gaia
266.00217960553,-39.11687293895,12.550015,0.002867,-2.73,-2.581,0.7009,Gaia
265.94763661384,-39.16036627292,14.722212,0.002773,-5.88,-5.146,0.1134,Gaia
265.94840476165,-39.14885308226,15.922658,0.002781,0.934,0.374,0.3092,Gaia
265.95603462642,-39.14366351765,11.973289,0.002764,0.017,-10.507,0.741,Gaia
265.95465665671,-39.14032929529,13.534804,0.003531,-115.364,48.024,46.8277,Gaia
265.9491035601,-39.15205340873,15.601489,0.00279,-0.215,2.096,0.7371,Gaia
265.93868335901,-39.13918563774,15.909301,0.002786,-5.509,-6.15,0.0711,Gaia
265.94585936687,-39.13895139929,15.752184,0.003408,-3.325,-4.678,0.8195,Gaia
265.94461141729,-39.13391491471,13.944211,0.00278,-4.683,-3.465,0.1372,Gaia
265.94670409129,-39.13065017709,13.832899,0.002769,-0.136,-5.666,0.2966,Gaia
265.9452496344,-39.14511837897,15.028584,0.002785,-1.653,-3.0,0.704,Gaia
265.94536669026,-39.14412408017,15.639776,0.00278,0.57,-1.172,0.5863,Gaia
265.95825585016,-39.11971062042,15.897613,0.002782,-10.272,-5.821,0.0776,Gaia
265.96234818136,-39.12705091822,15.908352,0.002879,-2.384,-7.12,0.2388,Gaia
265.95392278884,-39.12530223739,15.840741,0.002781,-7.451,-4.68,0.0626,Gaia
265.95321313931,-39.11794808661,15.552651,0.002784,-0.381,-8.46,0.0293,Gaia
265.98725966321,-39.12602469819,14.783696,0.002809,-3.928,-6.171,0.0677,Gaia
265.98106914894,-39.11426135602,15.381539,0.00278,-1.743,-5.295,0.0629,Gaia
265.98979205561,-39.10642763605,14.544782,0.002772,-2.72,-3.383,0.1805,Gaia
265.99090781626,-39.12195837139,14.987333,0.002767,-0.943,-4.668,0.1992,Gaia
265.97064545806,-39.11784740321,15.918169,0.003023,-3.401,-4.134,0.0118,Gaia
265.96098192019,-39.11690834385,15.292328,0.002778,-0.056,-5.916,0.0538,Gaia
265.97215484433,-39.10980910229,15.332463,0.00278,-0.535,-5.905,0.1385,Gaia
265.98491173863,-39.09794258464,15.212435,0.002783,1.157,-3.512,0.1627,Gaia
265.93881171539,-39.12381422901,14.740894,0.002763,-0.194,-10.865,1.2674,Gaia
265.94397902254,-39.10432000123,12.061725,0.002763,-6.994,-12.87,1.9453,Gaia
265.93832029516,-39.11587014008,14.213132,0.003923,-4.987,-5.993,0.0135,Gaia
265.93690259766,-39.10027882796,14.179932,0.002768,-0.912,-1.248,0.3134,Gaia
265.9452167769,-39.10229095879,13.689423,0.005831,-3.14,-2.322,-0.0109,Gaia
265.93539360033,-39.10385077549,15.004965,0.00277,3.114,-12.252,0.734,Gaia
265.95587260104,-39.09602444294,12.319057,0.002765,-2.183,-16.976,2.6414,Gaia
265.9682075392,-39.0928271594,13.824925,0.002761,-1.257,-2.151,0.6819,Gaia
265.96446386212,-39.09145575364,15.679044,0.002778,-2.183,-1.321,0.1966,Gaia
265.96489620772,-39.08860364919,14.894829,0.002808,-5.521,-4.485,0.0508,Gaia
265.96499156705,-39.08291881289,14.862252,0.002771,-0.359,-2.696,0.1921,Gaia
265.94759444627,-39.09006159005,15.441774,0.002773,-0.908,2.819,0.7179,Gaia
265.94154542867,-39.08730088227,15.26787,0.002796,-4.897,-6.701,0.0659,Gaia
265.93890782823,-39.08624350949,15.81789,0.002781,-3.028,-5.922,0.0689,Gaia
265.94487107121,-39.07924079453,15.440796,0.00279,3.702,-20.087,1.8375,Gaia
265.94455076293,-39.08602555425,15.561724,0.002774,-7.852,-4.134,0.8967,Gaia
265.95338407954,-39.07927382844,14.299446,0.003712,-5.934,-7.598,0.0868,Gaia
265.96361201016,-39.08165729515,14.519963,0.002763,4.735,-8.922,0.8658,Gaia
265.96475958884,-39.07819000838,14.778579,0.002823,-3.883,-7.124,0.0495,Gaia
265.95467315477,-39.0819744896,15.827489,0.002796,-1.312,-3.854,0.1978,Gaia
265.95380850571,-39.07383105042,14.527907,0.002781,-13.63,-11.078,1.0031,Gaia
265.94837644587,-39.07687206036,14.455843,0.002763,0.305,-16.26,1.4156,Gaia
265.94900885027,-39.07505330661,14.914546,0.002766,-1.15,-3.904,0.2101,Gaia
266.04833238437,-39.15121484846,15.940034,0.002807,-4.85,-8.516,0.2608,Gaia
266.05009746265,-39.14940837732,15.423763,0.00277,-4.671,-3.678,0.21,Gaia
266.04895459176,-39.1448197279,15.488647,0.002792,-3.591,-3.472,0.0726,Gaia
266.06092702598,-39.14298636812,15.210004,0.002771,-4.98,-5.902,0.5493,Gaia
266.05424275523,-39.14633741364,13.891905,0.002777,-0.784,-2.924,0.1766,Gaia
266.04836685476,-39.13767542734,15.834473,0.002781,-2.958,-3.758,0.2319,Gaia
266.05646844013,-39.12861530631,13.84057,0.024272,-2.88,-6.737,0.1602,Gaia
266.03558675731,-39.13139730116,15.875605,0.002787,0.478,-3.001,0.8227,Gaia
266.0411531943,-39.13466519638,14.151217,0.002778,-5.808,-2.23,0.0527,Gaia
266.03628445936,-39.13489034232,14.144641,0.002767,1.696,-2.008,0.5448,Gaia
266.03114280459,-39.1343550064,14.464983,0.002773,-2.262,-2.113,0.1231,Gaia
266.04212308316,-39.13008778281,14.764746,0.002776,-5.434,-7.4,0.1159,Gaia
266.04727047073,-39.13312253017,15.278705,0.00277,2.512,0.702,1.1976,Gaia
266.07018567811,-39.12725796514,15.98215,0.002783,2.585,-13.313,1.5292,Gaia
266.06531691203,-39.12939835584,15.886501,0.002786,-0.832,-4.053,0.1141,Gaia
266.07245585809,-39.11741085125,15.250759,0.002773,-0.484,-1.795,1.8049,Gaia
266.08376106183,-39.11594775208,14.526574,0.002763,-0.56,-3.294,0.554,Gaia
266.06430003666,-39.11560437159,14.561945,0.002763,1.469,0.721,0.5034,Gaia
266.06478240736,-39.1129583617,15.450732,0.00277,0.261,-2.017,0.3408,Gaia
266.05402155705,-39.12246742046,15.730111,0.002782,-10.353,-6.008,0.3501,Gaia
266.07708868759,-39.10174886759,12.62492,0.002759,-7.291,-2.111,0.5629,Gaia
266.0636148934,-39.09408327587,15.115282,0.002765,-3.033,-5.46,0.5901,Gaia
266.06692927241,-39.0933143742,15.664313,0.00279,-0.237,-1.623,0.1397,Gaia
266.07189786407,-39.09873509158,13.873008,0.00299,-2.999,-5.618,0.0846,Gaia
266.0645796038,-39.09959113328,15.380084,0.002781,-3.441,-5.233,0.0194,Gaia
266.0688318989,-39.09498912711,14.589153,0.003284,-2.45,-5.714,0.1517,Gaia
266.02100157591,-39.12393858355,15.630904,0.002776,-0.137,0.209,0.6292,Gaia
266.02534774708,-39.12345691597,13.497992,0.002878,0.928,-11.889,2.0256,Gaia
266.03079491765,-39.12050311421,15.453194,0.002777,-5.868,-2.85,0.2196,Gaia
266.03124914873,-39.11666170772,15.898895,0.002789,-0.74,-4.471,0.2531,Gaia
266.02459439223,-39.11269955984,15.278037,0.002776,0.626,-2.814,0.2743,Gaia
266.01978286766,-39.11547813652,15.48042,0.002771,0.621,-3.163,0.4637,Gaia
266.00572654252,-39.11287038755,13.029067,0.002775,-5.453,-14.755,1.3296,Gaia
266.01263421072,-39.10854594885,15.527128,0.002796,-3.901,-2.194,0.0603,Gaia
266.02921015471,-39.1036910363,15.683085,0.002788,-1.301,-4.058,0.4147,Gaia
266.01653823077,-39.10041387909,14.947869,0.002802,-3.672,-6.893,0.0778,Gaia
266.04996378936,-39.09759393191,15.283421,0.002779,1.527,1.09,0.3118,Gaia
266.05063887551,-39.09038092924,14.813465,0.003008,-3.863,-6.671,0.0972,Gaia
266.06202898821,-39.09010282397,12.151931,0.002761,-0.704,-5.046,0.6952,Gaia
266.03817161984,-39.08239562434,15.250518,0.002788,-4.253,-7.317,0.0059,Gaia
266.0312687112,-39.09504980228,15.275952,0.002792,-2.175,-4.686,0.1242,Gaia
266.02858949825,-39.09190842321,14.425877,0.002761,-4.449,-17.313,1.5633,Gaia
266.0305204158,-39.08905649072,15.041543,0.002766,-3.124,-4.157,0.5661,Gaia
266.03712849746,-39.07768454671,15.824499,0.00281,-4.453,-0.796,0.2208,Gaia
266.04622759847,-39.08629751709,15.239211,0.002767,-2.933,-6.754,0.5058,Gaia
266.09245970633,-39.10610506737,14.865306,0.002777,-2.129,-0.168,0.131,Gaia
266.09390413602,-39.09842211215,15.026155,0.002837,-3.672,-6.055,0.0644,Gaia
266.09033825005,-39.11148666055,15.946953,0.003046,2.008,2.667,0.2105,Gaia
266.10720427868,-39.08890554317,14.569186,0.002765,-0.231,-1.849,0.4875,Gaia
266.09168700508,-39.09057374364,15.075982,0.004802,4.336,-5.484,0.4604,Gaia
266.08570837024,-39.0903362384,13.214824,0.002763,2.942,-6.115,0.4295,Gaia
266.07994918805,-39.09205316255,15.959657,0.002787,-2.457,-0.731,0.9683,Gaia
266.08343018248,-39.08380401884,15.027473,0.00277,-1.184,-3.612,0.2242,Gaia
266.07451573185,-39.08831506745,15.631046,0.003585,3.032,-2.979,0.486,Gaia
266.09422332952,-39.07531763711,14.549293,0.002976,-3.512,-4.138,0.0558,Gaia
266.08823581878,-39.06921064685,15.058539,0.002774,-1.272,-0.69,0.1837,Gaia
266.11161557787,-39.08736945721,15.932818,0.002789,-3.361,-4.377,0.1316,Gaia
266.10750554048,-39.08535083269,14.21071,0.002763,2.085,-4.41,0.7761,Gaia
266.10946661907,-39.06851827702,13.484248,0.002791,-2.458,-2.159,0.199,Gaia
266.1128646939,-39.08627362486,13.713599,0.007495,0.153,-5.104,0.0604,Gaia
266.11363446746,-39.07313001403,12.526051,0.002766,-5.463,-2.616,0.4699,Gaia
266.12355640688,-39.07425912711,13.235872,0.002763,0.037,-3.717,0.4077,Gaia
266.11918989068,-39.07216804473,15.931834,0.003862,-1.741,0.349,0.9204,Gaia
266.11669797143,-39.06307277865,15.074659,0.002779,-3.865,-5.652,0.204,Gaia
266.12454274533,-39.0615439719,15.56856,0.002781,-0.258,-6.547,0.2894,Gaia
266.11559109451,-39.06397869241,15.340775,0.002789,-2.041,-1.885,0.2368,Gaia
266.122044271,-39.0610116133,15.758445,0.002802,-4.344,-4.298,0.0525,Gaia
266.1021452815,-39.06151566016,14.443353,0.00299,-2.021,-6.986,0.1374,Gaia
266.0987257851,-39.06283427386,15.732931,0.002782,-1.979,-6.215,0.1162,Gaia
266.09786464512,-39.06655178592,14.39873,0.002763,14.633,-8.049,1.5928,Gaia
266.09727154733,-39.06496884432,14.583089,0.002775,1.76,-1.396,0.1697,Gaia
266.11090651882,-39.06118647763,14.847965,0.002766,2.318,-7.238,0.4813,Gaia
266.10911021314,-39.06255252352,15.522587,0.002813,-3.354,-6.74,0.039,Gaia
266.10719485309,-39.05322647966,15.64391,0.002806,-4.111,-2.457,0.4613,Gaia
266.11040241551,-39.04838342479,14.799568,0.002952,-6.02,-7.274,0.0609,Gaia
266.07384071091,-39.07907259515,14.352531,0.002767,-1.754,-0.738,0.2412,Gaia
266.06451237872,-39.07633110344,12.984013,0.002765,-8.755,-10.648,0.9409,Gaia
266.06479888439,-39.06899273165,15.514649,0.002795,0.322,-1.44,0.6157,Gaia
266.07965540261,-39.07554390382,15.533465,0.002845,-4.514,-3.386,0.305,Gaia
266.07858120501,-39.07303284145,13.891852,0.00279,-0.699,-0.632,0.1255,Gaia
266.07340670456,-39.06921363588,15.080318,0.002775,-3.013,-4.876,0.1318,Gaia
266.0814447858,-39.06419882833,15.988945,0.002791,-2.612,-2.445,0.1266,Gaia
266.07439897156,-39.06810008523,12.962322,0.002763,-4.333,-3.892,0.6059,Gaia
266.07834201074,-39.05886962409,15.764451,0.002787,-1.377,-4.429,0.0529,Gaia
266.04802083359,-39.0683875093,14.782988,0.002764,-1.029,-3.507,0.4588,Gaia
266.08500609807,-39.06068677565,12.314451,0.005177,-3.335,-4.835,0.1978,Gaia
266.09360816342,-39.04835804274,13.831409,0.002768,0.237,0.359,0.5074,Gaia
266.08491411545,-39.05448034532,15.713485,0.002779,-2.314,-4.456,0.1069,Gaia
266.10669953389,-39.04133335979,14.879126,0.003277,-2.961,-5.885,0.1237,Gaia
266.10156036151,-39.04578262953,15.808911,0.002785,-6.341,0.098,0.1375,Gaia
266.08576674138,-39.03974008745,14.391564,0.002768,-2.958,0.262,0.2745,Gaia
266.07939680762,-39.02854397176,13.701502,0.002933,-4.077,-2.475,0.0647,Gaia
266.00160558557,-39.10125385417,15.905428,0.002829,-4.452,-5.651,0.2031,Gaia
266.01052664262,-39.08987268587,15.797063,0.002776,-0.544,0.171,0.5661,Gaia
265.99621675177,-39.08597022178,15.335741,0.002783,-4.268,-8.97,0.1439,Gaia
265.99436698516,-39.08442582648,15.589032,0.002855,-5.267,-6.608,0.1244,Gaia
265.98617419293,-39.08794927621,15.619516,0.002785,-3.786,-2.911,0.1587,Gaia
266.00500497372,-39.07963204592,15.716197,0.002803,-0.903,-2.612,0.1786,Gaia
266.0100104721,-39.07616556754,15.946775,0.002796,-1.829,-6.145,0.5625,Gaia
265.99260815836,-39.0793254416,14.333645,0.0028,-3.151,-0.793,0.0813,Gaia
266.01966766054,-39.07673873163,14.902999,0.002774,-0.754,-7.322,0.407,Gaia
266.02478676812,-39.07464496373,15.151708,0.002768,1.807,-0.577,0.4694,Gaia
266.01977363958,-39.08023806944,15.826325,0.002781,-8.229,-14.448,0.5734,Gaia
266.02051037798,-39.0730439058,14.444184,0.002768,-1.179,0.499,0.282,Gaia
266.03656531027,-39.07278117006,13.695908,0.003873,-1.101,-4.531,0.0147,Gaia
266.03079852439,-39.05858449619,15.703773,0.002786,1.063,-8.15,0.1669,Gaia
266.02908647951,-39.0720727394,14.83043,0.002786,0.053,-5.095,0.3922,Gaia
266.03496265183,-39.0637732479,15.465506,0.00277,-1.772,-1.643,0.5234,Gaia
266.01147797338,-39.06860415158,11.60992,0.002798,-3.217,-6.923,0.4797,Gaia
266.00384549217,-39.06374614631,15.772702,0.002839,0.58,-3.86,0.0994,Gaia
266.02125582386,-39.05852912382,14.972689,0.002776,-4.784,-3.662,0.2318,Gaia
266.0167538974,-39.05823805777,15.233162,0.002879,-0.544,-5.915,0.2792,Gaia
266.02446892586,-39.05456838448,14.200995,0.002764,0.955,-0.62,0.3388,Gaia
266.01707813465,-39.05853078823,13.592062,0.002934,-2.169,-5.619,0.1222,Gaia
265.98340387494,-39.0811300412,13.034179,0.002779,1.522,-0.891,0.7665,Gaia
265.97739564388,-39.07896572032,15.477962,0.002772,-1.344,-3.69,0.3142,Gaia
265.97001925654,-39.06844451588,15.445836,0.002773,-2.482,0.797,0.4591,Gaia
265.96857151936,-39.06719024381,15.257961,0.002782,-4.431,-5.449,0.1296,Gaia
265.96633149208,-39.06943216867,15.558029,0.002813,-3.475,-6.885,0.1273,Gaia
265.9680644071,-39.06369627412,15.743575,0.002803,-2.085,-1.523,0.1267,Gaia
265.98623153539,-39.0572507501,14.685665,0.002766,-1.572,0.788,0.7876,Gaia
265.97094983276,-39.0512816576,15.228567,0.002782,-7.229,-1.222,0.0881,Gaia
266.009339862,-39.05240791594,14.127657,0.002762,-0.986,-3.697,0.7567,Gaia
265.99824267933,-39.05325051339,14.598177,0.002787,-4.178,-7.501,-0.0031,Gaia
266.00412935054,-39.04591200635,13.784205,0.002808,-0.809,-4.636,0.8899,Gaia
265.99666872061,-39.04821921685,11.67277,0.00277,0.387,-3.291,0.6398,Gaia
266.01148672014,-39.05266500179,14.548616,0.002764,1.491,0.223,0.7786,Gaia
266.01675298652,-39.03577157592,15.926087,0.002811,-3.385,-6.141,0.5131,Gaia
265.99083585867,-39.04462215219,15.519588,0.002777,-6.028,-6.495,0.2305,Gaia
265.99007079305,-39.04181097023,15.290293,0.002774,-3.964,-5.552,0.0537,Gaia
265.99081889263,-39.03542677783,15.975781,0.002796,-1.536,-3.936,0.1194,Gaia
265.98972906232,-39.04966720354,14.661696,0.002781,-1.141,-3.001,0.0765,Gaia
266.05065460753,-39.04808007894,12.299607,0.002761,13.544,-2.726,1.6824,Gaia
266.04186296785,-39.05104316169,15.307625,0.002781,-6.087,-6.084,0.0871,Gaia
266.04208559448,-39.04631437696,15.851314,0.002788,-3.658,-2.697,0.07,Gaia
266.05983635123,-39.04453688385,15.365688,0.002801,-2.739,-4.289,0.0669,Gaia
266.05690287322,-39.04071093041,15.344938,0.002791,-5.375,-6.827,0.1473,Gaia
266.05534678707,-39.04034963686,14.76473,0.002787,-1.847,-1.577,0.1466,Gaia
266.06119335027,-39.0357821568,15.150496,0.002773,-1.842,-4.765,0.1696,Gaia
266.03464780273,-39.05085300316,15.521503,0.002783,-1.08,-3.824,0.0898,Gaia
266.04003844459,-39.04320017953,15.496716,0.002807,-4.448,-5.16,0.0904,Gaia
266.04014034568,-39.04096372287,15.226506,0.002768,-1.503,-4.66,0.5452,Gaia
266.04356955714,-39.03358293609,15.511314,0.002772,-3.247,-4.734,0.5442,Gaia
266.04616342682,-39.0322563694,15.755645,0.004578,-5.303,2.277,0.4353,Gaia
266.04846819232,-39.03004991513,13.049459,0.002763,-4.482,-4.916,0.9818,Gaia
266.03855656489,-39.02537100824,15.993838,0.002789,-0.466,-1.744,0.1648,Gaia
266.07137532261,-39.034020362,13.228812,0.002759,-8.563,-7.406,0.907,Gaia
266.07282857176,-39.03001211957,15.2808,0.002777,-3.038,-4.041,0.206,Gaia
266.06404194267,-39.03753592508,14.495745,0.002766,2.684,6.064,0.8015,Gaia
266.05445612922,-39.02485536924,15.063954,0.002769,-2.507,-7.759,0.5989,Gaia
266.01899458542,-39.03258015771,15.654199,0.002785,0.094,-1.356,0.3858,Gaia
266.01501237545,-39.03117370524,15.4745,0.002775,-0.771,2.016,0.4082,Gaia
266.01414525193,-39.02628894754,15.415862,0.00278,-2.87,-3.827,0.081,Gaia
265.93170349521,-39.08991048381,14.830317,0.002769,-0.419,2.648,0.5027,Gaia
265.9480145083,-39.07326749908,15.573151,0.002774,0.221,-2.153,0.2368,Gaia
265.95116522242,-39.0697003004,15.544682,0.002819,-3.72,-2.736,0.2171,Gaia
265.94891216224,-39.06268472255,15.836417,0.002788,-3.734,-2.865,0.1351,Gaia
265.95651357918,-39.06454336401,15.876873,0.00283,-0.583,-6.325,0.9384,Gaia
265.96116834723,-39.05944046212,15.239535,0.002772,-0.708,-5.548,0.6449,Gaia
265.96951835443,-39.04982901668,15.536752,0.00278,-3.534,-5.474,0.1633,Gaia
265.96706295944,-39.0490005818,13.327999,0.002762,2.672,-1.64,0.45,Gaia
266.14540947656,-39.07924657129,14.857138,0.002782,-2.705,-4.397,0.8285,Gaia
266.15374058267,-39.08611343097,15.153527,0.003622,0.868,-7.367,0.4295,Gaia
266.13509170441,-39.06069065562,14.661596,0.002782,-1.718,-4.66,0.2298,Gaia
