RA,DEC,mag,BPmag,RPmag,e_Gmag,e_BPmag,e_RPmag,color,V,I,color_err,V_err,I_err,catalog
266.02968414227,-39.19478314558,14.280375,14.651326,13.712202,0.002784,0.00332,0.003937,0.9391239999999996,14.457171803933523,13.647729883293183,0.005149987281537693,0.045974267380856,0.04972214375017298,Gaia3
266.05794002513,-39.1869683386,14.496717,14.841724,13.768113,0.002805,0.00511,0.006618,1.0736109999999996,14.721319319798397,13.790365813294406,0.008361221441870799,0.04605272369656255,0.049840537529087584,Gaia3
266.03675222049,-39.17207178048,13.512885,13.898666,12.954522,0.002761,0.002866,0.003804,0.9441439999999997,13.691353674861876,12.877426060549405,0.004762811354651788,0.04596856014328765,0.049708465380737886,Gaia3
266.04494394393,-39.17948228609,11.568559,12.909236,10.426773,0.002818,0.003324,0.0039,2.482462999999999,12.67055492121111,10.2994918777408,0.005124351276015336,0.04615870547746148,0.049658444397761306,Gaia3
266.12679231475,-39.17508279975,14.545653,14.99307,13.92228,0.002766,0.003027,0.003931,1.0707899999999988,14.76918821941412,13.840812099793071,0.0049614000040311195,0.04597956086801398,0.04970821771317623,Gaia3
266.10294815144,-39.1801620097,13.809232,14.230843,13.204933,0.002761,0.002922,0.003811,1.0259099999999997,14.01616124062692,13.128624810809312,0.004802270817019798,0.04597396355466876,0.049705621392732456,Gaia3
266.09684365451,-39.17735863842,13.817941,14.726368,12.875009,0.002766,0.002944,0.003808,1.8513590000000004,14.441889544179789,12.753673186346107,0.004813314866077224,0.04604715391496838,0.04967175887877789,Gaia3
266.08299471019,-39.19115912602,13.881622,14.248717,13.340467,0.002762,0.002861,0.003805,0.9082499999999989,14.048328403425,13.266389183599376,0.004760603533166777,0.04596658589601864,0.04971023083456725,Gaia3
266.11461674014,-39.16804855306,12.554741,12.722439,12.264385,0.002773,0.002875,0.003797,0.45805399999999885,12.61182294290985,12.21426787239868,0.0047626498926542984,0.04594852778975665,0.04973504942150403,Gaia3
266.11164316458,-39.17415979117,13.359574,13.564716,13.009848,0.002775,0.002912,0.003816,0.5548680000000008,13.434304950233837,12.956719208886907,0.004800166663773249,0.045951821153065245,0.049731135098899086,Gaia3
266.11055092705,-39.16783864532,13.687736,14.549335,12.670854,0.013163,0.049935,0.012348,1.878480999999999,14.329391637886923,12.61308916353554,0.05143906423137964,0.05848352155650304,0.0548787027889283,Gaia3
266.12619881697,-39.16875147457,14.143383,14.526214,13.569812,0.002763,0.003081,0.004517,0.9564019999999989,14.325970786586613,13.501073574101524,0.005467709758207727,0.04597835296451602,0.04973052900679742,Gaia3
266.10380391645,-39.1494968868,11.875582,12.70211,10.98397,0.002763,0.002844,0.003794,1.71814,12.41625571672272,10.864351541290077,0.004741600151847475,0.04602976016611034,0.04967519191666464,Gaia3
266.11469323928,-39.15037298462,13.417331,13.670973,13.005207,0.00277,0.002896,0.003852,0.6657659999999996,13.51626807908214,12.945238069562272,0.004819203253650961,0.04595583616413432,0.04972537015251089,Gaia3
266.05564334399,-39.15206196643,13.386074,14.267391,12.467141,0.002762,0.002917,0.003825,1.8002500000000001,13.977347605824999,12.341749610019377,0.004810354872563977,0.04604109566718569,0.04967328326550213,Gaia3
266.05473556396,-39.15453985943,11.45733,11.977012,10.769412,0.00278,0.002848,0.003801,1.2075999999999993,11.735791308032,10.681010217265602,0.004749600509516563,0.04598654739287985,0.04969681319265876,Gaia3
266.09940550534,-39.13347377211,12.975939,13.732317,12.123924,0.002761,0.002885,0.003797,1.6083929999999995,13.452628512932167,12.010969273068264,0.004768693112373662,0.04601970354371744,0.04967959768934661,Gaia3
266.09846537915,-39.13090234296,13.682173,14.063093,13.119697,0.002762,0.002915,0.00381,0.9433959999999999,13.860392005979731,13.047133023594311,0.004797220549443188,0.04596897585601341,0.04970959607472916,Gaia3
266.07911191158,-39.14501982954,13.774964,14.178921,13.170377,0.002801,0.002858,0.003814,1.0085440000000006,13.975654897028916,13.103837982303837,0.004766000419639092,0.0459748202406797,0.049707659691027174,Gaia3
266.09055526601,-39.13108934881,13.786444,14.216111,13.113257,0.004221,0.003314,0.003947,1.102853999999999,14.02227047736873,13.064527213103386,0.005153775800323487,0.04609544448390508,0.04981422062080631,Gaia3
266.12902860591,-39.12854511712,12.766172,13.200391,12.165516,0.002763,0.002857,0.003795,1.0348749999999995,12.976362599706249,12.080692998542345,0.004750207784928992,0.04597392847800531,0.049703824419940285,Gaia3
266.14709657178,-39.12694784867,13.342212,14.157941,12.455813,0.00276,0.002983,0.003805,1.702128,13.873290519036107,12.337586395040663,0.004834905790188677,0.046031409986579654,0.04967714268726969,Gaia3
266.15325492551,-39.11735625788,13.915468,14.868332,12.951752,0.002762,0.002966,0.003844,1.9165799999999997,14.58242764365648,12.826480788512285,0.004855254061323671,0.04605639015553736,0.04966988247521262,Gaia3
266.11385681623,-39.11247724299,10.493407,11.223764,9.666853,0.00276,0.002822,0.003789,1.5569109999999995,10.941519335944717,9.550937459121611,0.0047244264202122984,0.04601338952093584,0.0496806996578752,Gaia3
266.09793352575,-39.12170384416,13.284759,14.087,12.408879,0.002763,0.002961,0.00383,1.678120999999999,13.801617713759018,12.290128666729634,0.004841117742835842,0.046029314312314,0.04967832145157171,Gaia3
266.10912473996,-39.10531269256,12.316296,12.895285,11.591516,0.002761,0.002834,0.003792,1.303768999999999,12.637247571788524,11.49188882723232,0.004734006759606496,0.04599228458884028,0.0496911907657162,Gaia3
266.12410104757,-39.08920146389,13.74586,14.139201,13.168748,0.002768,0.002867,0.003818,0.9704529999999991,13.933233434746198,13.09573365721788,0.004774600821011114,0.0459706471562946,0.04970791372806355,Gaia3
265.97896406317,-39.18717285781,14.676523,14.953738,13.895331,0.003063,0.004567,0.007032,1.058406999999999,14.895406707428805,13.978329752821375,0.008384897912318313,0.046066751994374766,0.04985907750798986,Gaia3
265.95584330985,-39.17185412174,13.114241,14.062753,12.159409,0.002762,0.002899,0.003799,1.9033440000000006,13.772352763660596,12.03020409380278,0.00477876574023042,0.04605127084054765,0.049669290333906664,Gaia3
266.00934602021,-39.19740883526,13.188941,14.541587,12.057566,0.002787,0.003241,0.003848,2.4840210000000003,14.29228779294598,11.919463223332151,0.0050310222619264966,0.04614936547362994,0.049655990772324146,Gaia3
266.01858035044,-39.18812055871,13.634567,14.843187,12.559089,0.002792,0.003258,0.003963,2.284098,14.571438268548214,12.421603948604803,0.005130295605518263,0.0461249940076355,0.04966274606216372,Gaia3
266.01295816734,-39.18698201013,12.306402,13.094967,11.440172,0.00276,0.002845,0.003799,1.654795,12.809635506118731,11.32158974014693,0.004746201217816202,0.046023404590746775,0.049677406882408605,Gaia3
266.01151619445,-39.18661038361,13.649103,13.989203,13.113967,0.002762,0.002938,0.003854,0.8752359999999992,13.805384910206547,13.052692536744082,0.00484614898656655,0.045965664792713794,0.04971460050802072,Gaia3
265.99319467408,-39.18365679462,12.750589,13.428418,11.952197,0.00276,0.002875,0.003808,1.4762210000000007,13.155758242013661,11.844412131237396,0.004771424210861994,0.04600747568762085,0.049684780532280544,Gaia3
265.99438136076,-39.18496599662,14.38351,14.831779,13.76321,0.002762,0.002883,0.003981,1.0685689999999983,14.606207020724202,13.679859241154464,0.004915287377153039,0.04597846099908509,0.049706792300608926,Gaia3
266.02851068602,-39.15575723151,13.515683,13.857226,12.986703,0.002764,0.002838,0.003841,0.8705230000000004,13.670507530619222,12.921976695669779,0.004775722458434954,0.04596482595896704,0.04971271050551818,Gaia3
265.98958336904,-39.17257221177,13.501056,14.498261,12.523246,0.002764,0.002935,0.003824,1.975014999999999,14.20780311503897,12.39061727163917,0.004820498003318745,0.046061820945710284,0.049667590293610786,Gaia3
265.95948460214,-39.15948580409,14.336563,14.770863,13.695962,0.002857,0.003013,0.003884,1.0749010000000006,14.561654206937533,13.629521693210435,0.00491565102504236,0.0459847069035483,0.04971185443393306,Gaia3
265.9604578172,-39.15869198594,14.563232,14.978039,13.962141,0.002764,0.002982,0.003874,1.015898,14.766551903157172,13.88808388856617,0.004888783079663077,0.04597469027373742,0.04970879209579967,Gaia3
265.99003792244,-39.13875507294,13.625785,13.927843,13.145549,0.002865,0.003982,0.004576,0.7822939999999985,13.754747148741915,13.083491251043613,0.006065978898743385,0.04597831012721968,0.04977211403825014,Gaia3
265.99566311637,-39.13573966577,13.653906,14.286801,12.883959,0.002759,0.00305,0.003815,1.4028419999999997,14.021981151370163,12.781822294548402,0.004884334652744425,0.04600393461040953,0.04969017484740324,Gaia3
265.9919641137,-39.13363290981,14.005747,14.889567,13.077028,0.002763,0.003002,0.003827,1.8125389999999992,14.604794566453437,12.956581330310238,0.004863942125478057,0.04604477709284167,0.049673709485075296,Gaia3
266.00217960553,-39.11687293895,12.550015,12.294204,11.593925,0.002867,0.00545,0.004351,0.7002790000000001,12.657354579342062,12.056857536082866,0.006973786704509968,0.045980449929753475,0.04982301728413981,Gaia3
265.95603462642,-39.14366351765,11.973289,12.705176,11.14151,0.002764,0.002841,0.003791,1.5636659999999996,12.425098644235097,11.02783809103884,0.004737400341959713,0.04601465220877811,0.04968090398685881,Gaia3
265.95465665671,-39.14032929529,13.534804,13.557636,13.533496,0.003531,0.007608,0.006121,0.02414000000000094,13.55267053089872,13.496100657650874,0.00976464566689442,0.04599398024052877,0.050204451673400055,Gaia3
265.94670409129,-39.13065017709,13.832899,14.719284,12.873882,0.002769,0.003078,0.003815,1.845402,14.452992537125812,12.770929783841881,0.004901867909277034,0.046050561915058796,0.049673425740088525,Gaia3
265.94397902254,-39.10432000123,12.061725,12.444132,11.508494,0.002763,0.002818,0.003787,0.9356379999999991,12.23736595517202,11.431036720361009,0.004720433560595891,0.04596771811831325,0.049707720562945465,Gaia3
265.95587260104,-39.09602444294,12.319057,12.712873,11.749222,0.002765,0.002824,0.003797,0.9636510000000005,12.504105192725534,11.672710028288336,0.004732038144394019,0.04596955642358668,0.04970682113918652,Gaia3
265.9682075392,-39.0928271594,13.824925,14.29155,13.1848,0.002761,0.00291,0.003805,1.1067500000000017,14.062269216425,13.100946866624376,0.004790211373206823,0.04597905670207564,0.04970141988704117,Gaia3
265.96361201016,-39.08165729515,14.519963,14.998555,13.87193,0.002763,0.002942,0.003836,1.1266249999999989,14.76513161735625,13.785514644006096,0.004834279677470057,0.04598125680309389,0.049701775476127995,Gaia3
265.94837644587,-39.07687206036,14.455843,14.922801,13.819274,0.002763,0.003034,0.003838,1.1035269999999997,14.691931277861062,13.7335699245843,0.004892381833013445,0.04598058861375466,0.049704471160510404,Gaia3
266.05424275523,-39.14633741364,13.891905,14.174948,13.437037,0.002777,0.00295,0.003856,0.7379110000000004,14.008876659387116,13.376040841836032,0.004855021730126447,0.04595967533158946,0.049723076012184474,Gaia3
266.03628445936,-39.13489034232,14.144641,14.476141,13.637571,0.002767,0.003081,0.003866,0.8385700000000007,14.28978776869668,13.56938107480032,0.004943532846052507,0.045964911595601884,0.04972003248475873,Gaia3
266.07708868759,-39.10174886759,12.62492,13.579211,11.666456,0.002759,0.002871,0.003788,1.9127550000000006,13.28931650801233,11.537359883566307,0.004753060592923259,0.046050978398001506,0.0496684675577471,Gaia3
266.02534774708,-39.12345691597,13.497992,13.942845,12.843675,0.002878,0.002874,0.0038,1.0991700000000009,13.732388162317479,12.77802708128796,0.004764438686770982,0.04598531891242236,0.04970771730709282,Gaia3
266.00572654252,-39.11287038755,13.029067,13.453043,12.424829,0.002775,0.002846,0.003796,1.0282139999999984,13.236831750000666,12.347206279709654,0.004744400067447938,0.045974159762394114,0.0497046452709209,Gaia3
266.06202898821,-39.09010282397,12.151931,12.949655,11.279412,0.002761,0.002879,0.003798,1.6702429999999993,12.664166929791286,11.160604850109209,0.004765862461297011,0.04602568720722127,0.049677225824187814,Gaia3
266.02858949825,-39.09190842321,14.425877,14.964011,13.726999,0.002761,0.003013,0.003834,1.237012,14.71699331510654,13.63466123285515,0.0048762408677176725,0.04599006517811808,0.04969756232287028,Gaia3
266.08570837024,-39.0903362384,13.214824,14.151821,12.25877,0.002763,0.002954,0.003799,1.8930509999999998,13.866097139605694,12.134660032653164,0.004812329685297964,0.04605169067967517,0.04967015015526817,Gaia3
266.10750554048,-39.08535083269,14.21071,14.660815,13.586035,0.002763,0.002953,0.003867,1.0747799999999987,14.43575532558288,13.503733411781406,0.004865583007204789,0.045978188472740246,0.049705137426991175,Gaia3
266.10946661907,-39.06851827702,13.484248,14.974739,12.306859,0.002791,0.003589,0.003857,2.6678800000000003,14.752915152670079,12.169592313607664,0.005268526359429172,0.046203956057279935,0.049653060168485606,Gaia3
266.11363446746,-39.07313001403,12.526051,13.612495,11.503791,0.002766,0.002922,0.003816,2.1087039999999995,13.328273468765492,11.369008684216618,0.004806239694397274,0.04607781267996217,0.04966334588424192,Gaia3
266.12355640688,-39.07425912711,13.235872,14.027036,12.361822,0.002763,0.002892,0.003794,1.6652140000000006,13.74516817175587,12.246661359992814,0.00477054504223574,0.04602546995882752,0.0496776030498054,Gaia3
266.09786464512,-39.06655178592,14.39873,14.880978,13.75106,0.002763,0.002961,0.003856,1.129918,14.645208221220598,13.66255422727839,0.0048617133811034155,0.045981946149522966,0.049702354479652086,Gaia3
266.06451237872,-39.07633110344,12.984013,13.401794,12.391616,0.002765,0.002836,0.003804,1.0101779999999998,13.185286422359667,12.311992405075086,0.004744819490770961,0.04597246179739761,0.04970495832761556,Gaia3
266.07439897156,-39.06810008523,12.962322,13.835614,12.041417,0.002763,0.002932,0.003795,1.7941970000000005,13.54978573733692,11.920392895972856,0.00479569066975759,0.04603988834333209,0.049673331114650957,Gaia3
266.09360816342,-39.04835804274,13.831409,14.127681,13.363844,0.002768,0.00287,0.003802,0.7638370000000005,13.955301935736951,13.300060106665022,0.004763622990959717,0.045959657273018775,0.049718032733131176,Gaia3
266.01147797338,-39.06860415158,11.60992,13.00745,10.455726,0.002798,0.003014,0.003876,2.551724,12.772781185100884,10.323048821694272,0.0049099462318848265,0.046150990681339515,0.049654141768311934,Gaia3
265.98340387494,-39.0811300412,13.034179,13.266787,12.654459,0.002779,0.00289,0.003824,0.6123280000000015,13.120920144463948,12.595153865569735,0.004793232312333714,0.04595411423328804,0.049727869927541656,Gaia3
266.009339862,-39.05240791594,14.127657,14.531372,13.545775,0.002762,0.002924,0.003832,0.9855969999999985,14.320264925938037,13.469148259003653,0.004820165972246184,0.0459717621929237,0.04970817970684579,Gaia3
266.00412935054,-39.04591200635,13.784205,14.194939,13.163976,0.002808,0.002906,0.00392,1.0309629999999999,13.99296903749631,13.10084997646671,0.004879675808903702,0.045978208660416894,0.04971023390146082,Gaia3
265.99666872061,-39.04821921685,11.67277,12.4136,10.832784,0.00277,0.002847,0.003789,1.5808160000000004,12.134037599678258,10.71978929884219,0.004739401860994697,0.046016674259516256,0.04968061947991323,Gaia3
266.01148672014,-39.05266500179,14.548616,14.956021,13.963176,0.002764,0.003036,0.003868,0.9928449999999991,14.74375729150513,13.88611102889655,0.004917186187241643,0.045973590191233114,0.0497108124561235,Gaia3
266.05065460753,-39.04808007894,12.299607,12.860244,11.585836,0.002761,0.002829,0.003791,1.2744079999999993,12.607246286860365,11.48969229272719,0.004730213737242747,0.04598995909199048,0.04969236072563393,Gaia3
266.04846819232,-39.03004991513,13.049459,13.508353,12.421646,0.002763,0.002852,0.00381,1.0867069999999988,13.279051250406647,12.336116647621699,0.004759202033954852,0.04597736361430049,0.04970163189349827,Gaia3
266.07137532261,-39.034020362,13.228812,13.895656,12.424291,0.002759,0.00288,0.003795,1.4713650000000005,13.631468835530569,12.3248592666082,0.0047640765107206245,0.04600678187853065,0.04968477308358419,Gaia3
266.06404194267,-39.03753592508,14.495745,14.896445,13.915235,0.002766,0.003075,0.003822,0.9812100000000008,14.686828395302118,13.83965997480347,0.004905436677809632,0.045972820280946666,0.049711170308766206,Gaia3
265.96706295944,-39.0490005818,13.327999,14.22769,12.394621,0.002762,0.002854,0.003802,1.833069,13.940150440597405,12.270810380948273,0.004754000420698341,0.046042319056950116,0.04967130874028539,Gaia3
