night,filename,band,exptime,use_image,cut_reasons,n_good,fwhm_median,ellip_median,theta_concentration,snr_median
20240314,/home/knowogrodski/Documentos/observation_HSH/ulens_hsh/ulens_hsh/data/20240314/FBobj7i0002_wcs.fits,I,300.0,True,,558,7.51,0.284,0.7538510718604382,32.94
20240314,/home/knowogrodski/Documentos/observation_HSH/ulens_hsh/ulens_hsh/data/20240314/FBobj7i0004_wcs.fits,I,300.0,True,,449,8.6,0.257,0.7749314279815925,33.73
20240314,/home/knowogrodski/Documentos/observation_HSH/ulens_hsh/ulens_hsh/data/20240314/FBobj7i0006_wcs.fits,I,300.0,True,,543,7.95,0.216,0.7283571089096081,33.88
20240314,/home/knowogrodski/Documentos/observation_HSH/ulens_hsh/ulens_hsh/data/20240314/FBobj7v0001_wcs.fits,V,300.0,True,,340,7.745,0.2615,0.6132412077301683,31.965
20240314,/home/knowogrodski/Documentos/observation_HSH/ulens_hsh/ulens_hsh/data/20240314/FBobj7v0003_wcs.fits,V,300.0,True,,250,9.725,0.3145,0.7193866571198752,36.03
20240314,/home/knowogrodski/Documentos/observation_HSH/ulens_hsh/ulens_hsh/data/20240314/FBobj7v0005_wcs.fits,V,300.0,True,,325,7.72,0.154,0.3550050594961718,35.46
20240319,/home/knowogrodski/Documentos/observation_HSH/ulens_hsh/ulens_hsh/data/20240319/obj6i0012.fit,I,180.0,True,,488,7.885,0.259,0.8264374518179869,32.555
20240319,/home/knowogrodski/Documentos/observation_HSH/ulens_hsh/ulens_hsh/data/20240319/obj6i0014.fit,I,180.0,True,,383,8.84,0.247,0.8006551120623285,34.71
20240319,/home/knowogrodski/Documentos/observation_HSH/ulens_hsh/ulens_hsh/data/20240319/obj6i0016.fit,I,180.0,False,"trailing (ellip=0.38, θ_c=0.87)",291,11.27,0.376,0.8713432494333818,36.05
20240319,/home/knowogrodski/Documentos/observation_HSH/ulens_hsh/ulens_hsh/data/20240319/obj6i0018.fit,I,180.0,True,,540,6.955,0.193,0.6566179080686438,32.504999999999995
20240319,/home/knowogrodski/Documentos/observation_HSH/ulens_hsh/ulens_hsh/data/20240319/obj6i0020.fit,I,180.0,True,,550,7.355,0.2275,0.7494512809311284,32.254999999999995
20240319,/home/knowogrodski/Documentos/observation_HSH/ulens_hsh/ulens_hsh/data/20240319/obj6i0022.fit,I,180.0,True,,637,6.27,0.158,0.5654378765783674,31.88
20240319,/home/knowogrodski/Documentos/observation_HSH/ulens_hsh/ulens_hsh/data/20240319/obj6i0024.fit,I,180.0,True,,477,7.61,0.224,0.724413664723478,32.86
20240319,/home/knowogrodski/Documentos/observation_HSH/ulens_hsh/ulens_hsh/data/20240319/obj6v0011.fit,V,180.0,True,,199,8.85,0.186,0.4848582613496922,32.89
20240319,/home/knowogrodski/Documentos/observation_HSH/ulens_hsh/ulens_hsh/data/20240319/obj6v0013.fit,V,180.0,True,,258,7.865,0.17,0.4535473435811148,31.02
20240319,/home/knowogrodski/Documentos/observation_HSH/ulens_hsh/ulens_hsh/data/20240319/obj6v0015.fit,V,180.0,True,,280,7.575,0.1725,0.414908220477607,30.14
20240319,/home/knowogrodski/Documentos/observation_HSH/ulens_hsh/ulens_hsh/data/20240319/obj6v0017.fit,V,180.0,True,,287,7.56,0.158,0.3798756912420459,29.41
20240319,/home/knowogrodski/Documentos/observation_HSH/ulens_hsh/ulens_hsh/data/20240319/obj6v0019.fit,V,180.0,True,,276,8.015,0.2185,0.6829345507094303,29.555
20240319,/home/knowogrodski/Documentos/observation_HSH/ulens_hsh/ulens_hsh/data/20240319/obj6v0021.fit,V,180.0,True,,189,10.35,0.356,0.7452629863803019,35.23
20240319,/home/knowogrodski/Documentos/observation_HSH/ulens_hsh/ulens_hsh/data/20240319/obj6v0023.fit,V,180.0,True,,321,7.33,0.212,0.6473741764757758,30.35
20250603,/home/knowogrodski/Documentos/observation_HSH/ulens_hsh/ulens_hsh/data/20250603/FBOGLE-2024-BLG-0034i0002_wcs.fits,I,90.0,True,,167,4.8,0.155,0.6305987005905583,27.31
20250603,/home/knowogrodski/Documentos/observation_HSH/ulens_hsh/ulens_hsh/data/20250603/FBOGLE-2024-BLG-0034i0003_wcs.fits,I,90.0,True,,136,4.91,0.1295,0.0389159290846476,27.555
20250603,/home/knowogrodski/Documentos/observation_HSH/ulens_hsh/ulens_hsh/data/20250603/FBOGLE-2024-BLG-0034i0004_wcs.fits,I,90.0,True,,183,5.45,0.189,0.6675110380092617,27.69
20250603,/home/knowogrodski/Documentos/observation_HSH/ulens_hsh/ulens_hsh/data/20250603/FBOGLE-2024-BLG-0034i0005_wcs.fits,I,90.0,False,few_sources (77),77,4.9,0.184,0.4509837927760257,34.08
20250603,/home/knowogrodski/Documentos/observation_HSH/ulens_hsh/ulens_hsh/data/20250603/FBOGLE-2024-BLG-0034i0006_wcs.fits,I,90.0,True,,326,5.94,0.1995,0.7263862929676789,32.05
20250603,/home/knowogrodski/Documentos/observation_HSH/ulens_hsh/ulens_hsh/data/20250603/FBOGLE-2024-BLG-0034i0007_wcs.fits,I,90.0,True,,417,7.2,0.214,0.6588833240116249,32.16
20250603,/home/knowogrodski/Documentos/observation_HSH/ulens_hsh/ulens_hsh/data/20250603/FBOGLE-2024-BLG-0034i0008_wcs.fits,I,90.0,True,,524,5.45,0.1225,0.0867802789941157,29.385
20250603,/home/knowogrodski/Documentos/observation_HSH/ulens_hsh/ulens_hsh/data/20250603/FBOGLE-2024-BLG-0034i0009_wcs.fits,I,90.0,False,"trailing (ellip=0.43, θ_c=0.91)",365,8.66,0.429,0.9070127648186888,33.7
20250603,/home/knowogrodski/Documentos/observation_HSH/ulens_hsh/ulens_hsh/data/20250603/FBOGLE-2024-BLG-0034i0010_wcs.fits,I,90.0,True,,183,5.19,0.129,0.3959347467467638,31.74
20250603,/home/knowogrodski/Documentos/observation_HSH/ulens_hsh/ulens_hsh/data/20250603/FBOGLE-2024-BLG-0034i0011_wcs.fits,I,90.0,False,few_sources (64),64,7.985,0.338,0.7392238947786179,28.26
20250603,/home/knowogrodski/Documentos/observation_HSH/ulens_hsh/ulens_hsh/data/20250603/FBOGLE-2024-BLG-0034i0013_wcs.fits,I,90.0,True,,377,5.61,0.212,0.7680129909396521,27.41
20250603,/home/knowogrodski/Documentos/observation_HSH/ulens_hsh/ulens_hsh/data/20250603/FBOGLE-2024-BLG-0034i0014_wcs.fits,I,90.0,False,"trailing (ellip=0.44, θ_c=0.91)",433,8.61,0.438,0.9088921588040852,31.75
20250603,/home/knowogrodski/Documentos/observation_HSH/ulens_hsh/ulens_hsh/data/20250603/FBOGLE-2024-BLG-0034i0015_wcs.fits,I,90.0,True,,543,5.94,0.219,0.7505363952432771,28.18
20250603,/home/knowogrodski/Documentos/observation_HSH/ulens_hsh/ulens_hsh/data/20250603/FBOGLE-2024-BLG-0034i0017_wcs.fits,I,90.0,True,,205,4.9,0.159,0.6253873907538684,27.22
20250603,/home/knowogrodski/Documentos/observation_HSH/ulens_hsh/ulens_hsh/data/20250603/FBOGLE-2024-BLG-0034i0019_wcs.fits,I,90.0,True,,168,8.08,0.373,0.7925449476669386,37.375
20250603,/home/knowogrodski/Documentos/observation_HSH/ulens_hsh/ulens_hsh/data/20250603/FBOGLE-2024-BLG-0034i0020_wcs.fits,I,90.0,True,,249,4.78,0.157,0.5378972980556043,29.77
20250603,/home/knowogrodski/Documentos/observation_HSH/ulens_hsh/ulens_hsh/data/20250603/FBOGLE-2024-BLG-0034i0023_wcs.fits,I,90.0,True,,389,6.78,0.343,0.8688675241884863,28.41
20250603,/home/knowogrodski/Documentos/observation_HSH/ulens_hsh/ulens_hsh/data/20250603/FBOGLE-2024-BLG-0034i0024_wcs.fits,I,90.0,True,,350,5.425,0.1285,0.1583936177406776,29.26
20250603,/home/knowogrodski/Documentos/observation_HSH/ulens_hsh/ulens_hsh/data/20250603/FBOGLE-2024-BLG-0034i0025_wcs.fits,I,90.0,False,"trailing (ellip=0.43, θ_c=0.88)",148,8.59,0.4275,0.8766312787376732,31.94
20250603,/home/knowogrodski/Documentos/observation_HSH/ulens_hsh/ulens_hsh/data/20250603/FBOGLE-2024-BLG-0034i0026_wcs.fits,I,90.0,False,"high_ellipticity (0.479), trailing (ellip=0.48, θ_c=0.87)",115,8.83,0.479,0.874565564814044,31.44
20250603,/home/knowogrodski/Documentos/observation_HSH/ulens_hsh/ulens_hsh/data/20250603/FBOGLE-2024-BLG-0034i0027_wcs.fits,I,90.0,True,,705,5.89,0.304,0.833198668663655,29.36
20250603,/home/knowogrodski/Documentos/observation_HSH/ulens_hsh/ulens_hsh/data/20250603/FBOGLE-2024-BLG-0034i0028_wcs.fits,I,90.0,True,,810,4.895,0.1975,0.680634286439612,28.79
20250603,/home/knowogrodski/Documentos/observation_HSH/ulens_hsh/ulens_hsh/data/20250603/FBOGLE-2024-BLG-0034i0029_wcs.fits,I,90.0,True,,353,4.92,0.186,0.6800732279380224,28.74
20250603,/home/knowogrodski/Documentos/observation_HSH/ulens_hsh/ulens_hsh/data/20250603/FBOGLE-2024-BLG-0034i0030_wcs.fits,I,90.0,False,"trailing (ellip=0.41, θ_c=0.88)",316,7.23,0.415,0.8776354348171131,28.335
20250603,/home/knowogrodski/Documentos/observation_HSH/ulens_hsh/ulens_hsh/data/20250603/FBOGLE-2024-BLG-0034i0031_wcs.fits,I,90.0,True,,163,5.11,0.182,0.7097619840039517,29.19
20250603,/home/knowogrodski/Documentos/observation_HSH/ulens_hsh/ulens_hsh/data/20250603/FBOGLE-2024-BLG-0034i0032_wcs.fits,I,90.0,True,,279,5.2,0.235,0.8269025017836842,28.53
20250603,/home/knowogrodski/Documentos/observation_HSH/ulens_hsh/ulens_hsh/data/20250603/FBOGLE-2024-BLG-0034i0033_wcs.fits,I,90.0,False,"trailing (ellip=0.45, θ_c=0.86)",118,8.97,0.445,0.860629477451641,39.98
20250603,/home/knowogrodski/Documentos/observation_HSH/ulens_hsh/ulens_hsh/data/20250603/FBOGLE-2024-BLG-0034i0034_wcs.fits,I,90.0,True,,664,5.12,0.1355,0.4123844519698488,28.715
20250603,/home/knowogrodski/Documentos/observation_HSH/ulens_hsh/ulens_hsh/data/20250603/FBOGLE-2024-BLG-0034i0035_wcs.fits,I,90.0,False,"high_ellipticity (0.522), trailing (ellip=0.52, θ_c=0.95)",524,9.97,0.522,0.9488041217922168,31.325
20250603,/home/knowogrodski/Documentos/observation_HSH/ulens_hsh/ulens_hsh/data/20250603/FBOGLE-2024-BLG-0034i0036_wcs.fits,I,90.0,True,,269,5.24,0.21,0.7312590383804056,28.19
20250603,/home/knowogrodski/Documentos/observation_HSH/ulens_hsh/ulens_hsh/data/20250603/FBOGLE-2024-BLG-0034i0037_wcs.fits,I,90.0,True,,196,6.17,0.3115,0.8323471151631364,30.72
20250603,/home/knowogrodski/Documentos/observation_HSH/ulens_hsh/ulens_hsh/data/20250603/FBOGLE-2024-BLG-0034i0038_wcs.fits,I,90.0,True,,379,6.86,0.342,0.853787180168667,29.72
20250603,/home/knowogrodski/Documentos/observation_HSH/ulens_hsh/ulens_hsh/data/20250603/FBOGLE-2024-BLG-0034i0039_wcs.fits,I,90.0,True,,288,5.1,0.231,0.740981991198741,27.31
20250603,/home/knowogrodski/Documentos/observation_HSH/ulens_hsh/ulens_hsh/data/20250603/FBOGLE-2024-BLG-0034i0040_wcs.fits,I,90.0,True,,374,5.11,0.143,0.5639789360717616,28.69
20250603,/home/knowogrodski/Documentos/observation_HSH/ulens_hsh/ulens_hsh/data/20250603/FBOGLE-2024-BLG-0034i0041_wcs.fits,I,90.0,True,,417,5.33,0.196,0.7102534357879022,28.08
20250603,/home/knowogrodski/Documentos/observation_HSH/ulens_hsh/ulens_hsh/data/20250603/FBOGLE-2024-BLG-0034i0042_wcs.fits,I,90.0,False,"trailing (ellip=0.37, θ_c=0.85)",447,6.95,0.373,0.8512950872125886,28.76
20250603,/home/knowogrodski/Documentos/observation_HSH/ulens_hsh/ulens_hsh/data/20250603/FBOGLE-2024-BLG-0034i0043_wcs.fits,I,90.0,False,"trailing (ellip=0.36, θ_c=0.87)",567,7.64,0.361,0.8654918507621779,30.12
20250603,/home/knowogrodski/Documentos/observation_HSH/ulens_hsh/ulens_hsh/data/20250603/FBOGLE-2024-BLG-0034i0044_wcs.fits,I,90.0,True,,423,5.08,0.131,0.5097463720486727,28.27
20250603,/home/knowogrodski/Documentos/observation_HSH/ulens_hsh/ulens_hsh/data/20250603/FBOGLE-2024-BLG-0034i0045_wcs.fits,I,90.0,True,,128,6.64,0.3125,0.8509852489803328,29.06
20250603,/home/knowogrodski/Documentos/observation_HSH/ulens_hsh/ulens_hsh/data/20250603/FBOGLE-2024-BLG-0034i0046_wcs.fits,I,90.0,True,,107,4.96,0.169,0.6041480169291875,28.62
20250603,/home/knowogrodski/Documentos/observation_HSH/ulens_hsh/ulens_hsh/data/20250603/FBOGLE-2024-BLG-0034v0001_wcs.fits,V,90.0,True,,151,4.86,0.147,0.4772548774281993,28.85
20250603,/home/knowogrodski/Documentos/observation_HSH/ulens_hsh/ulens_hsh/data/20250603/FBOGLE-2024-BLG-0034v0002_wcs.fits,V,90.0,True,,106,6.57,0.2765,0.7074123279506171,37.65
20250603,/home/knowogrodski/Documentos/observation_HSH/ulens_hsh/ulens_hsh/data/20250603/FBOGLE-2024-BLG-0034v0003_wcs.fits,V,90.0,True,,100,6.995,0.26,0.6795988889355538,39.105
20250603,/home/knowogrodski/Documentos/observation_HSH/ulens_hsh/ulens_hsh/data/20250603/FBOGLE-2024-BLG-0034v0004_wcs.fits,V,90.0,True,,295,5.69,0.203,0.606172754615577,28.69
20250603,/home/knowogrodski/Documentos/observation_HSH/ulens_hsh/ulens_hsh/data/20250603/FBOGLE-2024-BLG-0034v0005_wcs.fits,V,90.0,True,,185,7.7,0.316,0.7126036869551542,32.0
20250603,/home/knowogrodski/Documentos/observation_HSH/ulens_hsh/ulens_hsh/data/20250603/FBOGLE-2024-BLG-0034v0006_wcs.fits,V,90.0,True,,153,5.32,0.176,0.5973358554642608,30.35
20250603,/home/knowogrodski/Documentos/observation_HSH/ulens_hsh/ulens_hsh/data/20250603/FBOGLE-2024-BLG-0034v0007_wcs.fits,V,90.0,True,,355,5.43,0.142,0.3002674156913409,27.11
20250603,/home/knowogrodski/Documentos/observation_HSH/ulens_hsh/ulens_hsh/data/20250603/FBOGLE-2024-BLG-0034v0010_wcs.fits,V,90.0,True,,121,8.29,0.339,0.7487226669178699,40.09
20250603,/home/knowogrodski/Documentos/observation_HSH/ulens_hsh/ulens_hsh/data/20250603/FBOGLE-2024-BLG-0034v0013_wcs.fits,V,90.0,False,high_ellipticity (0.469),108,9.29,0.469,0.6851986630125152,43.815
20250603,/home/knowogrodski/Documentos/observation_HSH/ulens_hsh/ulens_hsh/data/20250603/FBOGLE-2024-BLG-0034v0014_wcs.fits,V,90.0,True,,120,5.665,0.175,0.4675138967643089,37.55
20250603,/home/knowogrodski/Documentos/observation_HSH/ulens_hsh/ulens_hsh/data/20250603/FBOGLE-2024-BLG-0034v0015_wcs.fits,V,90.0,True,,210,4.98,0.1355,0.3514997531907579,32.0
20250603,/home/knowogrodski/Documentos/observation_HSH/ulens_hsh/ulens_hsh/data/20250603/FBOGLE-2024-BLG-0034v0016_wcs.fits,V,90.0,True,,120,6.5,0.246,0.7083498470853822,36.145
20250603,/home/knowogrodski/Documentos/observation_HSH/ulens_hsh/ulens_hsh/data/20250603/FBOGLE-2024-BLG-0034v0018_wcs.fits,V,90.0,True,,160,5.645,0.1735,0.5614464104267838,30.85
20250603,/home/knowogrodski/Documentos/observation_HSH/ulens_hsh/ulens_hsh/data/20250603/FBOGLE-2024-BLG-0034v0019_wcs.fits,V,90.0,True,,127,6.56,0.171,0.639844684099067,37.49
20250603,/home/knowogrodski/Documentos/observation_HSH/ulens_hsh/ulens_hsh/data/20250603/FBOGLE-2024-BLG-0034v0021_wcs.fits,V,90.0,True,,161,6.08,0.164,0.5773265803976315,32.99
20250603,/home/knowogrodski/Documentos/observation_HSH/ulens_hsh/ulens_hsh/data/20250603/FBOGLE-2024-BLG-0034v0024_wcs.fits,V,90.0,True,,111,9.23,0.319,0.8113126960352082,41.58
20250603,/home/knowogrodski/Documentos/observation_HSH/ulens_hsh/ulens_hsh/data/20250603/FBOGLE-2024-BLG-0034v0025_wcs.fits,V,90.0,True,,208,6.195,0.2005,0.6596918238511555,33.870000000000005
20250603,/home/knowogrodski/Documentos/observation_HSH/ulens_hsh/ulens_hsh/data/20250603/FBOGLE-2024-BLG-0034v0026_wcs.fits,V,90.0,True,,228,7.33,0.2775,0.6809222963679815,32.645
20250603,/home/knowogrodski/Documentos/observation_HSH/ulens_hsh/ulens_hsh/data/20250603/FBOGLE-2024-BLG-0034v0027_wcs.fits,V,90.0,True,,140,7.47,0.326,0.7371923012694389,34.985
20250603,/home/knowogrodski/Documentos/observation_HSH/ulens_hsh/ulens_hsh/data/20250603/FBOGLE-2024-BLG-0034v0028_wcs.fits,V,90.0,True,,287,6.34,0.144,0.3043952306842342,28.73
20250603,/home/knowogrodski/Documentos/observation_HSH/ulens_hsh/ulens_hsh/data/20250603/FBOGLE-2024-BLG-0034v0029_wcs.fits,V,90.0,True,,247,7.04,0.179,0.543735674272689,32.03
20250603,/home/knowogrodski/Documentos/observation_HSH/ulens_hsh/ulens_hsh/data/20250603/FBOGLE-2024-BLG-0034v0030_wcs.fits,V,90.0,True,,277,5.94,0.165,0.3885851202194327,30.2
20250603,/home/knowogrodski/Documentos/observation_HSH/ulens_hsh/ulens_hsh/data/20250603/FBOGLE-2024-BLG-0034v0031_wcs.fits,V,90.0,True,,181,6.33,0.138,0.4362783191137722,34.3
20250603,/home/knowogrodski/Documentos/observation_HSH/ulens_hsh/ulens_hsh/data/20250603/FBOGLE-2024-BLG-0034v0034_wcs.fits,V,90.0,True,,133,6.66,0.182,0.6226989965617008,33.48
20250605,/home/knowogrodski/Documentos/observation_HSH/ulens_hsh/ulens_hsh/data/20250605/FBOGLE-2024-BLG-0034i0001_wcs.fits,I,90.0,True,,948,5.3,0.305,0.8541058531900118,31.19
20250605,/home/knowogrodski/Documentos/observation_HSH/ulens_hsh/ulens_hsh/data/20250605/FBOGLE-2024-BLG-0034i0002_wcs.fits,I,90.0,False,"trailing (ellip=0.42, θ_c=0.92)",809,7.01,0.418,0.9172845529883928,30.67
20250605,/home/knowogrodski/Documentos/observation_HSH/ulens_hsh/ulens_hsh/data/20250605/FBOGLE-2024-BLG-0034i0003_wcs.fits,I,90.0,True,,830,5.6850000000000005,0.295,0.8579531155701137,29.42
20250605,/home/knowogrodski/Documentos/observation_HSH/ulens_hsh/ulens_hsh/data/20250605/FBOGLE-2024-BLG-0034i0004_wcs.fits,I,90.0,True,,1020,3.85,0.2045,0.7345989918509213,31.115
20250605,/home/knowogrodski/Documentos/observation_HSH/ulens_hsh/ulens_hsh/data/20250605/FBOGLE-2024-BLG-0034i0005_wcs.fits,I,90.0,True,,948,5.03,0.242,0.8348625028728319,30.995
20250605,/home/knowogrodski/Documentos/observation_HSH/ulens_hsh/ulens_hsh/data/20250605/FBOGLE-2024-BLG-0034i0006_wcs.fits,I,90.0,True,,950,4.48,0.172,0.7034342013004603,32.16
20250605,/home/knowogrodski/Documentos/observation_HSH/ulens_hsh/ulens_hsh/data/20250605/FBOGLE-2024-BLG-0034i0007_wcs.fits,I,90.0,False,"trailing (ellip=0.43, θ_c=0.91)",778,7.73,0.429,0.91457945376011,30.85
20250605,/home/knowogrodski/Documentos/observation_HSH/ulens_hsh/ulens_hsh/data/20250605/FBOGLE-2024-BLG-0034i0008_wcs.fits,I,90.0,True,,1100,3.71,0.1115,0.3892112995932297,33.465
20250605,/home/knowogrodski/Documentos/observation_HSH/ulens_hsh/ulens_hsh/data/20250605/FBOGLE-2024-BLG-0034i0009_wcs.fits,I,90.0,True,,871,5.77,0.317,0.8938538124111649,30.51
20250605,/home/knowogrodski/Documentos/observation_HSH/ulens_hsh/ulens_hsh/data/20250605/FBOGLE-2024-BLG-0034i0010_wcs.fits,I,90.0,False,"high_ellipticity (0.511), trailing (ellip=0.51, θ_c=0.95)",755,8.43,0.511,0.9527981652707984,29.41
20250605,/home/knowogrodski/Documentos/observation_HSH/ulens_hsh/ulens_hsh/data/20250605/FBOGLE-2024-BLG-0034i0011_wcs.fits,I,90.0,True,,729,5.69,0.215,0.7857935588805445,28.52
20250605,/home/knowogrodski/Documentos/observation_HSH/ulens_hsh/ulens_hsh/data/20250605/FBOGLE-2024-BLG-0034i0012_wcs.fits,I,90.0,True,,547,5.85,0.255,0.7458882710515056,28.82
20250605,/home/knowogrodski/Documentos/observation_HSH/ulens_hsh/ulens_hsh/data/20250605/FBOGLE-2024-BLG-0034i0013_wcs.fits,I,90.0,False,"trailing (ellip=0.38, θ_c=0.87)",613,7.05,0.375,0.8693991939088904,27.08
20250605,/home/knowogrodski/Documentos/observation_HSH/ulens_hsh/ulens_hsh/data/20250605/FBOGLE-2024-BLG-0034i0014_wcs.fits,I,90.0,False,"trailing (ellip=0.37, θ_c=0.88)",752,6.36,0.372,0.8828957243777619,27.795
20250605,/home/knowogrodski/Documentos/observation_HSH/ulens_hsh/ulens_hsh/data/20250605/FBOGLE-2024-BLG-0034i0015_wcs.fits,I,90.0,True,,840,5.49,0.3015,0.8626705602802933,29.12
20250605,/home/knowogrodski/Documentos/observation_HSH/ulens_hsh/ulens_hsh/data/20250605/FBOGLE-2024-BLG-0034i0016_wcs.fits,I,90.0,False,"high_ellipticity (0.468), trailing (ellip=0.47, θ_c=0.95)",589,8.03,0.468,0.945821975326014,30.06
20250605,/home/knowogrodski/Documentos/observation_HSH/ulens_hsh/ulens_hsh/data/20250605/FBOGLE-2024-BLG-0034i0017_wcs.fits,I,90.0,False,"trailing (ellip=0.38, θ_c=0.90)",808,6.08,0.381,0.9041490583081088,27.11
20250605,/home/knowogrodski/Documentos/observation_HSH/ulens_hsh/ulens_hsh/data/20250605/FBOGLE-2024-BLG-0034i0018_wcs.fits,I,90.0,False,"high_ellipticity (0.468), trailing (ellip=0.47, θ_c=0.94)",656,7.22,0.4675,0.9383769051373346,28.08
20250605,/home/knowogrodski/Documentos/observation_HSH/ulens_hsh/ulens_hsh/data/20250605/FBOGLE-2024-BLG-0034i0019_wcs.fits,I,90.0,True,,661,3.17,0.131,0.5983353450178507,28.7
20250605,/home/knowogrodski/Documentos/observation_HSH/ulens_hsh/ulens_hsh/data/20250605/FBOGLE-2024-BLG-0034i0020_wcs.fits,I,90.0,False,"trailing (ellip=0.37, θ_c=0.93)",728,5.12,0.3695,0.9321970245524928,26.505
20250605,/home/knowogrodski/Documentos/observation_HSH/ulens_hsh/ulens_hsh/data/20250605/FBOGLE-2024-BLG-0034i0021_wcs.fits,I,90.0,True,,885,3.25,0.164,0.7175342565640036,28.1
20250605,/home/knowogrodski/Documentos/observation_HSH/ulens_hsh/ulens_hsh/data/20250605/FBOGLE-2024-BLG-0034i0022_wcs.fits,I,90.0,True,,769,4.9,0.258,0.8403812023842925,27.31
20250605,/home/knowogrodski/Documentos/observation_HSH/ulens_hsh/ulens_hsh/data/20250605/FBOGLE-2024-BLG-0034i0023_wcs.fits,I,90.0,True,,828,4.16,0.188,0.7224869873067176,27.36
20250605,/home/knowogrodski/Documentos/observation_HSH/ulens_hsh/ulens_hsh/data/20250605/FBOGLE-2024-BLG-0034i0024_wcs.fits,I,90.0,False,"trailing (ellip=0.35, θ_c=0.92)",796,5.835,0.3545,0.9173164765274804,27.505
20250605,/home/knowogrodski/Documentos/observation_HSH/ulens_hsh/ulens_hsh/data/20250605/FBOGLE-2024-BLG-0034i0025_wcs.fits,I,90.0,True,,746,5.11,0.2695,0.8051105136261686,26.65
20250605,/home/knowogrodski/Documentos/observation_HSH/ulens_hsh/ulens_hsh/data/20250605/FBOGLE-2024-BLG-0034i0026_wcs.fits,I,90.0,True,,695,5.94,0.339,0.9074699923021968,28.51
20250605,/home/knowogrodski/Documentos/observation_HSH/ulens_hsh/ulens_hsh/data/20250605/FBOGLE-2024-BLG-0034i0027_wcs.fits,I,90.0,True,,914,4.17,0.167,0.6614289345161944,29.075
20250605,/home/knowogrodski/Documentos/observation_HSH/ulens_hsh/ulens_hsh/data/20250605/FBOGLE-2024-BLG-0034i0028_wcs.fits,I,90.0,True,,859,3.77,0.138,0.5199379025624558,27.62
20250605,/home/knowogrodski/Documentos/observation_HSH/ulens_hsh/ulens_hsh/data/20250605/FBOGLE-2024-BLG-0034i0029_wcs.fits,I,90.0,False,high_ellipticity (0.457),372,9.215,0.457,0.8468952459417881,31.175
20250605,/home/knowogrodski/Documentos/observation_HSH/ulens_hsh/ulens_hsh/data/20250605/FBOGLE-2024-BLG-0034i0030_wcs.fits,I,90.0,True,,970,4.56,0.247,0.8349814621049353,29.415
20250605,/home/knowogrodski/Documentos/observation_HSH/ulens_hsh/ulens_hsh/data/20250605/FBOGLE-2024-BLG-0034i0031_wcs.fits,I,90.0,True,,936,4.23,0.178,0.7091943885611515,28.54
20250605,/home/knowogrodski/Documentos/observation_HSH/ulens_hsh/ulens_hsh/data/20250605/FBOGLE-2024-BLG-0034i0032_wcs.fits,I,90.0,True,,949,4.24,0.234,0.8256068102901586,28.61
20250605,/home/knowogrodski/Documentos/observation_HSH/ulens_hsh/ulens_hsh/data/20250605/FBOGLE-2024-BLG-0034i0033_wcs.fits,I,90.0,True,,866,3.995,0.145,0.5962556610534447,27.995
20250605,/home/knowogrodski/Documentos/observation_HSH/ulens_hsh/ulens_hsh/data/20250605/FBOGLE-2024-BLG-0034i0034_wcs.fits,I,90.0,False,"trailing (ellip=0.39, θ_c=0.93)",663,6.38,0.391,0.925944939328466,27.09
20250605,/home/knowogrodski/Documentos/observation_HSH/ulens_hsh/ulens_hsh/data/20250605/FBOGLE-2024-BLG-0034i0035_wcs.fits,I,90.0,False,"trailing (ellip=0.36, θ_c=0.88)",690,5.81,0.362,0.8830813556669533,27.29
20250605,/home/knowogrodski/Documentos/observation_HSH/ulens_hsh/ulens_hsh/data/20250605/FBOGLE-2024-BLG-0034i0036_wcs.fits,I,90.0,False,"trailing (ellip=0.43, θ_c=0.87)",450,7.470000000000001,0.434,0.8660408324797398,27.02
20250605,/home/knowogrodski/Documentos/observation_HSH/ulens_hsh/ulens_hsh/data/20250605/FBOGLE-2024-BLG-0034v0001_wcs.fits,V,90.0,True,,316,3.605,0.168,0.6950680823345657,26.335
20250605,/home/knowogrodski/Documentos/observation_HSH/ulens_hsh/ulens_hsh/data/20250605/FBOGLE-2024-BLG-0034v0002_wcs.fits,V,90.0,True,,372,4.51,0.273,0.7892896801494427,26.765
20250605,/home/knowogrodski/Documentos/observation_HSH/ulens_hsh/ulens_hsh/data/20250605/FBOGLE-2024-BLG-0034v0003_wcs.fits,V,90.0,False,"trailing (ellip=0.39, θ_c=0.87)",294,5.78,0.389,0.8705257306830525,26.285
20250605,/home/knowogrodski/Documentos/observation_HSH/ulens_hsh/ulens_hsh/data/20250605/FBOGLE-2024-BLG-0034v0004_wcs.fits,V,90.0,True,,322,5.345000000000001,0.337,0.8543750989838368,25.83
20250605,/home/knowogrodski/Documentos/observation_HSH/ulens_hsh/ulens_hsh/data/20250605/FBOGLE-2024-BLG-0034v0005_wcs.fits,V,90.0,True,,445,4.15,0.185,0.640018296974154,25.95
20250605,/home/knowogrodski/Documentos/observation_HSH/ulens_hsh/ulens_hsh/data/20250605/FBOGLE-2024-BLG-0034v0006_wcs.fits,V,90.0,False,few_sources (46),46,4.45,0.333,0.3356858771402999,32.410000000000004
20250605,/home/knowogrodski/Documentos/observation_HSH/ulens_hsh/ulens_hsh/data/20250605/FBOGLE-2024-BLG-0034v0007_wcs.fits,V,90.0,False,"high_ellipticity (0.516), trailing (ellip=0.52, θ_c=0.89)",240,8.5,0.5165,0.8909290918216749,26.37
20250605,/home/knowogrodski/Documentos/observation_HSH/ulens_hsh/ulens_hsh/data/20250605/FBOGLE-2024-BLG-0034v0008_wcs.fits,V,90.0,True,,326,4.705,0.2655,0.8136825947571871,26.565
20250605,/home/knowogrodski/Documentos/observation_HSH/ulens_hsh/ulens_hsh/data/20250605/FBOGLE-2024-BLG-0034v0009_wcs.fits,V,90.0,True,,342,6.33,0.3875,0.8472230205731028,27.39
20250605,/home/knowogrodski/Documentos/observation_HSH/ulens_hsh/ulens_hsh/data/20250605/FBOGLE-2024-BLG-0034v0010_wcs.fits,V,90.0,False,"trailing (ellip=0.40, θ_c=0.90)",349,5.99,0.399,0.8999928890280513,25.88
20250605,/home/knowogrodski/Documentos/observation_HSH/ulens_hsh/ulens_hsh/data/20250605/FBOGLE-2024-BLG-0034v0011_wcs.fits,V,90.0,True,,363,4.05,0.184,0.7486841652493852,25.69
20250605,/home/knowogrodski/Documentos/observation_HSH/ulens_hsh/ulens_hsh/data/20250605/FBOGLE-2024-BLG-0034v0012_wcs.fits,V,90.0,False,"high_ellipticity (0.480), trailing (ellip=0.48, θ_c=0.88)",242,7.165,0.4805,0.8785511681093509,27.47
20250605,/home/knowogrodski/Documentos/observation_HSH/ulens_hsh/ulens_hsh/data/20250605/FBOGLE-2024-BLG-0034v0013_wcs.fits,V,90.0,True,,363,5.26,0.3,0.8341878406488851,25.96
20250605,/home/knowogrodski/Documentos/observation_HSH/ulens_hsh/ulens_hsh/data/20250605/FBOGLE-2024-BLG-0034v0014_wcs.fits,V,90.0,True,,482,4.3,0.2665,0.8020635252897019,25.775
20250605,/home/knowogrodski/Documentos/observation_HSH/ulens_hsh/ulens_hsh/data/20250605/FBOGLE-2024-BLG-0034v0015_wcs.fits,V,90.0,True,,529,4.84,0.33,0.8470493092816205,25.76
20250605,/home/knowogrodski/Documentos/observation_HSH/ulens_hsh/ulens_hsh/data/20250605/FBOGLE-2024-BLG-0034v0016_wcs.fits,V,90.0,True,,582,3.25,0.1215,0.1855441439228826,26.285
20250605,/home/knowogrodski/Documentos/observation_HSH/ulens_hsh/ulens_hsh/data/20250605/FBOGLE-2024-BLG-0034v0017_wcs.fits,V,90.0,False,"trailing (ellip=0.39, θ_c=0.85)",371,5.34,0.393,0.8537326782321429,27.21
20250605,/home/knowogrodski/Documentos/observation_HSH/ulens_hsh/ulens_hsh/data/20250605/FBOGLE-2024-BLG-0034v0018_wcs.fits,V,90.0,True,,333,4.2,0.281,0.8196831789815537,25.9
20250605,/home/knowogrodski/Documentos/observation_HSH/ulens_hsh/ulens_hsh/data/20250605/FBOGLE-2024-BLG-0034v0019_wcs.fits,V,90.0,True,,296,4.805,0.358,0.8272375278444147,26.245
20250605,/home/knowogrodski/Documentos/observation_HSH/ulens_hsh/ulens_hsh/data/20250605/FBOGLE-2024-BLG-0034v0020_wcs.fits,V,90.0,True,,436,5.15,0.365,0.8490720769645469,26.71
20250605,/home/knowogrodski/Documentos/observation_HSH/ulens_hsh/ulens_hsh/data/20250605/FBOGLE-2024-BLG-0034v0021_wcs.fits,V,90.0,True,,490,3.64,0.184,0.653563090394822,25.775
20250605,/home/knowogrodski/Documentos/observation_HSH/ulens_hsh/ulens_hsh/data/20250605/FBOGLE-2024-BLG-0034v0022_wcs.fits,V,90.0,True,,260,3.78,0.221,0.7993826615417912,28.25
20250605,/home/knowogrodski/Documentos/observation_HSH/ulens_hsh/ulens_hsh/data/20250605/FBOGLE-2024-BLG-0034v0023_wcs.fits,V,90.0,True,,470,3.39,0.177,0.6869570483130572,25.675
20250605,/home/knowogrodski/Documentos/observation_HSH/ulens_hsh/ulens_hsh/data/20250605/FBOGLE-2024-BLG-0034v0024_wcs.fits,V,90.0,False,"high_ellipticity (0.487), trailing (ellip=0.49, θ_c=0.89)",438,7.3,0.487,0.8939206607683318,26.165
20250605,/home/knowogrodski/Documentos/observation_HSH/ulens_hsh/ulens_hsh/data/20250605/FBOGLE-2024-BLG-0034v0025_wcs.fits,V,90.0,True,,543,3.89,0.245,0.7657959168353592,25.57
20250605,/home/knowogrodski/Documentos/observation_HSH/ulens_hsh/ulens_hsh/data/20250605/FBOGLE-2024-BLG-0034v0026_wcs.fits,V,90.0,True,,476,3.73,0.207,0.7786243276205186,25.335
20250605,/home/knowogrodski/Documentos/observation_HSH/ulens_hsh/ulens_hsh/data/20250605/FBOGLE-2024-BLG-0034v0027_wcs.fits,V,90.0,True,,454,4.32,0.283,0.8504182079072581,24.585
20250605,/home/knowogrodski/Documentos/observation_HSH/ulens_hsh/ulens_hsh/data/20250605/FBOGLE-2024-BLG-0034v0028_wcs.fits,V,90.0,False,"few_sources (81), high_ellipticity (0.591)",81,6.22,0.591,0.7236049138965844,22.3
20250605,/home/knowogrodski/Documentos/observation_HSH/ulens_hsh/ulens_hsh/data/20250605/FBOGLE-2024-BLG-0034v0029_wcs.fits,V,90.0,False,high_ellipticity (0.530),141,8.17,0.53,0.7282087206077885,27.81
20250605,/home/knowogrodski/Documentos/observation_HSH/ulens_hsh/ulens_hsh/data/20250605/FBOGLE-2024-BLG-0034v0030_wcs.fits,V,90.0,True,,507,3.86,0.204,0.7321653114886758,25.22
20250605,/home/knowogrodski/Documentos/observation_HSH/ulens_hsh/ulens_hsh/data/20250605/FBOGLE-2024-BLG-0034v0031_wcs.fits,V,90.0,False,"high_ellipticity (0.510), trailing (ellip=0.51, θ_c=0.89)",395,7.89,0.51,0.8868632548550756,28.18
20250605,/home/knowogrodski/Documentos/observation_HSH/ulens_hsh/ulens_hsh/data/20250605/FBOGLE-2024-BLG-0034v0032_wcs.fits,V,90.0,False,"trailing (ellip=0.42, θ_c=0.86)",515,6.21,0.42,0.8558298537962582,27.48
20250605,/home/knowogrodski/Documentos/observation_HSH/ulens_hsh/ulens_hsh/data/20250605/FBOGLE-2024-BLG-0034v0033_wcs.fits,V,90.0,True,,662,4.02,0.2135,0.7470275376862265,25.94
20250605,/home/knowogrodski/Documentos/observation_HSH/ulens_hsh/ulens_hsh/data/20250605/FBOGLE-2024-BLG-0034v0034_wcs.fits,V,90.0,False,"trailing (ellip=0.38, θ_c=0.89)",558,5.97,0.3835,0.8905692778112697,26.495
20250605,/home/knowogrodski/Documentos/observation_HSH/ulens_hsh/ulens_hsh/data/20250605/FBOGLE-2024-BLG-0034v0035_wcs.fits,V,90.0,True,,656,4.05,0.2375,0.7767152181809683,26.67
20250605,/home/knowogrodski/Documentos/observation_HSH/ulens_hsh/ulens_hsh/data/20250605/FBOGLE-2024-BLG-0034v0036_wcs.fits,V,90.0,True,,707,3.28,0.14,0.5064214588095125,26.49
20250605,/home/knowogrodski/Documentos/observation_HSH/ulens_hsh/ulens_hsh/data/20250605/FBOGLE-2024-BLG-0034v0037_wcs.fits,V,90.0,True,,646,3.95,0.204,0.7312437827709843,25.755000000000003
20250605,/home/knowogrodski/Documentos/observation_HSH/ulens_hsh/ulens_hsh/data/20250605/FBOGLE-2024-BLG-0034v0038_wcs.fits,V,90.0,True,,634,4.43,0.2585,0.8129211645564465,26.705
20250605,/home/knowogrodski/Documentos/observation_HSH/ulens_hsh/ulens_hsh/data/20250605/FBOGLE-2024-BLG-0034v0039_wcs.fits,V,90.0,True,,392,7.625,0.428,0.8020018921208582,27.355
20250607,/home/knowogrodski/Documentos/observation_HSH/ulens_hsh/ulens_hsh/data/20250607/FBOGLE-2024-BLG-0034i0001_wcs.fits,I,90.0,False,bad_seeing_median (12.7px),160,12.735,0.2255,0.6105962132800007,66.88499999999999
20250607,/home/knowogrodski/Documentos/observation_HSH/ulens_hsh/ulens_hsh/data/20250607/FBOGLE-2024-BLG-0034i0002_wcs.fits,I,90.0,True,,106,7.890000000000001,0.4315,0.4708572259150616,23.18
20250607,/home/knowogrodski/Documentos/observation_HSH/ulens_hsh/ulens_hsh/data/20250607/FBOGLE-2024-BLG-0034i0003_wcs.fits,I,90.0,False,few_sources (97),97,11.33,0.232,0.4297623374761365,30.73
20250607,/home/knowogrodski/Documentos/observation_HSH/ulens_hsh/ulens_hsh/data/20250607/FBOGLE-2024-BLG-0034i0004_wcs.fits,I,90.0,False,few_sources (97),97,8.01,0.419,0.5671464780646366,23.89
20250607,/home/knowogrodski/Documentos/observation_HSH/ulens_hsh/ulens_hsh/data/20250607/FBOGLE-2024-BLG-0034i0005_wcs.fits,I,90.0,True,,229,11.77,0.161,0.6677184638742971,55.68
20250607,/home/knowogrodski/Documentos/observation_HSH/ulens_hsh/ulens_hsh/data/20250607/FBOGLE-2024-BLG-0034i0006_wcs.fits,I,90.0,True,,150,11.11,0.2304999999999999,0.396376098455463,39.635
20250607,/home/knowogrodski/Documentos/observation_HSH/ulens_hsh/ulens_hsh/data/20250607/FBOGLE-2024-BLG-0034i0007_wcs.fits,I,90.0,False,bad_seeing_median (12.1px),201,12.05,0.177,0.6694632533116377,53.12
20250607,/home/knowogrodski/Documentos/observation_HSH/ulens_hsh/ulens_hsh/data/20250607/FBOGLE-2024-BLG-0034i0008_wcs.fits,I,90.0,False,few_sources (86),86,7.925,0.4495,0.553796637931889,23.71
20250607,/home/knowogrodski/Documentos/observation_HSH/ulens_hsh/ulens_hsh/data/20250607/FBOGLE-2024-BLG-0034i0010_wcs.fits,I,90.0,False,few_sources (94),94,8.24,0.332,0.550827795119127,25.5
20250607,/home/knowogrodski/Documentos/observation_HSH/ulens_hsh/ulens_hsh/data/20250607/FBOGLE-2024-BLG-0034i0011_wcs.fits,I,90.0,False,bad_seeing_median (12.3px),146,12.26,0.1845,0.5838162820654055,58.575
20250607,/home/knowogrodski/Documentos/observation_HSH/ulens_hsh/ulens_hsh/data/20250607/FBOGLE-2024-BLG-0034i0012_wcs.fits,I,90.0,False,"few_sources (68), high_ellipticity (0.501)",68,7.789999999999999,0.501,0.7020955628718603,22.925
20250607,/home/knowogrodski/Documentos/observation_HSH/ulens_hsh/ulens_hsh/data/20250607/FBOGLE-2024-BLG-0034i0013_wcs.fits,I,90.0,False,few_sources (84),84,8.365,0.41,0.3054010453995983,24.975
20250607,/home/knowogrodski/Documentos/observation_HSH/ulens_hsh/ulens_hsh/data/20250607/FBOGLE-2024-BLG-0034i0014_wcs.fits,I,90.0,True,,138,11.83,0.184,0.5641950440288552,49.165
20250607,/home/knowogrodski/Documentos/observation_HSH/ulens_hsh/ulens_hsh/data/20250607/FBOGLE-2024-BLG-0034i0015_wcs.fits,I,90.0,True,,273,11.37,0.153,0.6696194620666011,46.25
20250607,/home/knowogrodski/Documentos/observation_HSH/ulens_hsh/ulens_hsh/data/20250607/FBOGLE-2024-BLG-0034i0016_wcs.fits,I,90.0,False,few_sources (96),96,10.94,0.285,0.4857102564116071,28.96
20250607,/home/knowogrodski/Documentos/observation_HSH/ulens_hsh/ulens_hsh/data/20250607/FBOGLE-2024-BLG-0034i0017_wcs.fits,I,90.0,False,"few_sources (97), high_ellipticity (0.491)",97,7.47,0.491,0.6667541982903553,22.22
20250607,/home/knowogrodski/Documentos/observation_HSH/ulens_hsh/ulens_hsh/data/20250607/FBOGLE-2024-BLG-0034i0018_wcs.fits,I,90.0,False,"few_sources (68), high_ellipticity (0.531)",68,8.99,0.531,0.7296112394318179,24.39
20250607,/home/knowogrodski/Documentos/observation_HSH/ulens_hsh/ulens_hsh/data/20250607/FBOGLE-2024-BLG-0034i0019_wcs.fits,I,90.0,False,high_ellipticity (0.526),104,7.305,0.526,0.743008830321314,21.97
20250607,/home/knowogrodski/Documentos/observation_HSH/ulens_hsh/ulens_hsh/data/20250607/FBOGLE-2024-BLG-0034i0020_wcs.fits,I,90.0,False,few_sources (82),82,7.6,0.4415,0.632312225655564,22.77
20250607,/home/knowogrodski/Documentos/observation_HSH/ulens_hsh/ulens_hsh/data/20250607/FBOGLE-2024-BLG-0034i0021_wcs.fits,I,90.0,True,,111,8.05,0.401,0.3646119149320883,22.39
20250607,/home/knowogrodski/Documentos/observation_HSH/ulens_hsh/ulens_hsh/data/20250607/FBOGLE-2024-BLG-0034i0022_wcs.fits,I,90.0,True,,103,7.36,0.408,0.5870302538685205,22.28
20250608,/home/knowogrodski/Documentos/observation_HSH/ulens_hsh/ulens_hsh/data/20250608/FBOGLE-2024-BLG-0034i0001_wcs.fits,I,120.0,True,,454,9.455,0.227,0.6883161350580768,37.145
20250608,/home/knowogrodski/Documentos/observation_HSH/ulens_hsh/ulens_hsh/data/20250608/FBOGLE-2024-BLG-0034i0002_wcs.fits,I,120.0,True,,474,9.175,0.138,0.4880520987791299,37.16
20250608,/home/knowogrodski/Documentos/observation_HSH/ulens_hsh/ulens_hsh/data/20250608/FBOGLE-2024-BLG-0034i0003_wcs.fits,I,120.0,True,,529,8.87,0.182,0.6602668922755297,35.67
20250608,/home/knowogrodski/Documentos/observation_HSH/ulens_hsh/ulens_hsh/data/20250608/FBOGLE-2024-BLG-0034i0004_wcs.fits,I,120.0,True,,535,8.61,0.161,0.5800103887191587,35.08
20250608,/home/knowogrodski/Documentos/observation_HSH/ulens_hsh/ulens_hsh/data/20250608/FBOGLE-2024-BLG-0034i0005_wcs.fits,I,120.0,True,,510,8.665,0.148,0.487244654859126,35.53
20250608,/home/knowogrodski/Documentos/observation_HSH/ulens_hsh/ulens_hsh/data/20250608/FBOGLE-2024-BLG-0034i0006_wcs.fits,I,120.0,True,,604,7.73,0.163,0.5957988493898273,33.995000000000005
20250608,/home/knowogrodski/Documentos/observation_HSH/ulens_hsh/ulens_hsh/data/20250608/FBOGLE-2024-BLG-0034i0007_wcs.fits,I,120.0,True,,450,9.795,0.2115,0.7519438061548032,38.455
20250608,/home/knowogrodski/Documentos/observation_HSH/ulens_hsh/ulens_hsh/data/20250608/FBOGLE-2024-BLG-0034i0008_wcs.fits,I,120.0,True,,395,10.68,0.264,0.7892679302342275,38.37
20250608,/home/knowogrodski/Documentos/observation_HSH/ulens_hsh/ulens_hsh/data/20250608/FBOGLE-2024-BLG-0034i0009_wcs.fits,I,120.0,True,,480,9.35,0.274,0.7424017859238855,35.04
20250608,/home/knowogrodski/Documentos/observation_HSH/ulens_hsh/ulens_hsh/data/20250608/FBOGLE-2024-BLG-0034i0010_wcs.fits,I,120.0,True,,541,8.76,0.243,0.7256897760911004,35.17
20250608,/home/knowogrodski/Documentos/observation_HSH/ulens_hsh/ulens_hsh/data/20250608/OGLE-2024-BLG-0034i0011.fit,I,120.0,True,,468,9.575,0.2835,0.753550053000901,35.96
20250608,/home/knowogrodski/Documentos/observation_HSH/ulens_hsh/ulens_hsh/data/20250608/OGLE-2024-BLG-0034i0012.fit,I,120.0,True,,642,8.015,0.151,0.606878206956823,34.225
20250608,/home/knowogrodski/Documentos/observation_HSH/ulens_hsh/ulens_hsh/data/20250608/FBOGLE-2024-BLG-0034i0013_wcs.fits,I,120.0,True,,487,9.54,0.259,0.7663861194216254,35.94
20250608,/home/knowogrodski/Documentos/observation_HSH/ulens_hsh/ulens_hsh/data/20250608/FBOGLE-2024-BLG-0034i0014_wcs.fits,I,120.0,True,,541,8.96,0.207,0.6994709090053537,36.23
20250608,/home/knowogrodski/Documentos/observation_HSH/ulens_hsh/ulens_hsh/data/20250608/FBOGLE-2024-BLG-0034i0015_wcs.fits,I,120.0,True,,586,8.52,0.257,0.7848714993411381,34.28
20250608,/home/knowogrodski/Documentos/observation_HSH/ulens_hsh/ulens_hsh/data/20250608/OGLE-2024-BLG-0034i0016.fit,I,120.0,True,,603,8.57,0.216,0.6788437002594703,34.3
20250608,/home/knowogrodski/Documentos/observation_HSH/ulens_hsh/ulens_hsh/data/20250608/FBOGLE-2024-BLG-0034i0017_wcs.fits,I,120.0,True,,710,7.79,0.176,0.6286864908220505,32.474999999999994
20250608,/home/knowogrodski/Documentos/observation_HSH/ulens_hsh/ulens_hsh/data/20250608/FBOGLE-2024-BLG-0034i0018_wcs.fits,I,120.0,True,,511,9.46,0.31,0.815948017638691,35.59
20250608,/home/knowogrodski/Documentos/observation_HSH/ulens_hsh/ulens_hsh/data/20250608/FBOGLE-2024-BLG-0034i0019_wcs.fits,I,120.0,True,,660,8.24,0.185,0.692608240072289,33.775000000000006
20250608,/home/knowogrodski/Documentos/observation_HSH/ulens_hsh/ulens_hsh/data/20250608/FBOGLE-2024-BLG-0034i0020_wcs.fits,I,120.0,True,,714,7.57,0.155,0.6249603051983957,33.11
20250608,/home/knowogrodski/Documentos/observation_HSH/ulens_hsh/ulens_hsh/data/20250608/FBOGLE-2024-BLG-0034i0021_wcs.fits,I,120.0,True,,610,8.7,0.144,0.5246208303428217,35.315
20250608,/home/knowogrodski/Documentos/observation_HSH/ulens_hsh/ulens_hsh/data/20250608/FBOGLE-2024-BLG-0034i0022_wcs.fits,I,120.0,True,,453,9.77,0.261,0.7431738996026624,39.37
20250608,/home/knowogrodski/Documentos/observation_HSH/ulens_hsh/ulens_hsh/data/20250608/FBOGLE-2024-BLG-0034i0023_wcs.fits,I,120.0,True,,514,8.81,0.162,0.6250725674510197,36.975
20250608,/home/knowogrodski/Documentos/observation_HSH/ulens_hsh/ulens_hsh/data/20250608/FBOGLE-2024-BLG-0034i0024_wcs.fits,I,120.0,True,,580,8.195,0.207,0.7243366845245323,35.045
20250608,/home/knowogrodski/Documentos/observation_HSH/ulens_hsh/ulens_hsh/data/20250608/FBOGLE-2024-BLG-0034i0025_wcs.fits,I,120.0,True,,471,9.49,0.239,0.7053594132475101,37.4
20250608,/home/knowogrodski/Documentos/observation_HSH/ulens_hsh/ulens_hsh/data/20250608/OGLE-2024-BLG-0034i0026.fit,I,120.0,True,,492,9.08,0.168,0.6003556351963204,37.290000000000006
20250608,/home/knowogrodski/Documentos/observation_HSH/ulens_hsh/ulens_hsh/data/20250608/FBOGLE-2024-BLG-0034i0027_wcs.fits,I,120.0,True,,443,9.66,0.207,0.6483449366206604,39.03
20250608,/home/knowogrodski/Documentos/observation_HSH/ulens_hsh/ulens_hsh/data/20250608/FBOGLE-2024-BLG-0034i0028_wcs.fits,I,120.0,True,,446,9.435,0.22,0.7045261765576357,38.32
20250608,/home/knowogrodski/Documentos/observation_HSH/ulens_hsh/ulens_hsh/data/20250608/FBOGLE-2024-BLG-0034v0001_wcs.fits,V,120.0,True,,169,9.36,0.168,0.5665834816451047,35.36
20250608,/home/knowogrodski/Documentos/observation_HSH/ulens_hsh/ulens_hsh/data/20250608/OGLE-2024-BLG-0034v0002.fit,V,120.0,True,,182,9.2,0.174,0.6780646207378743,32.29
20250608,/home/knowogrodski/Documentos/observation_HSH/ulens_hsh/ulens_hsh/data/20250608/OGLE-2024-BLG-0034v0003.fit,V,120.0,True,,188,8.78,0.1215,0.539594128043224,33.685
20250608,/home/knowogrodski/Documentos/observation_HSH/ulens_hsh/ulens_hsh/data/20250608/FBOGLE-2024-BLG-0034v0004_wcs.fits,V,120.0,True,,189,8.77,0.24,0.6995622729957472,33.66
20250608,/home/knowogrodski/Documentos/observation_HSH/ulens_hsh/ulens_hsh/data/20250608/FBOGLE-2024-BLG-0034v0005_wcs.fits,V,120.0,True,,187,9.16,0.163,0.4563640662043703,33.86
20250608,/home/knowogrodski/Documentos/observation_HSH/ulens_hsh/ulens_hsh/data/20250608/FBOGLE-2024-BLG-0034v0006_wcs.fits,V,120.0,True,,212,8.355,0.146,0.4373693869095452,30.565
20250608,/home/knowogrodski/Documentos/observation_HSH/ulens_hsh/ulens_hsh/data/20250608/FBOGLE-2024-BLG-0034v0007_wcs.fits,V,120.0,True,,208,8.725,0.157,0.5877185854234218,31.36
20250608,/home/knowogrodski/Documentos/observation_HSH/ulens_hsh/ulens_hsh/data/20250608/OGLE-2024-BLG-0034v0008.fit,V,120.0,True,,179,10.19,0.345,0.786234633389228,34.74
20250608,/home/knowogrodski/Documentos/observation_HSH/ulens_hsh/ulens_hsh/data/20250608/OGLE-2024-BLG-0034v0009.fit,V,120.0,False,"bad_seeing_median (12.2px), trailing (ellip=0.45, θ_c=0.87)",148,12.155,0.446,0.8693163920786832,35.925
20250608,/home/knowogrodski/Documentos/observation_HSH/ulens_hsh/ulens_hsh/data/20250608/OGLE-2024-BLG-0034v0010.fit,V,120.0,True,,250,7.640000000000001,0.139,0.5289703522159195,30.06
20250608,/home/knowogrodski/Documentos/observation_HSH/ulens_hsh/ulens_hsh/data/20250608/OGLE-2024-BLG-0034v0011.fit,V,120.0,True,,168,9.875,0.3105,0.7143410881156044,32.155
20250608,/home/knowogrodski/Documentos/observation_HSH/ulens_hsh/ulens_hsh/data/20250608/OGLE-2024-BLG-0034v0012.fit,V,120.0,True,,193,8.85,0.139,0.5033299598310568,31.72
20250608,/home/knowogrodski/Documentos/observation_HSH/ulens_hsh/ulens_hsh/data/20250608/OGLE-2024-BLG-0034v0013.fit,V,120.0,True,,190,9.085,0.2195,0.7255841186207848,32.57
20250608,/home/knowogrodski/Documentos/observation_HSH/ulens_hsh/ulens_hsh/data/20250608/OGLE-2024-BLG-0034v0014.fit,V,120.0,True,,207,8.33,0.135,0.3878874906574737,31.19
20250608,/home/knowogrodski/Documentos/observation_HSH/ulens_hsh/ulens_hsh/data/20250608/OGLE-2024-BLG-0034v0015.fit,V,120.0,True,,175,9.25,0.179,0.5070635172194777,33.65
20250608,/home/knowogrodski/Documentos/observation_HSH/ulens_hsh/ulens_hsh/data/20250608/OGLE-2024-BLG-0034v0016.fit,V,120.0,True,,181,9.24,0.207,0.6797329777282326,35.61
20250614,/home/knowogrodski/Documentos/observation_HSH/ulens_hsh/ulens_hsh/data/20250614/FBOGLE-2024-BLG-0034i0002_wcs.fits,I,300.0,True,,158,9.405,0.203,0.2846409907560803,43.150000000000006
20250614,/home/knowogrodski/Documentos/observation_HSH/ulens_hsh/ulens_hsh/data/20250614/FBOGLE-2024-BLG-0034i0003_wcs.fits,I,300.0,True,,216,9.13,0.208,0.3763922740722001,38.275
20250614,/home/knowogrodski/Documentos/observation_HSH/ulens_hsh/ulens_hsh/data/20250614/FBOGLE-2024-BLG-0034i0004_wcs.fits,I,300.0,True,,584,4.09,0.4125,0.0341901350345985,38.5
20250614,/home/knowogrodski/Documentos/observation_HSH/ulens_hsh/ulens_hsh/data/20250614/FBOGLE-2024-BLG-0034i0005_wcs.fits,I,300.0,True,,252,9.935,0.1925,0.3564778811794255,38.905
20250614,/home/knowogrodski/Documentos/observation_HSH/ulens_hsh/ulens_hsh/data/20250614/FBOGLE-2024-BLG-0034i0006_wcs.fits,I,300.0,True,,269,9.64,0.201,0.3843242597347324,38.88
20250614,/home/knowogrodski/Documentos/observation_HSH/ulens_hsh/ulens_hsh/data/20250614/FBOGLE-2024-BLG-0034i0007_wcs.fits,I,300.0,True,,252,9.725,0.2275,0.4696347528305236,40.790000000000006
20250614,/home/knowogrodski/Documentos/observation_HSH/ulens_hsh/ulens_hsh/data/20250614/FBOGLE-2024-BLG-0034i0008_wcs.fits,I,300.0,True,,218,10.21,0.2065,0.3913435150812389,39.065
20250614,/home/knowogrodski/Documentos/observation_HSH/ulens_hsh/ulens_hsh/data/20250614/FBOGLE-2024-BLG-0034i0009_wcs.fits,I,300.0,True,,229,10.17,0.211,0.3918667515729541,36.52
20250614,/home/knowogrodski/Documentos/observation_HSH/ulens_hsh/ulens_hsh/data/20250614/FBOGLE-2024-BLG-0034i0010_wcs.fits,I,300.0,True,,208,10.265,0.2465,0.4590600007458359,36.760000000000005
20250616,/home/knowogrodski/Documentos/observation_HSH/ulens_hsh/ulens_hsh/data/20250616/FBOGLE-2024-BLG-0034i0016_wcs.fits,I,120.0,True,,740,7.33,0.3005,0.7147719647114038,34.08
20250616,/home/knowogrodski/Documentos/observation_HSH/ulens_hsh/ulens_hsh/data/20250616/FBOGLE-2024-BLG-0034i0017_wcs.fits,I,120.0,True,,882,5.595,0.199,0.5376586276743394,32.730000000000004
20250616,/home/knowogrodski/Documentos/observation_HSH/ulens_hsh/ulens_hsh/data/20250616/FBOGLE-2024-BLG-0034i0018_wcs.fits,I,120.0,True,,841,6.07,0.224,0.5436937810242553,32.27
20250616,/home/knowogrodski/Documentos/observation_HSH/ulens_hsh/ulens_hsh/data/20250616/FBOGLE-2024-BLG-0034i0019_wcs.fits,I,120.0,True,,776,6.52,0.255,0.6525309887039604,33.275
20250616,/home/knowogrodski/Documentos/observation_HSH/ulens_hsh/ulens_hsh/data/20250616/FBOGLE-2024-BLG-0034i0020_wcs.fits,I,120.0,True,,643,7.51,0.263,0.669703524444613,34.8
20250616,/home/knowogrodski/Documentos/observation_HSH/ulens_hsh/ulens_hsh/data/20250616/FBOGLE-2024-BLG-0034i0021_wcs.fits,I,120.0,True,,527,8.86,0.403,0.7611114050031696,36.14
20250616,/home/knowogrodski/Documentos/observation_HSH/ulens_hsh/ulens_hsh/data/20250616/FBOGLE-2024-BLG-0034i0022_wcs.fits,I,120.0,True,,728,6.73,0.237,0.6222566898483891,34.15
20250616,/home/knowogrodski/Documentos/observation_HSH/ulens_hsh/ulens_hsh/data/20250616/FBOGLE-2024-BLG-0034i0023_wcs.fits,I,120.0,True,,813,6.15,0.19,0.5045485904932451,34.43
20250616,/home/knowogrodski/Documentos/observation_HSH/ulens_hsh/ulens_hsh/data/20250616/FBOGLE-2024-BLG-0034i0024_wcs.fits,I,120.0,True,,690,7.08,0.2445,0.6452943535059357,34.485
20250616,/home/knowogrodski/Documentos/observation_HSH/ulens_hsh/ulens_hsh/data/20250616/FBOGLE-2024-BLG-0034i0025_wcs.fits,I,120.0,True,,629,7.35,0.22,0.551565281874006,33.71
20250616,/home/knowogrodski/Documentos/observation_HSH/ulens_hsh/ulens_hsh/data/20250616/FBOGLE-2024-BLG-0034i0026_wcs.fits,I,120.0,True,,792,6.27,0.206,0.5215875092670074,33.655
20250616,/home/knowogrodski/Documentos/observation_HSH/ulens_hsh/ulens_hsh/data/20250616/FBOGLE-2024-BLG-0034i0027_wcs.fits,I,120.0,True,,705,6.85,0.26,0.6330923848329032,33.2
20250616,/home/knowogrodski/Documentos/observation_HSH/ulens_hsh/ulens_hsh/data/20250616/FBOGLE-2024-BLG-0034i0028_wcs.fits,I,120.0,True,,557,8.33,0.347,0.6814603719758501,32.39
20250616,/home/knowogrodski/Documentos/observation_HSH/ulens_hsh/ulens_hsh/data/20250616/FBOGLE-2024-BLG-0034i0029_wcs.fits,I,120.0,True,,657,7.49,0.301,0.6771866121407374,35.13
20250616,/home/knowogrodski/Documentos/observation_HSH/ulens_hsh/ulens_hsh/data/20250616/FBOGLE-2024-BLG-0034v0002_wcs.fits,V,120.0,True,,737,5.11,0.261,0.1855077517748738,32.22
20250616,/home/knowogrodski/Documentos/observation_HSH/ulens_hsh/ulens_hsh/data/20250616/FBOGLE-2024-BLG-0034v0003_wcs.fits,V,120.0,True,,715,5.05,0.282,0.2412657396695455,33.97
20250616,/home/knowogrodski/Documentos/observation_HSH/ulens_hsh/ulens_hsh/data/20250616/FBOGLE-2024-BLG-0034v0006_wcs.fits,V,120.0,True,,768,5.035,0.293,0.3078971288243382,31.245
20250616,/home/knowogrodski/Documentos/observation_HSH/ulens_hsh/ulens_hsh/data/20250616/FBOGLE-2024-BLG-0034v0009_wcs.fits,V,120.0,True,,668,5.125,0.282,0.2215514298431231,33.375
20250616,/home/knowogrodski/Documentos/observation_HSH/ulens_hsh/ulens_hsh/data/20250616/FBOGLE-2024-BLG-0034v0010_wcs.fits,V,120.0,True,,627,4.85,0.311,0.2726730404157222,34.79
20250616,/home/knowogrodski/Documentos/observation_HSH/ulens_hsh/ulens_hsh/data/20250616/FBOGLE-2024-BLG-0034v0013_wcs.fits,V,120.0,True,,665,4.97,0.292,0.2639210718354084,32.1
20250616,/home/knowogrodski/Documentos/observation_HSH/ulens_hsh/ulens_hsh/data/20250616/FBOGLE-2024-BLG-0034v0015_wcs.fits,V,120.0,True,,661,4.93,0.268,0.2172617024678266,32.77
20250618,/home/knowogrodski/Documentos/observation_HSH/ulens_hsh/ulens_hsh/data/20250618/OGLE-2024-BLG-0034i0003.fit,I,120.0,True,,1038,4.915,0.21,0.5136614659126056,37.745000000000005
20250618,/home/knowogrodski/Documentos/observation_HSH/ulens_hsh/ulens_hsh/data/20250618/OGLE-2024-BLG-0034i0004.fit,I,120.0,True,,859,6.63,0.356,0.7340651996744179,36.39
20250618,/home/knowogrodski/Documentos/observation_HSH/ulens_hsh/ulens_hsh/data/20250618/OGLE-2024-BLG-0034i0005.fit,I,120.0,True,,983,5.7,0.242,0.5998021625573416,36.54
20250618,/home/knowogrodski/Documentos/observation_HSH/ulens_hsh/ulens_hsh/data/20250618/OGLE-2024-BLG-0034i0006.fit,I,120.0,True,,960,6.575,0.2815,0.6946414382725238,36.66
20250618,/home/knowogrodski/Documentos/observation_HSH/ulens_hsh/ulens_hsh/data/20250618/OGLE-2024-BLG-0034i0007.fit,I,120.0,True,,913,6.24,0.248,0.6221732340491198,36.93
20250618,/home/knowogrodski/Documentos/observation_HSH/ulens_hsh/ulens_hsh/data/20250618/OGLE-2024-BLG-0034i0008.fit,I,120.0,True,,828,7.38,0.338,0.7390482952534303,35.59
20250618,/home/knowogrodski/Documentos/observation_HSH/ulens_hsh/ulens_hsh/data/20250618/OGLE-2024-BLG-0034i0009.fit,I,120.0,True,,694,7.27,0.397,0.6882816248917052,29.66
20250618,/home/knowogrodski/Documentos/observation_HSH/ulens_hsh/ulens_hsh/data/20250618/OGLE-2024-BLG-0034i0010.fit,I,120.0,True,,1007,5.35,0.215,0.5797876897917315,37.71
20250618,/home/knowogrodski/Documentos/observation_HSH/ulens_hsh/ulens_hsh/data/20250618/OGLE-2024-BLG-0034i0011.fit,I,120.0,True,,798,8.29,0.4215,0.7949165531654687,37.46
20250618,/home/knowogrodski/Documentos/observation_HSH/ulens_hsh/ulens_hsh/data/20250618/OGLE-2024-BLG-0034i0012.fit,I,120.0,True,,971,6.15,0.273,0.6804557791558391,37.79
20250618,/home/knowogrodski/Documentos/observation_HSH/ulens_hsh/ulens_hsh/data/20250618/OGLE-2024-BLG-0034i0013.fit,I,120.0,True,,924,6.35,0.298,0.715674943786205,37.540000000000006
20250618,/home/knowogrodski/Documentos/observation_HSH/ulens_hsh/ulens_hsh/data/20250618/OGLE-2024-BLG-0034i0014.fit,I,120.0,True,,1042,5.425,0.206,0.5464037701824197,37.25
20250618,/home/knowogrodski/Documentos/observation_HSH/ulens_hsh/ulens_hsh/data/20250618/OGLE-2024-BLG-0034i0015.fit,I,120.0,True,,828,7.635,0.342,0.7432351490298666,36.8
20250618,/home/knowogrodski/Documentos/observation_HSH/ulens_hsh/ulens_hsh/data/20250618/OGLE-2024-BLG-0034i0016.fit,I,120.0,True,,957,5.89,0.23,0.6078233702693295,37.83
20250618,/home/knowogrodski/Documentos/observation_HSH/ulens_hsh/ulens_hsh/data/20250618/OGLE-2024-BLG-0034i0017.fit,I,120.0,True,,901,6.47,0.302,0.6664425976965016,36.98
20250618,/home/knowogrodski/Documentos/observation_HSH/ulens_hsh/ulens_hsh/data/20250618/OGLE-2024-BLG-0034i0018.fit,I,120.0,True,,732,8.135000000000002,0.409,0.7884757888046297,35.25
20250618,/home/knowogrodski/Documentos/observation_HSH/ulens_hsh/ulens_hsh/data/20250618/OGLE-2024-BLG-0034i0019.fit,I,120.0,True,,881,6.71,0.322,0.7449764729510404,36.36
20250618,/home/knowogrodski/Documentos/observation_HSH/ulens_hsh/ulens_hsh/data/20250618/OGLE-2024-BLG-0034i0020.fit,I,120.0,True,,1088,5.17,0.204,0.5454070333003123,37.835
20250618,/home/knowogrodski/Documentos/observation_HSH/ulens_hsh/ulens_hsh/data/20250618/OGLE-2024-BLG-0034i0021.fit,I,120.0,True,,880,6.675,0.2615,0.6629517125667493,37.225
20250618,/home/knowogrodski/Documentos/observation_HSH/ulens_hsh/ulens_hsh/data/20250618/OGLE-2024-BLG-0034i0022.fit,I,120.0,True,,892,6.19,0.226,0.5976578494525613,36.625
20250618,/home/knowogrodski/Documentos/observation_HSH/ulens_hsh/ulens_hsh/data/20250618/OGLE-2024-BLG-0034i0023.fit,I,120.0,True,,920,5.98,0.198,0.5176126903376737,36.97
20250618,/home/knowogrodski/Documentos/observation_HSH/ulens_hsh/ulens_hsh/data/20250618/OGLE-2024-BLG-0034i0024.fit,I,120.0,True,,790,7.595,0.325,0.7040567105489197,36.335
20250618,/home/knowogrodski/Documentos/observation_HSH/ulens_hsh/ulens_hsh/data/20250618/OGLE-2024-BLG-0034i0025.fit,I,120.0,True,,754,7.5,0.33,0.725719317284931,35.22
20250618,/home/knowogrodski/Documentos/observation_HSH/ulens_hsh/ulens_hsh/data/20250618/OGLE-2024-BLG-0034i0026.fit,I,120.0,True,,714,9.285,0.426,0.776351571453261,36.19
20250618,/home/knowogrodski/Documentos/observation_HSH/ulens_hsh/ulens_hsh/data/20250618/OGLE-2024-BLG-0034i0027.fit,I,120.0,True,,910,6.34,0.263,0.6574345665948109,37.175
20250618,/home/knowogrodski/Documentos/observation_HSH/ulens_hsh/ulens_hsh/data/20250618/OGLE-2024-BLG-0034i0028.fit,I,120.0,True,,700,7.73,0.3495,0.7327671887869466,34.625
20250618,/home/knowogrodski/Documentos/observation_HSH/ulens_hsh/ulens_hsh/data/20250618/OGLE-2024-BLG-0034i0029.fit,I,120.0,True,,882,6.49,0.204,0.5365861862558838,37.275
20250618,/home/knowogrodski/Documentos/observation_HSH/ulens_hsh/ulens_hsh/data/20250618/OGLE-2024-BLG-0034i0030.fit,I,120.0,True,,783,7.8,0.342,0.7460623278079302,35.97
20250618,/home/knowogrodski/Documentos/observation_HSH/ulens_hsh/ulens_hsh/data/20250618/OGLE-2024-BLG-0034i0031.fit,I,120.0,True,,945,5.88,0.173,0.3832627576042703,36.82
20250618,/home/knowogrodski/Documentos/observation_HSH/ulens_hsh/ulens_hsh/data/20250618/OGLE-2024-BLG-0034i0032.fit,I,120.0,True,,820,6.855,0.257,0.6428586265647483,35.955
20250618,/home/knowogrodski/Documentos/observation_HSH/ulens_hsh/ulens_hsh/data/20250618/OGLE-2024-BLG-0034v0001.fit,V,120.0,True,,734,5.295,0.371,0.3534549487866949,34.31
20250618,/home/knowogrodski/Documentos/observation_HSH/ulens_hsh/ulens_hsh/data/20250618/OGLE-2024-BLG-0034v0002.fit,V,120.0,True,,723,4.87,0.378,0.3129465073773889,33.05
20250618,/home/knowogrodski/Documentos/observation_HSH/ulens_hsh/ulens_hsh/data/20250618/OGLE-2024-BLG-0034v0004.fit,V,120.0,True,,790,5.0,0.314,0.3139857314558531,33.900000000000006
20250618,/home/knowogrodski/Documentos/observation_HSH/ulens_hsh/ulens_hsh/data/20250618/OGLE-2024-BLG-0034v0005.fit,V,120.0,True,,789,5.13,0.33,0.259219907050072,32.72
20250618,/home/knowogrodski/Documentos/observation_HSH/ulens_hsh/ulens_hsh/data/20250618/OGLE-2024-BLG-0034v0006.fit,V,120.0,True,,990,4.92,0.281,0.3243550421367647,31.535
20250618,/home/knowogrodski/Documentos/observation_HSH/ulens_hsh/ulens_hsh/data/20250618/OGLE-2024-BLG-0034v0007.fit,V,120.0,True,,836,5.13,0.2625,0.2357445244172223,32.715
20250618,/home/knowogrodski/Documentos/observation_HSH/ulens_hsh/ulens_hsh/data/20250618/OGLE-2024-BLG-0034v0008.fit,V,120.0,True,,916,4.905,0.268,0.269337658001812,31.165
20250618,/home/knowogrodski/Documentos/observation_HSH/ulens_hsh/ulens_hsh/data/20250618/OGLE-2024-BLG-0034v0009.fit,V,120.0,True,,846,4.995,0.252,0.2292250385986748,31.825
20250618,/home/knowogrodski/Documentos/observation_HSH/ulens_hsh/ulens_hsh/data/20250618/OGLE-2024-BLG-0034v0010.fit,V,120.0,True,,832,5.1850000000000005,0.2965,0.291764096320889,31.59
20250618,/home/knowogrodski/Documentos/observation_HSH/ulens_hsh/ulens_hsh/data/20250618/OGLE-2024-BLG-0034v0011.fit,V,120.0,True,,873,5.02,0.264,0.1869378807275983,31.64
20250618,/home/knowogrodski/Documentos/observation_HSH/ulens_hsh/ulens_hsh/data/20250618/OGLE-2024-BLG-0034v0012.fit,V,120.0,True,,736,4.975,0.3745,0.2930396249058365,34.349999999999994
20250618,/home/knowogrodski/Documentos/observation_HSH/ulens_hsh/ulens_hsh/data/20250618/OGLE-2024-BLG-0034v0013.fit,V,120.0,True,,795,5.27,0.335,0.3454656642866605,32.32
20250618,/home/knowogrodski/Documentos/observation_HSH/ulens_hsh/ulens_hsh/data/20250618/OGLE-2024-BLG-0034v0014.fit,V,120.0,True,,813,5.16,0.317,0.3458331578020904,31.67
20250618,/home/knowogrodski/Documentos/observation_HSH/ulens_hsh/ulens_hsh/data/20250618/OGLE-2024-BLG-0034v0015.fit,V,120.0,True,,871,5.23,0.302,0.3104275339231359,32.73
20250618,/home/knowogrodski/Documentos/observation_HSH/ulens_hsh/ulens_hsh/data/20250618/OGLE-2024-BLG-0034v0016.fit,V,120.0,True,,843,5.28,0.347,0.3709989970089568,33.08
20250618,/home/knowogrodski/Documentos/observation_HSH/ulens_hsh/ulens_hsh/data/20250618/OGLE-2024-BLG-0034v0017.fit,V,120.0,True,,801,5.08,0.341,0.3386871942466865,32.12
20250618,/home/knowogrodski/Documentos/observation_HSH/ulens_hsh/ulens_hsh/data/20250618/OGLE-2024-BLG-0034v0018.fit,V,120.0,True,,802,5.155,0.363,0.3829465700837733,32.795
20250618,/home/knowogrodski/Documentos/observation_HSH/ulens_hsh/ulens_hsh/data/20250618/OGLE-2024-BLG-0034v0019.fit,V,120.0,True,,713,5.02,0.391,0.3502446000226176,32.14
20250618,/home/knowogrodski/Documentos/observation_HSH/ulens_hsh/ulens_hsh/data/20250618/OGLE-2024-BLG-0034v0021.fit,V,120.0,True,,907,4.79,0.263,0.2260358185403137,30.6
20250618,/home/knowogrodski/Documentos/observation_HSH/ulens_hsh/ulens_hsh/data/20250618/OGLE-2024-BLG-0034v0022.fit,V,120.0,True,,775,5.27,0.389,0.3642781395412527,33.75
20250618,/home/knowogrodski/Documentos/observation_HSH/ulens_hsh/ulens_hsh/data/20250618/OGLE-2024-BLG-0034v0023.fit,V,120.0,True,,852,5.14,0.272,0.2563598441919124,31.615
20250618,/home/knowogrodski/Documentos/observation_HSH/ulens_hsh/ulens_hsh/data/20250618/OGLE-2024-BLG-0034v0024.fit,V,120.0,True,,902,4.98,0.2735,0.3232766653593231,33.49
20250618,/home/knowogrodski/Documentos/observation_HSH/ulens_hsh/ulens_hsh/data/20250618/OGLE-2024-BLG-0034v0025.fit,V,120.0,True,,862,5.17,0.302,0.3175834547537762,32.150000000000006
20250618,/home/knowogrodski/Documentos/observation_HSH/ulens_hsh/ulens_hsh/data/20250618/OGLE-2024-BLG-0034v0026.fit,V,120.0,True,,749,5.05,0.308,0.2859612256644881,31.01
20250618,/home/knowogrodski/Documentos/observation_HSH/ulens_hsh/ulens_hsh/data/20250618/OGLE-2024-BLG-0034v0027.fit,V,120.0,True,,731,5.14,0.384,0.3519026029667231,32.54
20250618,/home/knowogrodski/Documentos/observation_HSH/ulens_hsh/ulens_hsh/data/20250618/OGLE-2024-BLG-0034v0028.fit,V,120.0,True,,946,4.86,0.277,0.3184348087023398,31.585
20250618,/home/knowogrodski/Documentos/observation_HSH/ulens_hsh/ulens_hsh/data/20250618/OGLE-2024-BLG-0034v0029.fit,V,120.0,True,,795,5.37,0.399,0.4378135075285224,33.08
20250618,/home/knowogrodski/Documentos/observation_HSH/ulens_hsh/ulens_hsh/data/20250618/OGLE-2024-BLG-0034v0030.fit,V,120.0,True,,825,5.53,0.335,0.3663693167888144,31.19
20250618,/home/knowogrodski/Documentos/observation_HSH/ulens_hsh/ulens_hsh/data/20250618/OGLE-2024-BLG-0034v0031.fit,V,120.0,True,,913,5.29,0.322,0.383204932776935,31.76
20250618,/home/knowogrodski/Documentos/observation_HSH/ulens_hsh/ulens_hsh/data/20250618/OGLE-2024-BLG-0034v0032.fit,V,120.0,True,,1017,4.63,0.244,0.193486693602971,30.79
