night,filename,filter,exptime,n_detected,n_good,fwhm_p25,fwhm_median,fwhm_p75,ellip_p25,ellip_median,ellip_p75,theta_mean,theta_concentration,snr_median,snr_p75,snr_max,mag_peak,mag_median
20240314,/home/knowogrodski/Documentos/observation_HSH/ulens_hsh/ulens_hsh/data/20240314/FBobj7i0002_wcs.fits,I,300.0,802,558,6.7425,7.51,8.2775,0.20625,0.284,0.33675,1.2596184204270329,0.7538510718604382,32.94,57.309999999999995,1802.0,14.92270125,14.355
20240314,/home/knowogrodski/Documentos/observation_HSH/ulens_hsh/ulens_hsh/data/20240314/FBobj7i0004_wcs.fits,I,300.0,688,449,7.99,8.6,9.58,0.213,0.257,0.326,-1.6926106262836829,0.7749314279815925,33.73,63.31,1797.0,14.4825175,14.2492
20240314,/home/knowogrodski/Documentos/observation_HSH/ulens_hsh/ulens_hsh/data/20240314/FBobj7i0006_wcs.fits,I,300.0,771,543,7.41,7.95,9.155000000000001,0.162,0.216,0.284,-6.5718192020487,0.7283571089096081,33.88,65.555,1827.0,14.47754625,14.3108
20240314,/home/knowogrodski/Documentos/observation_HSH/ulens_hsh/ulens_hsh/data/20240314/FBobj7v0001_wcs.fits,V,300.0,511,340,6.44,7.745,9.0875,0.19675,0.2615,0.33,-10.223622323946774,0.6132412077301683,31.965,54.7475,1024.0,15.31756125,15.3019
20240314,/home/knowogrodski/Documentos/observation_HSH/ulens_hsh/ulens_hsh/data/20240314/FBobj7v0003_wcs.fits,V,300.0,416,250,7.755000000000001,9.725000000000001,11.3375,0.2565,0.3145,0.41325,-4.183709789056866,0.7193866571198752,36.03,68.0025,1023.0,15.43242125,15.0429
20240314,/home/knowogrodski/Documentos/observation_HSH/ulens_hsh/ulens_hsh/data/20240314/FBobj7v0005_wcs.fits,V,300.0,494,325,6.75,7.72,9.29,0.087,0.154,0.293,-0.1618851709412012,0.3550050594961718,35.46,65.58,1036.0,15.500625,15.2257
20240319,/home/knowogrodski/Documentos/observation_HSH/ulens_hsh/ulens_hsh/data/20240319/obj6i0012.fit,I,180.0,639,488,7.32,7.885,8.96,0.209,0.259,0.329,-1.0562686936552848,0.8264374518179869,32.555,64.5325,1441.0,14.891605,14.63865
20240319,/home/knowogrodski/Documentos/observation_HSH/ulens_hsh/ulens_hsh/data/20240319/obj6i0014.fit,I,180.0,532,383,8.23,8.84,9.825,0.195,0.247,0.334,-2.487179516395507,0.8006551120623285,34.71,66.97999999999999,1415.0,14.749242500000001,14.4968
20240319,/home/knowogrodski/Documentos/observation_HSH/ulens_hsh/ulens_hsh/data/20240319/obj6i0016.fit,I,180.0,456,291,10.04,11.27,12.26,0.3315,0.376,0.4225,7.106037883093638,0.8713432494333818,36.05,85.67,1391.0,14.60701875,14.2679
20240319,/home/knowogrodski/Documentos/observation_HSH/ulens_hsh/ulens_hsh/data/20240319/obj6i0018.fit,I,180.0,733,540,6.49,6.955,7.842499999999999,0.15,0.193,0.25925,8.153748639798348,0.6566179080686438,32.504999999999995,60.7675,1453.0,15.101231249999998,14.75735
20240319,/home/knowogrodski/Documentos/observation_HSH/ulens_hsh/ulens_hsh/data/20240319/obj6i0020.fit,I,180.0,725,550,6.7725,7.355,8.29,0.17225,0.2275,0.311,0.5835936192430093,0.7494512809311284,32.254999999999995,63.925,1460.0,14.974565000000002,14.76775
20240319,/home/knowogrodski/Documentos/observation_HSH/ulens_hsh/ulens_hsh/data/20240319/obj6i0022.fit,I,180.0,819,637,5.81,6.27,7.16,0.111,0.158,0.228,-0.5893368891925032,0.5654378765783674,31.88,62.76,1464.0,15.15118125,14.8779
20240319,/home/knowogrodski/Documentos/observation_HSH/ulens_hsh/ulens_hsh/data/20240319/obj6i0024.fit,I,180.0,652,477,7.17,7.61,8.61,0.174,0.224,0.294,-0.21026962249817843,0.724413664723478,32.86,66.08,1446.0,15.0773775,14.6406
20240319,/home/knowogrodski/Documentos/observation_HSH/ulens_hsh/ulens_hsh/data/20240319/obj6v0011.fit,V,180.0,308,199,7.62,8.85,10.08,0.126,0.186,0.2925,8.150333570463173,0.48485826134969223,32.89,55.125,796.8,15.46725,15.3793
20240319,/home/knowogrodski/Documentos/observation_HSH/ulens_hsh/ulens_hsh/data/20240319/obj6v0013.fit,V,180.0,359,258,7.06,7.865,9.15,0.113,0.17,0.2765,10.949625480478186,0.45354734358111487,31.02,52.9575,806.9,15.746706249999999,15.52075
20240319,/home/knowogrodski/Documentos/observation_HSH/ulens_hsh/ulens_hsh/data/20240319/obj6v0015.fit,V,180.0,393,280,6.6850000000000005,7.575,8.57,0.10025,0.1725,0.2695,15.921594743667653,0.41490822047760706,30.14,52.1225,812.8,16.12713625,15.55375
20240319,/home/knowogrodski/Documentos/observation_HSH/ulens_hsh/ulens_hsh/data/20240319/obj6v0017.fit,V,180.0,391,287,6.87,7.56,8.925,0.082,0.158,0.2825,-4.387044289807538,0.3798756912420459,29.41,54.84,818.4,15.766119999999999,15.5326
20240319,/home/knowogrodski/Documentos/observation_HSH/ulens_hsh/ulens_hsh/data/20240319/obj6v0019.fit,V,180.0,390,276,7.21,8.015,9.355,0.1615,0.2185,0.31625000000000003,-3.2530256119662844,0.6829345507094303,29.555,55.099999999999994,821.6,15.775322500000001,15.496400000000001
20240319,/home/knowogrodski/Documentos/observation_HSH/ulens_hsh/ulens_hsh/data/20240319/obj6v0021.fit,V,180.0,303,189,8.28,10.35,11.49,0.285,0.356,0.426,3.4558717834948665,0.7452629863803019,35.23,70.19,810.4,15.33073125,15.2554
20240319,/home/knowogrodski/Documentos/observation_HSH/ulens_hsh/ulens_hsh/data/20240319/obj6v0023.fit,V,180.0,442,321,6.63,7.33,8.29,0.148,0.212,0.294,12.064455192564035,0.6473741764757758,30.35,57.89,411.8,15.68669375,15.5761
20250603,/home/knowogrodski/Documentos/observation_HSH/ulens_hsh/ulens_hsh/data/20250603/FBOGLE-2024-BLG-0034i0002_wcs.fits,I,90.0,218,167,4.385,4.8,5.324999999999999,0.1085,0.155,0.227,-18.18976006261095,0.6305987005905583,27.31,51.345,487.8,16.12092625,15.5861
20250603,/home/knowogrodski/Documentos/observation_HSH/ulens_hsh/ulens_hsh/data/20250603/FBOGLE-2024-BLG-0034i0003_wcs.fits,I,90.0,201,136,4.44,4.91,5.54,0.0785,0.1295,0.268,-4.637640686630492,0.03891592908464767,27.555,48.6025,426.9,15.660856249999998,15.589749999999999
20250603,/home/knowogrodski/Documentos/observation_HSH/ulens_hsh/ulens_hsh/data/20250603/FBOGLE-2024-BLG-0034i0004_wcs.fits,I,90.0,238,183,5.055,5.45,6.095,0.1245,0.189,0.262,-4.030553945070944,0.6675110380092617,27.69,44.105000000000004,536.4,15.848118749999998,15.3815
20250603,/home/knowogrodski/Documentos/observation_HSH/ulens_hsh/ulens_hsh/data/20250603/FBOGLE-2024-BLG-0034i0005_wcs.fits,I,90.0,103,77,4.43,4.9,5.52,0.147,0.184,0.287,-17.66776684130244,0.4509837927760257,34.08,60.95,235.8,16.096365,15.5192
20250603,/home/knowogrodski/Documentos/observation_HSH/ulens_hsh/ulens_hsh/data/20250603/FBOGLE-2024-BLG-0034i0006_wcs.fits,I,90.0,417,326,5.49,5.9399999999999995,6.5725,0.158,0.1995,0.269,-1.3282160532053013,0.7263862929676789,32.05,58.8375,900.4,15.613075,15.14565
20250603,/home/knowogrodski/Documentos/observation_HSH/ulens_hsh/ulens_hsh/data/20250603/FBOGLE-2024-BLG-0034i0007_wcs.fits,I,90.0,587,417,6.72,7.2,8.22,0.166,0.214,0.284,-0.48923243285626633,0.6588833240116249,32.16,61.83,1018.0,15.145686249999999,15.0319
20250603,/home/knowogrodski/Documentos/observation_HSH/ulens_hsh/ulens_hsh/data/20250603/FBOGLE-2024-BLG-0034i0008_wcs.fits,I,90.0,686,524,5.06,5.45,6.4825,0.054,0.1225,0.216,-10.526826700100793,0.08678027899411574,29.384999999999998,59.78,918.2,15.70692125,15.3701
20250603,/home/knowogrodski/Documentos/observation_HSH/ulens_hsh/ulens_hsh/data/20250603/FBOGLE-2024-BLG-0034i0009_wcs.fits,I,90.0,558,365,8.07,8.66,9.65,0.349,0.429,0.519,-7.63705942506606,0.9070127648186888,33.7,69.56,1033.0,15.09607625,15.0539
20250603,/home/knowogrodski/Documentos/observation_HSH/ulens_hsh/ulens_hsh/data/20250603/FBOGLE-2024-BLG-0034i0010_wcs.fits,I,90.0,223,183,4.925,5.19,5.725,0.0795,0.129,0.2195,9.063733532947039,0.3959347467467638,31.74,61.43,493.8,15.6043825,15.3198
20250603,/home/knowogrodski/Documentos/observation_HSH/ulens_hsh/ulens_hsh/data/20250603/FBOGLE-2024-BLG-0034i0011_wcs.fits,I,90.0,86,64,6.3175,7.985,8.8325,0.24175,0.338,0.42074999999999996,2.99226644274187,0.7392238947786179,28.26,46.9525,202.9,15.40309125,15.274450000000002
20250603,/home/knowogrodski/Documentos/observation_HSH/ulens_hsh/ulens_hsh/data/20250603/FBOGLE-2024-BLG-0034i0013_wcs.fits,I,90.0,485,377,5.21,5.61,6.28,0.155,0.212,0.296,-17.84943838567106,0.7680129909396521,27.41,60.7,846.8,15.950703749999999,15.426
20250603,/home/knowogrodski/Documentos/observation_HSH/ulens_hsh/ulens_hsh/data/20250603/FBOGLE-2024-BLG-0034i0014_wcs.fits,I,90.0,595,433,8.09,8.61,9.59,0.372,0.438,0.503,2.248062093044269,0.9088921588040851,31.75,61.07,775.1,15.4941,15.0712
20250603,/home/knowogrodski/Documentos/observation_HSH/ulens_hsh/ulens_hsh/data/20250603/FBOGLE-2024-BLG-0034i0015_wcs.fits,I,90.0,714,543,5.53,5.94,6.9,0.157,0.219,0.307,9.33922090641119,0.7505363952432771,28.18,52.885,770.8,15.67822875,15.3989
20250603,/home/knowogrodski/Documentos/observation_HSH/ulens_hsh/ulens_hsh/data/20250603/FBOGLE-2024-BLG-0034i0017_wcs.fits,I,90.0,251,205,4.56,4.9,5.54,0.105,0.159,0.238,-18.884942509195223,0.6253873907538684,27.22,52.45,522.7,15.96198625,15.3942
20250603,/home/knowogrodski/Documentos/observation_HSH/ulens_hsh/ulens_hsh/data/20250603/FBOGLE-2024-BLG-0034i0019_wcs.fits,I,90.0,241,168,6.905,8.08,9.155000000000001,0.31,0.373,0.47,1.9738538814537714,0.7925449476669386,37.375,72.36,550.1,15.241833750000001,14.9539
20250603,/home/knowogrodski/Documentos/observation_HSH/ulens_hsh/ulens_hsh/data/20250603/FBOGLE-2024-BLG-0034i0020_wcs.fits,I,90.0,306,249,4.48,4.78,5.21,0.116,0.157,0.223,-2.1449344340760295,0.5378972980556043,29.77,53.93,410.6,15.849843750000002,15.4383
20250603,/home/knowogrodski/Documentos/observation_HSH/ulens_hsh/ulens_hsh/data/20250603/FBOGLE-2024-BLG-0034i0023_wcs.fits,I,90.0,512,389,6.26,6.78,7.64,0.274,0.343,0.405,-9.43641996809295,0.8688675241884863,28.41,57.05,903.4,15.438108750000001,15.3406
20250603,/home/knowogrodski/Documentos/observation_HSH/ulens_hsh/ulens_hsh/data/20250603/FBOGLE-2024-BLG-0034i0024_wcs.fits,I,90.0,445,350,5.06,5.425,6.205,0.055,0.1285,0.218,-21.05559225706139,0.1583936177406776,29.259999999999998,59.730000000000004,797.3,15.60099375,15.3793
20250603,/home/knowogrodski/Documentos/observation_HSH/ulens_hsh/ulens_hsh/data/20250603/FBOGLE-2024-BLG-0034i0025_wcs.fits,I,90.0,198,148,7.8325,8.59,9.5775,0.3765,0.4275,0.48275,-7.109475839196859,0.8766312787376732,31.94,65.24000000000001,352.0,15.03736375,14.8727
20250603,/home/knowogrodski/Documentos/observation_HSH/ulens_hsh/ulens_hsh/data/20250603/FBOGLE-2024-BLG-0034i0026_wcs.fits,I,90.0,157,115,7.4350000000000005,8.83,9.455,0.413,0.479,0.544,0.4963289837803094,0.874565564814044,31.44,50.285,377.8,15.41236875,15.2668
20250603,/home/knowogrodski/Documentos/observation_HSH/ulens_hsh/ulens_hsh/data/20250603/FBOGLE-2024-BLG-0034i0027_wcs.fits,I,90.0,926,705,5.52,5.89,6.66,0.256,0.304,0.359,3.8658623786643562,0.833198668663655,29.36,55.27,1226.0,16.056348749999998,15.3731
20250603,/home/knowogrodski/Documentos/observation_HSH/ulens_hsh/ulens_hsh/data/20250603/FBOGLE-2024-BLG-0034i0028_wcs.fits,I,90.0,1050,810,4.54,4.895,5.7,0.149,0.1975,0.274,-2.6716777880034437,0.680634286439612,28.79,53.92,1227.0,15.60805625,15.535250000000001
20250603,/home/knowogrodski/Documentos/observation_HSH/ulens_hsh/ulens_hsh/data/20250603/FBOGLE-2024-BLG-0034i0029_wcs.fits,I,90.0,423,353,4.59,4.92,5.59,0.131,0.186,0.236,-5.932568615109707,0.6800732279380224,28.74,58.09,735.1,16.017407499999997,15.5086
20250603,/home/knowogrodski/Documentos/observation_HSH/ulens_hsh/ulens_hsh/data/20250603/FBOGLE-2024-BLG-0034i0030_wcs.fits,I,90.0,399,316,6.175,7.23,7.7749999999999995,0.356,0.415,0.46625000000000005,-3.2031565912977578,0.8776354348171131,28.335,58.22,746.9,15.7702825,15.414200000000001
20250603,/home/knowogrodski/Documentos/observation_HSH/ulens_hsh/ulens_hsh/data/20250603/FBOGLE-2024-BLG-0034i0031_wcs.fits,I,90.0,194,163,4.845,5.11,5.795,0.1305,0.182,0.2475,7.633481081237668,0.7097619840039517,29.19,56.379999999999995,436.7,15.32105375,15.3518
20250603,/home/knowogrodski/Documentos/observation_HSH/ulens_hsh/ulens_hsh/data/20250603/FBOGLE-2024-BLG-0034i0032_wcs.fits,I,90.0,332,279,4.725,5.2,5.985,0.1895,0.235,0.3015,-15.865329261000133,0.8269025017836842,28.53,56.195,626.8,15.869206250000001,15.4693
20250603,/home/knowogrodski/Documentos/observation_HSH/ulens_hsh/ulens_hsh/data/20250603/FBOGLE-2024-BLG-0034i0033_wcs.fits,I,90.0,290,118,7.8100000000000005,8.97,9.55,0.3825,0.445,0.508,7.345249797463946,0.860629477451641,39.98,87.0075,589.9,15.1739125,14.91535
20250603,/home/knowogrodski/Documentos/observation_HSH/ulens_hsh/ulens_hsh/data/20250603/FBOGLE-2024-BLG-0034i0034_wcs.fits,I,90.0,844,664,4.71,5.12,5.95,0.077,0.1355,0.21325,17.34419323743699,0.41238445196984885,28.715,53.59,1118.0,16.0374075,15.4976
20250603,/home/knowogrodski/Documentos/observation_HSH/ulens_hsh/ulens_hsh/data/20250603/FBOGLE-2024-BLG-0034i0035_wcs.fits,I,90.0,783,524,8.6075,9.97,10.6625,0.47,0.522,0.5802499999999999,-2.7871087573408717,0.9488041217922167,31.325,60.0175,1346.0,15.577762499999999,15.056799999999999
20250603,/home/knowogrodski/Documentos/observation_HSH/ulens_hsh/ulens_hsh/data/20250603/FBOGLE-2024-BLG-0034i0036_wcs.fits,I,90.0,338,269,4.95,5.24,5.79,0.167,0.21,0.265,3.68688318499069,0.7312590383804056,28.19,52.03,641.5,15.64261875,15.4609
20250603,/home/knowogrodski/Documentos/observation_HSH/ulens_hsh/ulens_hsh/data/20250603/FBOGLE-2024-BLG-0034i0037_wcs.fits,I,90.0,246,196,5.7675,6.17,6.7975,0.26025,0.3115,0.372,-7.876479707376678,0.8323471151631364,30.72,54.23,537.7,15.5063225,15.280249999999999
20250603,/home/knowogrodski/Documentos/observation_HSH/ulens_hsh/ulens_hsh/data/20250603/FBOGLE-2024-BLG-0034i0038_wcs.fits,I,90.0,474,379,6.43,6.86,7.6850000000000005,0.2925,0.342,0.3965,0.4402742771788191,0.853787180168667,29.72,56.915,864.8,15.767256249999999,15.2874
20250603,/home/knowogrodski/Documentos/observation_HSH/ulens_hsh/ulens_hsh/data/20250603/FBOGLE-2024-BLG-0034i0039_wcs.fits,I,90.0,355,288,4.7875,5.1,5.665,0.19075,0.231,0.28725,-1.2537269966989326,0.740981991198741,27.31,53.269999999999996,643.5,15.9595375,15.48275
20250603,/home/knowogrodski/Documentos/observation_HSH/ulens_hsh/ulens_hsh/data/20250603/FBOGLE-2024-BLG-0034i0040_wcs.fits,I,90.0,469,374,4.7,5.11,5.7875,0.091,0.143,0.217,10.54255616765467,0.5639789360717616,28.689999999999998,55.629999999999995,797.2,15.87826875,15.48825
20250603,/home/knowogrodski/Documentos/observation_HSH/ulens_hsh/ulens_hsh/data/20250603/FBOGLE-2024-BLG-0034i0041_wcs.fits,I,90.0,529,417,4.98,5.33,6.07,0.154,0.196,0.264,-16.412930053228635,0.7102534357879022,28.08,52.04,887.0,15.44219375,15.4084
20250603,/home/knowogrodski/Documentos/observation_HSH/ulens_hsh/ulens_hsh/data/20250603/FBOGLE-2024-BLG-0034i0042_wcs.fits,I,90.0,592,447,5.79,6.95,7.69,0.2865,0.373,0.418,-0.26498753194543045,0.8512950872125886,28.76,54.405,978.5,15.6300375,15.3568
20250603,/home/knowogrodski/Documentos/observation_HSH/ulens_hsh/ulens_hsh/data/20250603/FBOGLE-2024-BLG-0034i0043_wcs.fits,I,90.0,758,567,7.115,7.64,8.535,0.309,0.361,0.426,4.828432936965907,0.8654918507621779,30.12,56.445,1174.0,15.56696875,15.2645
20250603,/home/knowogrodski/Documentos/observation_HSH/ulens_hsh/ulens_hsh/data/20250603/FBOGLE-2024-BLG-0034i0044_wcs.fits,I,90.0,548,423,4.66,5.08,5.79,0.0845,0.131,0.214,-6.3850415500441935,0.5097463720486727,28.27,53.785,845.7,16.086831250000003,15.5787
20250603,/home/knowogrodski/Documentos/observation_HSH/ulens_hsh/ulens_hsh/data/20250603/FBOGLE-2024-BLG-0034i0045_wcs.fits,I,90.0,169,128,6.137499999999999,6.64,7.7325,0.26425,0.3125,0.3605,-1.4641793821737696,0.8509852489803328,29.060000000000002,56.1825,415.0,15.41932125,15.253350000000001
20250603,/home/knowogrodski/Documentos/observation_HSH/ulens_hsh/ulens_hsh/data/20250603/FBOGLE-2024-BLG-0034i0046_wcs.fits,I,90.0,132,107,4.52,4.96,5.425000000000001,0.128,0.169,0.23399999999999999,-10.369477875795445,0.6041480169291875,28.62,45.46,303.8,15.944775,15.4652
20250603,/home/knowogrodski/Documentos/observation_HSH/ulens_hsh/ulens_hsh/data/20250603/FBOGLE-2024-BLG-0034v0001_wcs.fits,V,90.0,205,151,4.470000000000001,4.86,5.41,0.0845,0.147,0.248,-17.470509061997387,0.47725487742819933,28.85,58.29,411.5,16.36142125,16.0653
20250603,/home/knowogrodski/Documentos/observation_HSH/ulens_hsh/ulens_hsh/data/20250603/FBOGLE-2024-BLG-0034v0002_wcs.fits,V,90.0,158,106,5.592499999999999,6.57,7.225,0.21475,0.2765,0.3895,-2.308644484255184,0.7074123279506171,37.65,55.89,210.5,16.2874825,15.9047
20250603,/home/knowogrodski/Documentos/observation_HSH/ulens_hsh/ulens_hsh/data/20250603/FBOGLE-2024-BLG-0034v0003_wcs.fits,V,90.0,156,100,5.3774999999999995,6.995,7.7675,0.2105,0.26,0.40774999999999995,-1.368036642577624,0.6795988889355538,39.105000000000004,60.435,162.7,16.34411,15.6934
20250603,/home/knowogrodski/Documentos/observation_HSH/ulens_hsh/ulens_hsh/data/20250603/FBOGLE-2024-BLG-0034v0004_wcs.fits,V,90.0,372,295,5.15,5.69,6.6899999999999995,0.141,0.203,0.2915,-2.3462250900642094,0.606172754615577,28.69,51.239999999999995,629.0,16.42195625,16.0109
20250603,/home/knowogrodski/Documentos/observation_HSH/ulens_hsh/ulens_hsh/data/20250603/FBOGLE-2024-BLG-0034v0005_wcs.fits,V,90.0,272,185,6.71,7.7,8.68,0.258,0.316,0.397,-11.321178086881314,0.7126036869551542,32.0,66.27,609.3,16.34768125,15.757
20250603,/home/knowogrodski/Documentos/observation_HSH/ulens_hsh/ulens_hsh/data/20250603/FBOGLE-2024-BLG-0034v0006_wcs.fits,V,90.0,212,153,4.91,5.32,5.89,0.117,0.176,0.255,-9.670154158098407,0.5973358554642608,30.35,62.96,427.7,16.07360375,16.0169
20250603,/home/knowogrodski/Documentos/observation_HSH/ulens_hsh/ulens_hsh/data/20250603/FBOGLE-2024-BLG-0034v0007_wcs.fits,V,90.0,471,355,4.955,5.43,6.635,0.0755,0.142,0.252,-14.633187636274556,0.3002674156913409,27.11,52.980000000000004,707.3,16.33604375,16.1104
20250603,/home/knowogrodski/Documentos/observation_HSH/ulens_hsh/ulens_hsh/data/20250603/FBOGLE-2024-BLG-0034v0010_wcs.fits,V,90.0,178,121,5.07,8.29,9.07,0.291,0.339,0.441,-0.1524711740577813,0.7487226669178699,40.09,67.68,395.5,15.8913875,15.6918
20250603,/home/knowogrodski/Documentos/observation_HSH/ulens_hsh/ulens_hsh/data/20250603/FBOGLE-2024-BLG-0034v0013_wcs.fits,V,90.0,175,108,5.092499999999999,9.29,10.872499999999999,0.40774999999999995,0.469,0.52375,0.18548794402724303,0.6851986630125152,43.815,68.955,423.1,14.97455125,15.76415
20250603,/home/knowogrodski/Documentos/observation_HSH/ulens_hsh/ulens_hsh/data/20250603/FBOGLE-2024-BLG-0034v0014_wcs.fits,V,90.0,164,120,4.869999999999999,5.665,6.3325,0.117,0.175,0.2665,-11.096424966673831,0.46751389676430893,37.55,58.9975,353.7,15.370916249999999,15.9712
20250603,/home/knowogrodski/Documentos/observation_HSH/ulens_hsh/ulens_hsh/data/20250603/FBOGLE-2024-BLG-0034v0015_wcs.fits,V,90.0,265,210,4.6525,4.98,5.8375,0.08375,0.1355,0.2645,-1.8151570655872429,0.35149975319075794,32.0,66.1225,313.1,15.85348625,16.091450000000002
20250603,/home/knowogrodski/Documentos/observation_HSH/ulens_hsh/ulens_hsh/data/20250603/FBOGLE-2024-BLG-0034v0016_wcs.fits,V,90.0,167,120,6.01,6.5,7.25,0.19175,0.246,0.336,-12.035158315766648,0.7083498470853822,36.144999999999996,66.0125,307.6,16.259173750000002,15.777899999999999
20250603,/home/knowogrodski/Documentos/observation_HSH/ulens_hsh/ulens_hsh/data/20250603/FBOGLE-2024-BLG-0034v0018_wcs.fits,V,90.0,211,160,5.1425,5.645,6.2775,0.1295,0.1735,0.26525,-11.283952773905659,0.5614464104267838,30.85,60.775000000000006,284.9,16.388121250000005,15.91265
20250603,/home/knowogrodski/Documentos/observation_HSH/ulens_hsh/ulens_hsh/data/20250603/FBOGLE-2024-BLG-0034v0019_wcs.fits,V,90.0,180,127,5.779999999999999,6.56,7.755,0.1125,0.171,0.2775,-2.1401229974361247,0.639844684099067,37.49,73.91,416.3,16.1394275,15.8055
20250603,/home/knowogrodski/Documentos/observation_HSH/ulens_hsh/ulens_hsh/data/20250603/FBOGLE-2024-BLG-0034v0021_wcs.fits,V,90.0,218,161,5.53,6.08,7.01,0.121,0.164,0.271,-26.70870496243435,0.5773265803976315,32.99,68.11,485.1,16.33571875,15.7388
20250603,/home/knowogrodski/Documentos/observation_HSH/ulens_hsh/ulens_hsh/data/20250603/FBOGLE-2024-BLG-0034v0024_wcs.fits,V,90.0,175,111,7.95,9.23,10.530000000000001,0.269,0.319,0.4355,-0.1786732927727426,0.8113126960352082,41.58,83.67,477.4,15.7498625,15.4228
20250603,/home/knowogrodski/Documentos/observation_HSH/ulens_hsh/ulens_hsh/data/20250603/FBOGLE-2024-BLG-0034v0025_wcs.fits,V,90.0,284,208,5.7075,6.195,7.2325,0.13975,0.2005,0.29825,-19.62926919896309,0.6596918238511555,33.870000000000005,72.7225,568.3,16.341475,15.806750000000001
20250603,/home/knowogrodski/Documentos/observation_HSH/ulens_hsh/ulens_hsh/data/20250603/FBOGLE-2024-BLG-0034v0026_wcs.fits,V,90.0,325,228,6.05,7.33,8.49,0.2135,0.2775,0.34724999999999995,-6.067807979095693,0.6809222963679815,32.644999999999996,63.337500000000006,649.7,15.939061249999998,15.81245
20250603,/home/knowogrodski/Documentos/observation_HSH/ulens_hsh/ulens_hsh/data/20250603/FBOGLE-2024-BLG-0034v0027_wcs.fits,V,90.0,197,140,6.3549999999999995,7.47,8.192499999999999,0.27375000000000005,0.326,0.42174999999999996,-12.123204500575424,0.7371923012694389,34.985,68.43,441.7,16.00534375,15.70315
20250603,/home/knowogrodski/Documentos/observation_HSH/ulens_hsh/ulens_hsh/data/20250603/FBOGLE-2024-BLG-0034v0028_wcs.fits,V,90.0,401,287,5.695,6.34,7.285,0.0815,0.144,0.28,-4.881868453161443,0.30439523068423424,28.73,55.325,679.7,16.310767499999997,16.0005
20250603,/home/knowogrodski/Documentos/observation_HSH/ulens_hsh/ulens_hsh/data/20250603/FBOGLE-2024-BLG-0034v0029_wcs.fits,V,90.0,356,247,6.395,7.04,8.18,0.111,0.179,0.2985,-13.776124541049144,0.543735674272689,32.03,60.705,686.5,16.255200000000002,15.8048
20250603,/home/knowogrodski/Documentos/observation_HSH/ulens_hsh/ulens_hsh/data/20250603/FBOGLE-2024-BLG-0034v0030_wcs.fits,V,90.0,365,277,5.53,5.94,6.78,0.089,0.165,0.255,-28.786199113554535,0.38858512021943276,30.2,64.07,648.6,16.3911875,15.9736
20250603,/home/knowogrodski/Documentos/observation_HSH/ulens_hsh/ulens_hsh/data/20250603/FBOGLE-2024-BLG-0034v0031_wcs.fits,V,90.0,253,181,5.84,6.33,7.26,0.084,0.138,0.259,-21.932663167915383,0.43627831911377224,34.3,72.0,511.6,16.51245625,15.8557
20250603,/home/knowogrodski/Documentos/observation_HSH/ulens_hsh/ulens_hsh/data/20250603/FBOGLE-2024-BLG-0034v0034_wcs.fits,V,90.0,202,133,5.77,6.66,7.62,0.131,0.182,0.272,-24.63915985151645,0.6226989965617008,33.48,68.23,429.8,16.211665,15.8486
20250605,/home/knowogrodski/Documentos/observation_HSH/ulens_hsh/ulens_hsh/data/20250605/FBOGLE-2024-BLG-0034i0001_wcs.fits,I,90.0,1309,948,4.96,5.3,5.94,0.255,0.305,0.358,3.826100513912831,0.8541058531900118,31.189999999999998,58.712500000000006,1439.0,15.9420975,15.4712
20250605,/home/knowogrodski/Documentos/observation_HSH/ulens_hsh/ulens_hsh/data/20250605/FBOGLE-2024-BLG-0034i0002_wcs.fits,I,90.0,1145,809,6.55,7.01,7.84,0.364,0.418,0.47,3.109233918525872,0.9172845529883927,30.67,60.15,1433.0,15.97067125,15.2746
20250605,/home/knowogrodski/Documentos/observation_HSH/ulens_hsh/ulens_hsh/data/20250605/FBOGLE-2024-BLG-0034i0003_wcs.fits,I,90.0,1184,830,4.84,5.6850000000000005,8.07,0.20225,0.295,0.414,-0.28023645740253683,0.8579531155701137,29.42,53.525,1430.0,15.85582875,15.3585
20250605,/home/knowogrodski/Documentos/observation_HSH/ulens_hsh/ulens_hsh/data/20250605/FBOGLE-2024-BLG-0034i0004_wcs.fits,I,90.0,1371,1020,3.61,3.85,4.42,0.15,0.2045,0.259,-6.0601432636932415,0.7345989918509213,31.115000000000002,56.004999999999995,1393.0,16.08697875,15.5965
20250605,/home/knowogrodski/Documentos/observation_HSH/ulens_hsh/ulens_hsh/data/20250605/FBOGLE-2024-BLG-0034i0005_wcs.fits,I,90.0,1262,948,4.6675,5.03,5.862500000000001,0.187,0.242,0.307,-2.145810714826163,0.8348625028728319,30.994999999999997,56.839999999999996,1408.0,16.0072575,15.443
20250605,/home/knowogrodski/Documentos/observation_HSH/ulens_hsh/ulens_hsh/data/20250605/FBOGLE-2024-BLG-0034i0006_wcs.fits,I,90.0,1317,950,4.17,4.48,5.205,0.12325,0.172,0.24175,-28.63003440651477,0.7034342013004603,32.16,60.237500000000004,1441.0,15.940183750000001,15.48175
20250605,/home/knowogrodski/Documentos/observation_HSH/ulens_hsh/ulens_hsh/data/20250605/FBOGLE-2024-BLG-0034i0007_wcs.fits,I,90.0,1133,778,5.9825,7.73,8.45,0.341,0.429,0.47975,0.28629357892953716,0.9145794537601101,30.85,57.214999999999996,1451.0,15.904021250000001,15.26895
20250605,/home/knowogrodski/Documentos/observation_HSH/ulens_hsh/ulens_hsh/data/20250605/FBOGLE-2024-BLG-0034i0008_wcs.fits,I,90.0,1484,1100,3.48,3.71,4.2,0.068,0.1115,0.19125,3.8490433454968533,0.38921129959322975,33.465,59.557500000000005,1423.0,16.0504325,15.6091
20250605,/home/knowogrodski/Documentos/observation_HSH/ulens_hsh/ulens_hsh/data/20250605/FBOGLE-2024-BLG-0034i0009_wcs.fits,I,90.0,1189,871,5.42,5.77,6.495,0.265,0.317,0.372,-0.8081697638681071,0.8938538124111649,30.51,56.865,1422.0,15.706276250000002,15.3636
20250605,/home/knowogrodski/Documentos/observation_HSH/ulens_hsh/ulens_hsh/data/20250605/FBOGLE-2024-BLG-0034i0010_wcs.fits,I,90.0,1021,755,7.8,8.43,9.135000000000002,0.4505,0.511,0.568,1.7169797581011936,0.9527981652707983,29.41,54.83,1388.0,15.924403750000002,15.2372
20250605,/home/knowogrodski/Documentos/observation_HSH/ulens_hsh/ulens_hsh/data/20250605/FBOGLE-2024-BLG-0034i0011_wcs.fits,I,90.0,924,729,5.2,5.69,6.8,0.159,0.215,0.288,2.539117119381579,0.7857935588805445,28.52,53.13,1274.0,15.77413,15.3316
20250605,/home/knowogrodski/Documentos/observation_HSH/ulens_hsh/ulens_hsh/data/20250605/FBOGLE-2024-BLG-0034i0012_wcs.fits,I,90.0,695,547,5.27,5.85,6.47,0.2025,0.255,0.308,1.0032274855378096,0.7458882710515056,28.82,52.82,1124.0,15.714865000000001,15.251
20250605,/home/knowogrodski/Documentos/observation_HSH/ulens_hsh/ulens_hsh/data/20250605/FBOGLE-2024-BLG-0034i0013_wcs.fits,I,90.0,818,613,5.23,7.05,7.95,0.276,0.375,0.442,-10.80835100186696,0.8693991939088904,27.08,51.84,1232.0,15.50543125,15.3183
20250605,/home/knowogrodski/Documentos/observation_HSH/ulens_hsh/ulens_hsh/data/20250605/FBOGLE-2024-BLG-0034i0014_wcs.fits,I,90.0,972,752,5.86,6.36,7.08,0.318,0.372,0.43025,6.898707263839037,0.8828957243777619,27.795,53.004999999999995,1297.0,15.85515375,15.365200000000002
20250605,/home/knowogrodski/Documentos/observation_HSH/ulens_hsh/ulens_hsh/data/20250605/FBOGLE-2024-BLG-0034i0015_wcs.fits,I,90.0,1088,840,5.16,5.49,6.2325,0.24675,0.3015,0.363,-6.801642204967339,0.8626705602802933,29.119999999999997,55.7675,1331.0,16.05614625,15.36375
20250605,/home/knowogrodski/Documentos/observation_HSH/ulens_hsh/ulens_hsh/data/20250605/FBOGLE-2024-BLG-0034i0016_wcs.fits,I,90.0,772,589,7.51,8.03,8.84,0.4,0.468,0.542,-8.735727792500816,0.9458219753260139,30.06,58.47,1202.0,15.548317500000001,15.1896
20250605,/home/knowogrodski/Documentos/observation_HSH/ulens_hsh/ulens_hsh/data/20250605/FBOGLE-2024-BLG-0034i0017_wcs.fits,I,90.0,1015,808,5.68,6.08,6.782500000000001,0.33475,0.381,0.426,-0.8895711055109795,0.9041490583081088,27.11,51.04,1282.0,15.9069275,15.42485
20250605,/home/knowogrodski/Documentos/observation_HSH/ulens_hsh/ulens_hsh/data/20250605/FBOGLE-2024-BLG-0034i0018_wcs.fits,I,90.0,849,656,6.76,7.22,7.86,0.416,0.4675,0.525,0.43259421357342226,0.9383769051373346,28.08,54.667500000000004,1196.0,15.62675,15.36215
20250605,/home/knowogrodski/Documentos/observation_HSH/ulens_hsh/ulens_hsh/data/20250605/FBOGLE-2024-BLG-0034i0019_wcs.fits,I,90.0,779,661,2.98,3.17,3.52,0.087,0.131,0.205,-8.043161113651369,0.5983353450178507,28.7,54.6,984.0,16.207046249999998,15.7122
20250605,/home/knowogrodski/Documentos/observation_HSH/ulens_hsh/ulens_hsh/data/20250605/FBOGLE-2024-BLG-0034i0020_wcs.fits,I,90.0,872,728,4.887499999999999,5.12,5.73,0.318,0.3695,0.42,-1.2100915984552627,0.9321970245524928,26.505,52.205,1113.0,15.88451375,15.59515
20250605,/home/knowogrodski/Documentos/observation_HSH/ulens_hsh/ulens_hsh/data/20250605/FBOGLE-2024-BLG-0034i0021_wcs.fits,I,90.0,1069,885,3.08,3.25,3.63,0.113,0.164,0.239,-4.175494918809663,0.7175342565640036,28.1,54.21,1147.0,15.92490125,15.766
20250605,/home/knowogrodski/Documentos/observation_HSH/ulens_hsh/ulens_hsh/data/20250605/FBOGLE-2024-BLG-0034i0022_wcs.fits,I,90.0,943,769,4.57,4.9,5.59,0.207,0.258,0.331,-1.245021360793065,0.8403812023842925,27.31,53.16,1204.0,15.785525,15.4997
20250605,/home/knowogrodski/Documentos/observation_HSH/ulens_hsh/ulens_hsh/data/20250605/FBOGLE-2024-BLG-0034i0023_wcs.fits,I,90.0,1011,828,3.9,4.16,4.81,0.144,0.188,0.25625,0.23632481148708676,0.7224869873067176,27.36,51.3375,1198.0,15.9495725,15.59495
20250605,/home/knowogrodski/Documentos/observation_HSH/ulens_hsh/ulens_hsh/data/20250605/FBOGLE-2024-BLG-0034i0024_wcs.fits,I,90.0,1000,796,5.5175,5.835,6.53,0.303,0.3545,0.416,2.2338197298653677,0.9173164765274805,27.505,52.8925,1265.0,16.00910875,15.45785
20250605,/home/knowogrodski/Documentos/observation_HSH/ulens_hsh/ulens_hsh/data/20250605/FBOGLE-2024-BLG-0034i0025_wcs.fits,I,90.0,955,746,4.5,5.11,5.55,0.204,0.2695,0.323,-14.531215584549614,0.8051105136261686,26.65,51.31,1219.0,16.0730475,15.4893
20250605,/home/knowogrodski/Documentos/observation_HSH/ulens_hsh/ulens_hsh/data/20250605/FBOGLE-2024-BLG-0034i0026_wcs.fits,I,90.0,874,695,5.53,5.94,6.73,0.292,0.339,0.397,-8.691782130743423,0.9074699923021968,28.51,56.03,1197.0,15.780255,15.399
20250605,/home/knowogrodski/Documentos/observation_HSH/ulens_hsh/ulens_hsh/data/20250605/FBOGLE-2024-BLG-0034i0027_wcs.fits,I,90.0,1136,914,3.9,4.17,4.9475,0.113,0.167,0.242,-1.9696138334740931,0.6614289345161944,29.075,53.707499999999996,1263.0,16.19087,15.5906
20250605,/home/knowogrodski/Documentos/observation_HSH/ulens_hsh/ulens_hsh/data/20250605/FBOGLE-2024-BLG-0034i0028_wcs.fits,I,90.0,1098,859,3.56,3.77,4.3149999999999995,0.086,0.138,0.206,10.00777620700544,0.5199379025624558,27.62,53.510000000000005,1231.0,16.195316249999998,15.6283
20250605,/home/knowogrodski/Documentos/observation_HSH/ulens_hsh/ulens_hsh/data/20250605/FBOGLE-2024-BLG-0034i0029_wcs.fits,I,90.0,948,372,5.3925,9.215,9.7525,0.34175,0.457,0.528,7.997320934724928,0.8468952459417881,31.175,70.7825,1289.0,15.550173749999999,15.18085
20250605,/home/knowogrodski/Documentos/observation_HSH/ulens_hsh/ulens_hsh/data/20250605/FBOGLE-2024-BLG-0034i0030_wcs.fits,I,90.0,1247,970,4.26,4.56,5.24,0.205,0.247,0.30674999999999997,-1.2796447199352647,0.8349814621049353,29.415,54.5925,1358.0,15.987595,15.563649999999999
20250605,/home/knowogrodski/Documentos/observation_HSH/ulens_hsh/ulens_hsh/data/20250605/FBOGLE-2024-BLG-0034i0031_wcs.fits,I,90.0,1193,936,3.96,4.23,4.945,0.128,0.178,0.25,-16.567695162396422,0.7091943885611515,28.54,53.1075,1312.0,15.979081250000002,15.5923
20250605,/home/knowogrodski/Documentos/observation_HSH/ulens_hsh/ulens_hsh/data/20250605/FBOGLE-2024-BLG-0034i0032_wcs.fits,I,90.0,1212,949,3.99,4.24,5.0,0.189,0.234,0.291,-14.518974328384239,0.8256068102901586,28.61,52.89,1309.0,16.20026625,15.5758
20250605,/home/knowogrodski/Documentos/observation_HSH/ulens_hsh/ulens_hsh/data/20250605/FBOGLE-2024-BLG-0034i0033_wcs.fits,I,90.0,1083,866,3.7325,3.995,4.715,0.097,0.145,0.214,-13.20999825235553,0.5962556610534447,27.995,53.207499999999996,1238.0,16.199676250000003,15.5877
20250605,/home/knowogrodski/Documentos/observation_HSH/ulens_hsh/ulens_hsh/data/20250605/FBOGLE-2024-BLG-0034i0034_wcs.fits,I,90.0,808,663,5.92,6.38,7.15,0.332,0.391,0.456,-4.396868468291709,0.9259449393284659,27.09,52.86,1127.0,15.718555,15.4222
20250605,/home/knowogrodski/Documentos/observation_HSH/ulens_hsh/ulens_hsh/data/20250605/FBOGLE-2024-BLG-0034i0035_wcs.fits,I,90.0,858,690,5.3025,5.81,6.36,0.306,0.362,0.406,-1.7791024755305986,0.8830813556669533,27.29,54.055,1168.0,15.690514999999998,15.399750000000001
20250605,/home/knowogrodski/Documentos/observation_HSH/ulens_hsh/ulens_hsh/data/20250605/FBOGLE-2024-BLG-0034i0036_wcs.fits,I,90.0,586,450,5.22,7.470000000000001,8.0775,0.307,0.434,0.48675,-3.685023536952798,0.8660408324797398,27.02,52.644999999999996,1001.0,15.534761249999999,15.2906
20250605,/home/knowogrodski/Documentos/observation_HSH/ulens_hsh/ulens_hsh/data/20250605/FBOGLE-2024-BLG-0034v0001_wcs.fits,V,90.0,393,316,3.38,3.605,4.262499999999999,0.124,0.168,0.239,-5.274158131942314,0.6950680823345657,26.335,49.1325,586.1,16.510951249999998,16.2545
20250605,/home/knowogrodski/Documentos/observation_HSH/ulens_hsh/ulens_hsh/data/20250605/FBOGLE-2024-BLG-0034v0002_wcs.fits,V,90.0,459,372,4.1775,4.51,5.1675,0.22675,0.273,0.342,-3.801383088745042,0.7892896801494427,26.765,52.457499999999996,658.4,16.41368125,16.1541
20250605,/home/knowogrodski/Documentos/observation_HSH/ulens_hsh/ulens_hsh/data/20250605/FBOGLE-2024-BLG-0034v0003_wcs.fits,V,90.0,373,294,5.452500000000001,5.78,6.4,0.32925000000000004,0.389,0.44575,4.358172275293403,0.8705257306830525,26.285,54.1225,611.5,16.40691375,16.10735
20250605,/home/knowogrodski/Documentos/observation_HSH/ulens_hsh/ulens_hsh/data/20250605/FBOGLE-2024-BLG-0034v0004_wcs.fits,V,90.0,407,322,4.9925,5.345000000000001,6.08,0.2765,0.337,0.403,-0.6261601293813334,0.8543750989838368,25.83,49.5875,627.2,16.38787,16.13385
20250605,/home/knowogrodski/Documentos/observation_HSH/ulens_hsh/ulens_hsh/data/20250605/FBOGLE-2024-BLG-0034v0005_wcs.fits,V,90.0,549,445,3.8,4.15,4.96,0.141,0.185,0.254,-2.667054010527665,0.640018296974154,25.95,45.94,686.5,16.94915125,16.2851
20250605,/home/knowogrodski/Documentos/observation_HSH/ulens_hsh/ulens_hsh/data/20250605/FBOGLE-2024-BLG-0034v0006_wcs.fits,V,90.0,424,46,3.0100000000000002,4.45,5.2925,0.24475,0.333,0.493,-1.1921201515806232,0.3356858771402999,32.410000000000004,69.30499999999999,148.3,16.728855,16.5009
20250605,/home/knowogrodski/Documentos/observation_HSH/ulens_hsh/ulens_hsh/data/20250605/FBOGLE-2024-BLG-0034v0007_wcs.fits,V,90.0,313,240,6.7575,8.5,9.122499999999999,0.443,0.5165,0.5762499999999999,-3.1651288881026427,0.8909290918216749,26.369999999999997,50.9225,615.8,16.20096375,15.8858
20250605,/home/knowogrodski/Documentos/observation_HSH/ulens_hsh/ulens_hsh/data/20250605/FBOGLE-2024-BLG-0034v0008_wcs.fits,V,90.0,417,326,4.41,4.705,5.4925,0.204,0.2655,0.33125000000000004,-1.9535320512843093,0.8136825947571871,26.564999999999998,50.52,624.9,16.562773749999998,16.1555
20250605,/home/knowogrodski/Documentos/observation_HSH/ulens_hsh/ulens_hsh/data/20250605/FBOGLE-2024-BLG-0034v0009_wcs.fits,V,90.0,441,342,5.675,6.33,6.9175,0.32275,0.3875,0.44575,0.11422750525527339,0.8472230205731028,27.39,50.917500000000004,678.6,16.571768750000004,16.02415
20250605,/home/knowogrodski/Documentos/observation_HSH/ulens_hsh/ulens_hsh/data/20250605/FBOGLE-2024-BLG-0034v0010_wcs.fits,V,90.0,445,349,5.58,5.99,6.71,0.335,0.399,0.461,-0.6959130612555915,0.8999928890280513,25.88,48.57,662.8,16.67591875,16.1201
20250605,/home/knowogrodski/Documentos/observation_HSH/ulens_hsh/ulens_hsh/data/20250605/FBOGLE-2024-BLG-0034v0011_wcs.fits,V,90.0,456,363,3.77,4.05,4.805,0.1285,0.184,0.2665,-0.16600490448773084,0.7486841652493852,25.69,48.695,640.7,16.5517775,16.2462
20250605,/home/knowogrodski/Documentos/observation_HSH/ulens_hsh/ulens_hsh/data/20250605/FBOGLE-2024-BLG-0034v0012_wcs.fits,V,90.0,318,242,5.855,7.165,7.77,0.40650000000000003,0.4805,0.5275000000000001,-3.8886283696599073,0.8785511681093509,27.47,60.625,589.0,16.35190625,15.925699999999999
20250605,/home/knowogrodski/Documentos/observation_HSH/ulens_hsh/ulens_hsh/data/20250605/FBOGLE-2024-BLG-0034v0013_wcs.fits,V,90.0,468,363,4.82,5.26,6.035,0.251,0.3,0.37,-8.960511788743844,0.8341878406488851,25.96,46.18,510.8,16.14025375,16.1164
20250605,/home/knowogrodski/Documentos/observation_HSH/ulens_hsh/ulens_hsh/data/20250605/FBOGLE-2024-BLG-0034v0014_wcs.fits,V,90.0,606,482,4.0,4.3,5.1,0.215,0.2665,0.34075,-8.237451880700227,0.8020635252897019,25.775,45.83,543.6,16.74723625,16.27545
20250605,/home/knowogrodski/Documentos/observation_HSH/ulens_hsh/ulens_hsh/data/20250605/FBOGLE-2024-BLG-0034v0015_wcs.fits,V,90.0,646,529,4.5,4.84,5.57,0.268,0.33,0.382,-5.954207165895808,0.8470493092816205,25.76,47.04,564.2,16.72742,16.2473
20250605,/home/knowogrodski/Documentos/observation_HSH/ulens_hsh/ulens_hsh/data/20250605/FBOGLE-2024-BLG-0034v0016_wcs.fits,V,90.0,723,582,3.02,3.25,3.795,0.063,0.1215,0.216,-72.2747004529301,0.18554414392288263,26.284999999999997,46.25,568.6,16.612592499999998,16.386200000000002
20250605,/home/knowogrodski/Documentos/observation_HSH/ulens_hsh/ulens_hsh/data/20250605/FBOGLE-2024-BLG-0034v0017_wcs.fits,V,90.0,462,371,4.335,5.34,5.84,0.305,0.393,0.4415,-1.6057969179914275,0.8537326782321429,27.21,52.17,658.1,16.644482500000002,16.163
20250605,/home/knowogrodski/Documentos/observation_HSH/ulens_hsh/ulens_hsh/data/20250605/FBOGLE-2024-BLG-0034v0018_wcs.fits,V,90.0,401,333,3.97,4.2,4.78,0.238,0.281,0.338,-9.395985335789318,0.8196831789815537,25.9,48.09,588.4,16.42304875,16.3062
20250605,/home/knowogrodski/Documentos/observation_HSH/ulens_hsh/ulens_hsh/data/20250605/FBOGLE-2024-BLG-0034v0019_wcs.fits,V,90.0,372,296,4.0,4.805,5.4925,0.296,0.358,0.407,6.809713861846198,0.8272375278444147,26.244999999999997,51.165,594.1,16.60580375,16.202849999999998
20250605,/home/knowogrodski/Documentos/observation_HSH/ulens_hsh/ulens_hsh/data/20250605/FBOGLE-2024-BLG-0034v0020_wcs.fits,V,90.0,523,436,4.83,5.15,5.88,0.314,0.365,0.415,-6.079713078269084,0.8490720769645469,26.71,48.6725,679.3,16.442608749999998,16.2021
20250605,/home/knowogrodski/Documentos/observation_HSH/ulens_hsh/ulens_hsh/data/20250605/FBOGLE-2024-BLG-0034v0021_wcs.fits,V,90.0,608,490,3.3449999999999998,3.64,4.23,0.137,0.184,0.25075000000000003,-10.554183178346351,0.653563090394822,25.775,45.63,529.6,16.72477125,16.349899999999998
20250605,/home/knowogrodski/Documentos/observation_HSH/ulens_hsh/ulens_hsh/data/20250605/FBOGLE-2024-BLG-0034v0022_wcs.fits,V,90.0,324,260,3.49,3.78,4.2875,0.17875,0.221,0.29025,-6.832442885168491,0.7993826615417912,28.25,52.575,537.4,16.48564125,16.207549999999998
20250605,/home/knowogrodski/Documentos/observation_HSH/ulens_hsh/ulens_hsh/data/20250605/FBOGLE-2024-BLG-0034v0023_wcs.fits,V,90.0,584,470,3.14,3.39,3.97,0.127,0.177,0.25575000000000003,-13.081228867007454,0.6869570483130572,25.675,45.9275,673.9,16.873530000000002,16.38055
20250605,/home/knowogrodski/Documentos/observation_HSH/ulens_hsh/ulens_hsh/data/20250605/FBOGLE-2024-BLG-0034v0024_wcs.fits,V,90.0,579,438,6.54,7.3,7.98,0.42825,0.487,0.5407500000000001,-4.22559942678574,0.8939206607683318,26.165,47.5975,758.7,15.9579925,16.046599999999998
20250605,/home/knowogrodski/Documentos/observation_HSH/ulens_hsh/ulens_hsh/data/20250605/FBOGLE-2024-BLG-0034v0025_wcs.fits,V,90.0,662,543,3.6,3.89,4.5600000000000005,0.197,0.245,0.2995,2.926750504744127,0.7657959168353592,25.57,45.32,735.5,16.62303625,16.3363
20250605,/home/knowogrodski/Documentos/observation_HSH/ulens_hsh/ulens_hsh/data/20250605/FBOGLE-2024-BLG-0034v0026_wcs.fits,V,90.0,590,476,3.5,3.73,4.36,0.1625,0.207,0.2785,-7.435246228820118,0.7786243276205186,25.335,45.54,688.7,16.883157500000003,16.3739
20250605,/home/knowogrodski/Documentos/observation_HSH/ulens_hsh/ulens_hsh/data/20250605/FBOGLE-2024-BLG-0034v0027_wcs.fits,V,90.0,559,454,4.02,4.32,5.1075,0.23525,0.283,0.367,-1.9828346314195133,0.8504182079072581,24.585,48.980000000000004,678.9,16.53790125,16.3081
20250605,/home/knowogrodski/Documentos/observation_HSH/ulens_hsh/ulens_hsh/data/20250605/FBOGLE-2024-BLG-0034v0028_wcs.fits,V,90.0,364,81,4.69,6.22,9.55,0.493,0.591,0.674,-4.298001447581813,0.7236049138965844,22.3,46.67,296.9,16.676589999999997,16.2441
20250605,/home/knowogrodski/Documentos/observation_HSH/ulens_hsh/ulens_hsh/data/20250605/FBOGLE-2024-BLG-0034v0029_wcs.fits,V,90.0,576,141,5.2,8.17,10.34,0.42,0.53,0.609,3.5240751255067937,0.7282087206077885,27.81,64.03,472.8,16.77277375,16.0339
20250605,/home/knowogrodski/Documentos/observation_HSH/ulens_hsh/ulens_hsh/data/20250605/FBOGLE-2024-BLG-0034v0030_wcs.fits,V,90.0,619,507,3.56,3.86,4.85,0.143,0.204,0.29,-11.713694618620272,0.7321653114886758,25.22,46.010000000000005,713.4,16.40576,16.3394
20250605,/home/knowogrodski/Documentos/observation_HSH/ulens_hsh/ulens_hsh/data/20250605/FBOGLE-2024-BLG-0034v0031_wcs.fits,V,90.0,533,395,7.005000000000001,7.89,8.52,0.453,0.51,0.5615000000000001,-4.107072080861322,0.8868632548550756,28.18,52.535,744.1,16.2494375,15.9804
20250605,/home/knowogrodski/Documentos/observation_HSH/ulens_hsh/ulens_hsh/data/20250605/FBOGLE-2024-BLG-0034v0032_wcs.fits,V,90.0,673,515,5.46,6.21,6.83,0.3415,0.42,0.476,-3.4233038264774414,0.8558298537962582,27.48,50.07,780.8,16.63869125,16.1496
20250605,/home/knowogrodski/Documentos/observation_HSH/ulens_hsh/ulens_hsh/data/20250605/FBOGLE-2024-BLG-0034v0033_wcs.fits,V,90.0,829,662,3.68,4.02,4.9575,0.15425,0.2135,0.284,-1.695596915290579,0.7470275376862265,25.939999999999998,46.115,800.2,16.90209625,16.38825
20250605,/home/knowogrodski/Documentos/observation_HSH/ulens_hsh/ulens_hsh/data/20250605/FBOGLE-2024-BLG-0034v0034_wcs.fits,V,90.0,695,558,5.58,5.97,6.745,0.332,0.3835,0.454,-1.7827263818443557,0.8905692778112697,26.494999999999997,46.949999999999996,801.2,16.59082625,16.188200000000002
20250605,/home/knowogrodski/Documentos/observation_HSH/ulens_hsh/ulens_hsh/data/20250605/FBOGLE-2024-BLG-0034v0035_wcs.fits,V,90.0,805,656,3.67,4.05,4.96,0.177,0.2375,0.30825,-7.976107063898265,0.7767152181809683,26.67,46.1025,792.5,16.8497675,16.3669
20250605,/home/knowogrodski/Documentos/observation_HSH/ulens_hsh/ulens_hsh/data/20250605/FBOGLE-2024-BLG-0034v0036_wcs.fits,V,90.0,872,707,3.05,3.28,4.095,0.085,0.14,0.216,-12.994004731307918,0.5064214588095125,26.49,46.92,793.4,16.9610625,16.4702
20250605,/home/knowogrodski/Documentos/observation_HSH/ulens_hsh/ulens_hsh/data/20250605/FBOGLE-2024-BLG-0034v0037_wcs.fits,V,90.0,805,646,3.65,3.95,4.8475,0.15425,0.204,0.27275000000000005,-8.463521586381308,0.7312437827709843,25.755000000000003,46.3375,539.2,16.78159625,16.39015
20250605,/home/knowogrodski/Documentos/observation_HSH/ulens_hsh/ulens_hsh/data/20250605/FBOGLE-2024-BLG-0034v0038_wcs.fits,V,90.0,771,634,4.08,4.43,5.327500000000001,0.20425,0.2585,0.341,-6.863697553265758,0.8129211645564465,26.705,47.292500000000004,799.1,16.448325000000004,16.2783
20250605,/home/knowogrodski/Documentos/observation_HSH/ulens_hsh/ulens_hsh/data/20250605/FBOGLE-2024-BLG-0034v0039_wcs.fits,V,90.0,552,392,5.6375,7.625,8.43,0.3255,0.428,0.4855,-0.5220776843478658,0.8020018921208582,27.355,50.19,515.2,15.943717500000002,15.98925
20250607,/home/knowogrodski/Documentos/observation_HSH/ulens_hsh/ulens_hsh/data/20250607/FBOGLE-2024-BLG-0034i0001_wcs.fits,I,90.0,470,160,12.200000000000001,12.735,13.4275,0.1955,0.2255,0.2765,-19.20342947197029,0.6105962132800007,66.88499999999999,161.7,1352.0,14.956523749999999,13.6734
20250607,/home/knowogrodski/Documentos/observation_HSH/ulens_hsh/ulens_hsh/data/20250607/FBOGLE-2024-BLG-0034i0002_wcs.fits,I,90.0,763,106,6.955,7.890000000000001,11.540000000000001,0.257,0.4315,0.5435000000000001,-3.0135252472190617,0.4708572259150616,23.18,30.25,1379.0,15.21301875,15.2132
20250607,/home/knowogrodski/Documentos/observation_HSH/ulens_hsh/ulens_hsh/data/20250607/FBOGLE-2024-BLG-0034i0003_wcs.fits,I,90.0,721,97,7.5,11.33,12.46,0.11,0.232,0.483,-53.709038602340165,0.42976233747613657,30.73,116.9,1382.0,15.426303750000002,14.7808
20250607,/home/knowogrodski/Documentos/observation_HSH/ulens_hsh/ulens_hsh/data/20250607/FBOGLE-2024-BLG-0034i0004_wcs.fits,I,90.0,735,97,6.62,8.01,11.57,0.281,0.419,0.531,-16.520652520512826,0.5671464780646366,23.89,30.79,966.5,14.98350375,15.0952
20250607,/home/knowogrodski/Documentos/observation_HSH/ulens_hsh/ulens_hsh/data/20250607/FBOGLE-2024-BLG-0034i0005_wcs.fits,I,90.0,556,229,11.09,11.77,13.25,0.112,0.161,0.276,-56.984085828632274,0.6677184638742971,55.68,123.0,1386.0,14.879092499999999,14.0181
20250607,/home/knowogrodski/Documentos/observation_HSH/ulens_hsh/ulens_hsh/data/20250607/FBOGLE-2024-BLG-0034i0006_wcs.fits,I,90.0,600,150,7.3975,11.11,12.1175,0.1015,0.23049999999999998,0.43374999999999997,-31.66863313638686,0.39637609845546307,39.635,134.325,1363.0,15.0114975,14.4147
20250607,/home/knowogrodski/Documentos/observation_HSH/ulens_hsh/ulens_hsh/data/20250607/FBOGLE-2024-BLG-0034i0007_wcs.fits,I,90.0,470,201,11.19,12.05,13.62,0.139,0.177,0.258,0.28652490099732236,0.6694632533116377,53.12,119.5,1356.0,14.493181250000001,14.1081
20250607,/home/knowogrodski/Documentos/observation_HSH/ulens_hsh/ulens_hsh/data/20250607/FBOGLE-2024-BLG-0034i0008_wcs.fits,I,90.0,682,86,6.8675,7.925,11.4725,0.266,0.4495,0.545,-8.56749273154507,0.553796637931889,23.71,31.3025,729.2,15.11952625,15.15745
20250607,/home/knowogrodski/Documentos/observation_HSH/ulens_hsh/ulens_hsh/data/20250607/FBOGLE-2024-BLG-0034i0010_wcs.fits,I,90.0,685,94,6.7475000000000005,8.24,11.9275,0.17475,0.332,0.50075,-13.034095124580224,0.550827795119127,25.5,51.085,960.3,15.221843750000001,14.974250000000001
20250607,/home/knowogrodski/Documentos/observation_HSH/ulens_hsh/ulens_hsh/data/20250607/FBOGLE-2024-BLG-0034i0011_wcs.fits,I,90.0,538,146,7.8325,12.26,12.887500000000001,0.14425,0.1845,0.32375,-16.357375872429667,0.5838162820654055,58.575,140.25,1361.0,13.589168749999999,13.900549999999999
20250607,/home/knowogrodski/Documentos/observation_HSH/ulens_hsh/ulens_hsh/data/20250607/FBOGLE-2024-BLG-0034i0012_wcs.fits,I,90.0,731,68,7.1875,7.789999999999999,8.905,0.42025,0.501,0.59675,-7.696762820378719,0.7020955628718603,22.924999999999997,25.057499999999997,178.3,15.243043750000002,15.269549999999999
20250607,/home/knowogrodski/Documentos/observation_HSH/ulens_hsh/ulens_hsh/data/20250607/FBOGLE-2024-BLG-0034i0013_wcs.fits,I,90.0,752,84,6.675,8.365,12.83,0.19025,0.41000000000000003,0.568,-34.36343143838762,0.30540104539959834,24.975,58.4225,993.1,15.635756249999998,14.9952
20250607,/home/knowogrodski/Documentos/observation_HSH/ulens_hsh/ulens_hsh/data/20250607/FBOGLE-2024-BLG-0034i0014_wcs.fits,I,90.0,531,138,7.615,11.83,12.69,0.12175,0.184,0.351,-23.13342911763941,0.5641950440288552,49.165,132.925,1361.0,15.38137875,14.1911
20250607,/home/knowogrodski/Documentos/observation_HSH/ulens_hsh/ulens_hsh/data/20250607/FBOGLE-2024-BLG-0034i0015_wcs.fits,I,90.0,510,273,10.79,11.37,12.72,0.094,0.153,0.316,-76.44014641159934,0.6696194620666011,46.25,106.4,1379.0,14.73541625,14.2398
20250607,/home/knowogrodski/Documentos/observation_HSH/ulens_hsh/ulens_hsh/data/20250607/FBOGLE-2024-BLG-0034i0016_wcs.fits,I,90.0,643,96,6.8325,10.940000000000001,12.545,0.10124999999999999,0.28500000000000003,0.48924999999999996,-34.401708338555494,0.4857102564116071,28.96,86.305,1377.0,15.382536250000001,14.7207
20250607,/home/knowogrodski/Documentos/observation_HSH/ulens_hsh/ulens_hsh/data/20250607/FBOGLE-2024-BLG-0034i0017_wcs.fits,I,90.0,791,97,6.42,7.47,8.28,0.352,0.491,0.583,-0.19017251212298814,0.6667541982903553,22.22,24.05,77.71,15.39674875,15.3259
20250607,/home/knowogrodski/Documentos/observation_HSH/ulens_hsh/ulens_hsh/data/20250607/FBOGLE-2024-BLG-0034i0018_wcs.fits,I,90.0,686,68,7.6075,8.99,10.87,0.39375000000000004,0.531,0.60225,0.8587727541113969,0.7296112394318179,24.39,29.6875,596.9,15.347935000000001,15.2247
20250607,/home/knowogrodski/Documentos/observation_HSH/ulens_hsh/ulens_hsh/data/20250607/FBOGLE-2024-BLG-0034i0019_wcs.fits,I,90.0,776,104,6.1925,7.305,8.3225,0.437,0.526,0.5852499999999999,-4.583378940610852,0.743008830321314,21.97,24.2025,84.44,15.35139,15.3673
20250607,/home/knowogrodski/Documentos/observation_HSH/ulens_hsh/ulens_hsh/data/20250607/FBOGLE-2024-BLG-0034i0020_wcs.fits,I,90.0,707,82,6.4025,7.6,9.092500000000001,0.2965,0.4415,0.55,-1.1373589125466304,0.632312225655564,22.77,25.615,977.6,15.379783750000001,15.2421
20250607,/home/knowogrodski/Documentos/observation_HSH/ulens_hsh/ulens_hsh/data/20250607/FBOGLE-2024-BLG-0034i0021_wcs.fits,I,90.0,720,111,6.725,8.05,9.515,0.29,0.401,0.492,17.652707158402343,0.3646119149320883,22.39,28.0,1381.0,15.62396125,15.2823
20250607,/home/knowogrodski/Documentos/observation_HSH/ulens_hsh/ulens_hsh/data/20250607/FBOGLE-2024-BLG-0034i0022_wcs.fits,I,90.0,755,103,6.119999999999999,7.36,8.315000000000001,0.308,0.408,0.5035000000000001,3.2785918965400476,0.5870302538685205,22.28,24.41,406.4,15.331912500000001,15.3469
20250608,/home/knowogrodski/Documentos/observation_HSH/ulens_hsh/ulens_hsh/data/20250608/FBOGLE-2024-BLG-0034i0001_wcs.fits,I,120.0,595,454,8.91,9.455,10.575,0.1845,0.227,0.28075000000000006,-26.445747075431704,0.6883161350580768,37.144999999999996,70.5775,1578.0,14.4907325,14.349599999999999
20250608,/home/knowogrodski/Documentos/observation_HSH/ulens_hsh/ulens_hsh/data/20250608/FBOGLE-2024-BLG-0034i0002_wcs.fits,I,120.0,631,474,8.46,9.175,10.287500000000001,0.102,0.138,0.22,-30.201696924055558,0.4880520987791299,37.16,72.9125,1593.0,14.695495,14.3886
20250608,/home/knowogrodski/Documentos/observation_HSH/ulens_hsh/ulens_hsh/data/20250608/FBOGLE-2024-BLG-0034i0003_wcs.fits,I,120.0,695,529,8.2,8.87,10.03,0.141,0.182,0.261,-31.12338924403266,0.6602668922755297,35.67,70.01,1607.0,14.92298125,14.4348
20250608,/home/knowogrodski/Documentos/observation_HSH/ulens_hsh/ulens_hsh/data/20250608/FBOGLE-2024-BLG-0034i0004_wcs.fits,I,120.0,690,535,7.985,8.61,9.8,0.11,0.161,0.2465,-35.01994907144347,0.5800103887191587,35.08,67.505,1599.0,14.675406249999998,14.4807
20250608,/home/knowogrodski/Documentos/observation_HSH/ulens_hsh/ulens_hsh/data/20250608/FBOGLE-2024-BLG-0034i0005_wcs.fits,I,120.0,674,510,8.03,8.665,9.807500000000001,0.10425,0.148,0.22975,-12.446386580281933,0.48724465485912605,35.53,69.66,1607.0,14.682414999999999,14.42925
20250608,/home/knowogrodski/Documentos/observation_HSH/ulens_hsh/ulens_hsh/data/20250608/FBOGLE-2024-BLG-0034i0006_wcs.fits,I,120.0,777,604,7.27,7.73,8.75,0.107,0.163,0.256,-30.35567931222184,0.5957988493898273,33.995000000000005,65.94,1614.0,14.837736249999999,14.5902
20250608,/home/knowogrodski/Documentos/observation_HSH/ulens_hsh/ulens_hsh/data/20250608/FBOGLE-2024-BLG-0034i0007_wcs.fits,I,120.0,599,450,9.05,9.795,10.91,0.178,0.2115,0.285,-22.3785702015907,0.7519438061548032,38.455,78.0125,1597.0,14.9204925,14.2883
20250608,/home/knowogrodski/Documentos/observation_HSH/ulens_hsh/ulens_hsh/data/20250608/FBOGLE-2024-BLG-0034i0008_wcs.fits,I,120.0,537,395,10.015,10.68,11.835,0.2215,0.264,0.311,2.7230399690128073,0.7892679302342275,38.37,76.14,1583.0,14.5567375,14.2526
20250608,/home/knowogrodski/Documentos/observation_HSH/ulens_hsh/ulens_hsh/data/20250608/FBOGLE-2024-BLG-0034i0009_wcs.fits,I,120.0,645,480,8.862499999999999,9.35,10.192499999999999,0.2245,0.274,0.316,-14.628859317665082,0.7424017859238855,35.04,71.7775,1590.0,14.824603750000001,14.41905
20250608,/home/knowogrodski/Documentos/observation_HSH/ulens_hsh/ulens_hsh/data/20250608/FBOGLE-2024-BLG-0034i0010_wcs.fits,I,120.0,705,541,8.13,8.76,9.72,0.192,0.243,0.293,-12.322039356833939,0.7256897760911004,35.17,66.4,1602.0,14.775982499999998,14.4622
20250608,/home/knowogrodski/Documentos/observation_HSH/ulens_hsh/ulens_hsh/data/20250608/OGLE-2024-BLG-0034i0011.fit,I,120.0,633,468,9.07,9.575,10.5975,0.23875,0.2835,0.327,-18.13446235350279,0.753550053000901,35.96,74.2875,1623.0,14.79346625,14.396650000000001
20250608,/home/knowogrodski/Documentos/observation_HSH/ulens_hsh/ulens_hsh/data/20250608/OGLE-2024-BLG-0034i0012.fit,I,120.0,809,642,7.31,8.015,9.137500000000001,0.102,0.151,0.246,-45.378284651305684,0.606878206956823,34.225,67.3075,1654.0,14.77200375,14.6269
20250608,/home/knowogrodski/Documentos/observation_HSH/ulens_hsh/ulens_hsh/data/20250608/FBOGLE-2024-BLG-0034i0013_wcs.fits,I,120.0,641,487,8.91,9.54,10.745000000000001,0.216,0.259,0.327,-17.277164155958836,0.7663861194216254,35.94,72.095,1604.0,14.682147500000001,14.3715
20250608,/home/knowogrodski/Documentos/observation_HSH/ulens_hsh/ulens_hsh/data/20250608/FBOGLE-2024-BLG-0034i0014_wcs.fits,I,120.0,702,541,8.31,8.96,10.01,0.168,0.207,0.262,-12.551948390129972,0.6994709090053537,36.23,71.4,1617.0,14.743894999999998,14.4367
20250608,/home/knowogrodski/Documentos/observation_HSH/ulens_hsh/ulens_hsh/data/20250608/FBOGLE-2024-BLG-0034i0015_wcs.fits,I,120.0,751,586,8.01,8.52,9.43,0.212,0.257,0.312,-9.64298214345401,0.7848714993411381,34.28,66.0975,1609.0,14.7106475,14.55185
20250608,/home/knowogrodski/Documentos/observation_HSH/ulens_hsh/ulens_hsh/data/20250608/OGLE-2024-BLG-0034i0016.fit,I,120.0,780,603,7.91,8.57,9.665,0.1635,0.216,0.271,-9.618763793064403,0.6788437002594703,34.3,68.32,1657.0,14.7205125,14.6031
20250608,/home/knowogrodski/Documentos/observation_HSH/ulens_hsh/ulens_hsh/data/20250608/FBOGLE-2024-BLG-0034i0017_wcs.fits,I,120.0,898,710,7.2425,7.79,8.8175,0.131,0.176,0.24875,-20.45851365527528,0.6286864908220505,32.474999999999994,64.3025,1641.0,15.2532,14.7235
20250608,/home/knowogrodski/Documentos/observation_HSH/ulens_hsh/ulens_hsh/data/20250608/FBOGLE-2024-BLG-0034i0018_wcs.fits,I,120.0,693,511,9.05,9.46,10.35,0.2555,0.31,0.3535,-6.771694322433917,0.815948017638691,35.59,70.465,1616.0,14.73213125,14.4797
20250608,/home/knowogrodski/Documentos/observation_HSH/ulens_hsh/ulens_hsh/data/20250608/FBOGLE-2024-BLG-0034i0019_wcs.fits,I,120.0,836,660,7.6,8.24,9.3825,0.143,0.185,0.255,-5.213739385374307,0.692608240072289,33.775000000000006,65.5675,1641.0,14.911785,14.6659
20250608,/home/knowogrodski/Documentos/observation_HSH/ulens_hsh/ulens_hsh/data/20250608/FBOGLE-2024-BLG-0034i0020_wcs.fits,I,120.0,895,714,6.952500000000001,7.57,8.66,0.099,0.155,0.238,-31.995905734854414,0.6249603051983957,33.11,64.89750000000001,1642.0,15.32896875,14.71955
20250608,/home/knowogrodski/Documentos/observation_HSH/ulens_hsh/ulens_hsh/data/20250608/FBOGLE-2024-BLG-0034i0021_wcs.fits,I,120.0,767,610,7.91,8.7,9.9075,0.093,0.144,0.23375,-32.7210954208858,0.5246208303428217,35.315,69.495,1632.0,14.81275625,14.5724
20250608,/home/knowogrodski/Documentos/observation_HSH/ulens_hsh/ulens_hsh/data/20250608/FBOGLE-2024-BLG-0034i0022_wcs.fits,I,120.0,603,453,9.26,9.77,10.61,0.211,0.261,0.306,-3.673574535182998,0.7431738996026624,39.37,80.25,1594.0,14.864068750000001,14.2978
20250608,/home/knowogrodski/Documentos/observation_HSH/ulens_hsh/ulens_hsh/data/20250608/FBOGLE-2024-BLG-0034i0023_wcs.fits,I,120.0,674,514,8.2325,8.81,10.004999999999999,0.118,0.162,0.248,-20.824675420203206,0.6250725674510197,36.974999999999994,74.46000000000001,1604.0,14.862751249999999,14.44895
20250608,/home/knowogrodski/Documentos/observation_HSH/ulens_hsh/ulens_hsh/data/20250608/FBOGLE-2024-BLG-0034i0024_wcs.fits,I,120.0,754,580,7.6475,8.195,9.28,0.16675,0.207,0.27825,-20.29076536424361,0.7243366845245323,35.045,68.36,1611.0,15.402383750000002,14.6075
20250608,/home/knowogrodski/Documentos/observation_HSH/ulens_hsh/ulens_hsh/data/20250608/FBOGLE-2024-BLG-0034i0025_wcs.fits,I,120.0,625,471,9.04,9.49,10.335,0.189,0.239,0.291,-12.430604524868306,0.7053594132475101,37.4,78.66499999999999,1595.0,14.78841,14.401
20250608,/home/knowogrodski/Documentos/observation_HSH/ulens_hsh/ulens_hsh/data/20250608/OGLE-2024-BLG-0034i0026.fit,I,120.0,646,492,8.4,9.08,10.3,0.12675,0.168,0.245,-23.005775200742633,0.6003556351963204,37.290000000000006,78.7075,1630.0,14.71549375,14.405650000000001
20250608,/home/knowogrodski/Documentos/observation_HSH/ulens_hsh/ulens_hsh/data/20250608/FBOGLE-2024-BLG-0034i0027_wcs.fits,I,120.0,607,443,9.0,9.66,10.585,0.165,0.207,0.267,-12.43076396152539,0.6483449366206604,39.03,82.585,1601.0,14.2307325,14.3076
20250608,/home/knowogrodski/Documentos/observation_HSH/ulens_hsh/ulens_hsh/data/20250608/FBOGLE-2024-BLG-0034i0028_wcs.fits,I,120.0,602,446,8.84,9.434999999999999,10.36,0.17525,0.22,0.279,-2.655948115871946,0.7045261765576357,38.32,81.4175,1595.0,14.994563750000001,14.36
20250608,/home/knowogrodski/Documentos/observation_HSH/ulens_hsh/ulens_hsh/data/20250608/FBOGLE-2024-BLG-0034v0001_wcs.fits,V,120.0,207,169,8.63,9.36,10.53,0.128,0.168,0.256,-44.02369669588894,0.5665834816451047,35.36,92.88,833.5,15.147657499999998,14.8541
20250608,/home/knowogrodski/Documentos/observation_HSH/ulens_hsh/ulens_hsh/data/20250608/OGLE-2024-BLG-0034v0002.fit,V,120.0,220,182,8.4325,9.2,10.1675,0.1205,0.174,0.27225,-35.22648439585924,0.6780646207378743,32.29,62.872499999999995,843.6,15.5232025,14.9371
20250608,/home/knowogrodski/Documentos/observation_HSH/ulens_hsh/ulens_hsh/data/20250608/OGLE-2024-BLG-0034v0003.fit,V,120.0,228,188,8.0075,8.78,10.0075,0.072,0.1215,0.20500000000000002,-58.36610402412023,0.539594128043224,33.685,70.69999999999999,857.1,15.474172500000002,14.9356
20250608,/home/knowogrodski/Documentos/observation_HSH/ulens_hsh/ulens_hsh/data/20250608/FBOGLE-2024-BLG-0034v0004_wcs.fits,V,120.0,232,189,8.29,8.77,9.71,0.194,0.24,0.301,-20.763444353874664,0.6995622729957472,33.66,69.76,839.9,15.2603875,14.9265
20250608,/home/knowogrodski/Documentos/observation_HSH/ulens_hsh/ulens_hsh/data/20250608/FBOGLE-2024-BLG-0034v0005_wcs.fits,V,120.0,221,187,8.35,9.16,10.215,0.1145,0.163,0.2495,-33.407624510293985,0.45636406620437037,33.86,70.41499999999999,839.3,15.338326250000001,14.8945
20250608,/home/knowogrodski/Documentos/observation_HSH/ulens_hsh/ulens_hsh/data/20250608/FBOGLE-2024-BLG-0034v0006_wcs.fits,V,120.0,245,212,7.5975,8.355,9.3925,0.09275,0.146,0.26375000000000004,-44.833379898227754,0.43736938690954524,30.565,58.955,854.2,15.56640625,15.0777
20250608,/home/knowogrodski/Documentos/observation_HSH/ulens_hsh/ulens_hsh/data/20250608/FBOGLE-2024-BLG-0034v0007_wcs.fits,V,120.0,242,208,7.925,8.725,9.96,0.11275,0.157,0.22725,-31.084758603236867,0.5877185854234218,31.36,59.7875,858.9,15.4504,15.0384
20250608,/home/knowogrodski/Documentos/observation_HSH/ulens_hsh/ulens_hsh/data/20250608/OGLE-2024-BLG-0034v0008.fit,V,120.0,220,179,8.7,10.19,10.96,0.2855,0.345,0.395,-10.32384667218203,0.786234633389228,34.74,87.275,834.0,15.319286250000001,14.8867
20250608,/home/knowogrodski/Documentos/observation_HSH/ulens_hsh/ulens_hsh/data/20250608/OGLE-2024-BLG-0034v0009.fit,V,120.0,189,148,9.465,12.155000000000001,12.945,0.402,0.446,0.50325,-4.983941031925973,0.8693163920786832,35.925,89.85,825.7,15.02393625,14.7941
20250608,/home/knowogrodski/Documentos/observation_HSH/ulens_hsh/ulens_hsh/data/20250608/OGLE-2024-BLG-0034v0010.fit,V,120.0,290,250,7.005,7.640000000000001,8.625,0.09625,0.139,0.224,-31.89111808624261,0.5289703522159195,30.06,55.9675,867.0,15.47935,15.2012
20250608,/home/knowogrodski/Documentos/observation_HSH/ulens_hsh/ulens_hsh/data/20250608/OGLE-2024-BLG-0034v0011.fit,V,120.0,208,168,8.700000000000001,9.875,10.684999999999999,0.24225,0.3105,0.35124999999999995,-5.8657711522844895,0.7143410881156044,32.155,57.91,831.0,15.364987500000002,14.865549999999999
20250608,/home/knowogrodski/Documentos/observation_HSH/ulens_hsh/ulens_hsh/data/20250608/OGLE-2024-BLG-0034v0012.fit,V,120.0,234,193,8.21,8.85,9.89,0.097,0.139,0.22,-30.37549698633575,0.5033299598310568,31.72,58.38,854.4,15.298526250000002,14.9713
20250608,/home/knowogrodski/Documentos/observation_HSH/ulens_hsh/ulens_hsh/data/20250608/OGLE-2024-BLG-0034v0013.fit,V,120.0,233,190,8.4825,9.085,10.07,0.17425,0.2195,0.27775000000000005,-33.66398892728175,0.7255841186207848,32.57,60.295,847.6,15.586591250000001,14.93335
20250608,/home/knowogrodski/Documentos/observation_HSH/ulens_hsh/ulens_hsh/data/20250608/OGLE-2024-BLG-0034v0014.fit,V,120.0,246,207,7.71,8.33,9.325,0.0735,0.135,0.262,-44.963459443681074,0.3878874906574737,31.19,56.445,854.0,15.49773625,15.0149
20250608,/home/knowogrodski/Documentos/observation_HSH/ulens_hsh/ulens_hsh/data/20250608/OGLE-2024-BLG-0034v0015.fit,V,120.0,217,175,8.46,9.25,10.125,0.1295,0.179,0.2365,-17.294004842056605,0.5070635172194777,33.65,64.66499999999999,841.6,15.5914675,14.8553
20250608,/home/knowogrodski/Documentos/observation_HSH/ulens_hsh/ulens_hsh/data/20250608/OGLE-2024-BLG-0034v0016.fit,V,120.0,221,181,8.53,9.24,10.29,0.168,0.207,0.288,-17.53093350581147,0.6797329777282326,35.61,56.13,843.6,15.244286250000002,14.9218
20250614,/home/knowogrodski/Documentos/observation_HSH/ulens_hsh/ulens_hsh/data/20250614/FBOGLE-2024-BLG-0034i0002_wcs.fits,I,300.0,386,158,4.435,9.405,12.3,0.11750000000000001,0.203,0.36875,-15.73868743494812,0.28464099075608035,43.150000000000006,82.6625,1625.0,13.16800875,13.584399999999999
20250614,/home/knowogrodski/Documentos/observation_HSH/ulens_hsh/ulens_hsh/data/20250614/FBOGLE-2024-BLG-0034i0003_wcs.fits,I,300.0,634,216,4.4575,9.129999999999999,11.79,0.1515,0.208,0.3615,-3.8006985458541407,0.37639227407220016,38.275,78.7475,2256.0,13.80113875,13.798449999999999
20250614,/home/knowogrodski/Documentos/observation_HSH/ulens_hsh/ulens_hsh/data/20250614/FBOGLE-2024-BLG-0034i0004_wcs.fits,I,300.0,1713,584,2.765,4.09,5.13,0.27875000000000005,0.4125,0.513,-27.40463991766324,0.034190135034598584,38.5,93.1875,470.7,15.36758125,14.91995
20250614,/home/knowogrodski/Documentos/observation_HSH/ulens_hsh/ulens_hsh/data/20250614/FBOGLE-2024-BLG-0034i0005_wcs.fits,I,300.0,666,252,4.8675,9.934999999999999,11.585,0.11725,0.1925,0.2985,-17.198603847873212,0.3564778811794255,38.905,78.5475,1543.0,13.6018625,13.7546
20250614,/home/knowogrodski/Documentos/observation_HSH/ulens_hsh/ulens_hsh/data/20250614/FBOGLE-2024-BLG-0034i0006_wcs.fits,I,300.0,719,269,4.59,9.64,11.6,0.127,0.201,0.309,-17.507873766073082,0.3843242597347324,38.88,73.69,1616.0,13.755424999999999,13.8267
20250614,/home/knowogrodski/Documentos/observation_HSH/ulens_hsh/ulens_hsh/data/20250614/FBOGLE-2024-BLG-0034i0007_wcs.fits,I,300.0,711,252,5.1775,9.725,11.7975,0.1725,0.2275,0.35224999999999995,-6.211532013303752,0.4696347528305236,40.790000000000006,89.85749999999999,1605.0,13.784758749999998,13.75005
20250614,/home/knowogrodski/Documentos/observation_HSH/ulens_hsh/ulens_hsh/data/20250614/FBOGLE-2024-BLG-0034i0008_wcs.fits,I,300.0,590,218,4.9325,10.21,11.9175,0.14425,0.2065,0.34325,-9.994910664328003,0.39134351508123894,39.065,93.9675,1417.0,13.60635875,13.72805
20250614,/home/knowogrodski/Documentos/observation_HSH/ulens_hsh/ulens_hsh/data/20250614/FBOGLE-2024-BLG-0034i0009_wcs.fits,I,300.0,556,229,5.07,10.17,11.69,0.142,0.211,0.342,-13.131278818234426,0.39186675157295414,36.52,83.51,1312.0,13.74077375,13.6711
20250614,/home/knowogrodski/Documentos/observation_HSH/ulens_hsh/ulens_hsh/data/20250614/FBOGLE-2024-BLG-0034i0010_wcs.fits,I,300.0,528,208,4.82,10.265,11.665000000000001,0.164,0.2465,0.37625,-6.486794163642738,0.45906000074583597,36.760000000000005,75.35000000000001,1280.0,13.83539875,13.716899999999999
20250616,/home/knowogrodski/Documentos/observation_HSH/ulens_hsh/ulens_hsh/data/20250616/FBOGLE-2024-BLG-0034i0016_wcs.fits,I,120.0,1210,740,6.3975,7.33,9.155000000000001,0.2375,0.3005,0.39525,-10.120231885451224,0.7147719647114038,34.08,67.89,1237.0,15.12386,14.911349999999999
20250616,/home/knowogrodski/Documentos/observation_HSH/ulens_hsh/ulens_hsh/data/20250616/FBOGLE-2024-BLG-0034i0017_wcs.fits,I,120.0,1387,882,4.8225,5.595,7.82,0.133,0.199,0.29774999999999996,-28.346565519098586,0.5376586276743394,32.730000000000004,65.2,1253.0,15.165254999999998,15.104800000000001
20250616,/home/knowogrodski/Documentos/observation_HSH/ulens_hsh/ulens_hsh/data/20250616/FBOGLE-2024-BLG-0034i0018_wcs.fits,I,120.0,1346,841,5.13,6.07,8.2,0.16,0.224,0.326,-15.905802055492883,0.5436937810242553,32.27,64.53,1247.0,15.6200725,15.0352
20250616,/home/knowogrodski/Documentos/observation_HSH/ulens_hsh/ulens_hsh/data/20250616/FBOGLE-2024-BLG-0034i0019_wcs.fits,I,120.0,1258,776,5.58,6.52,8.6725,0.192,0.255,0.346,-18.89123423372892,0.6525309887039604,33.275,67.42500000000001,1243.0,15.21805125,14.9697
20250616,/home/knowogrodski/Documentos/observation_HSH/ulens_hsh/ulens_hsh/data/20250616/FBOGLE-2024-BLG-0034i0020_wcs.fits,I,120.0,1136,643,6.39,7.51,9.35,0.197,0.263,0.3545,-8.652197909844245,0.669703524444613,34.8,63.105,1237.0,15.140197500000001,14.8352
20250616,/home/knowogrodski/Documentos/observation_HSH/ulens_hsh/ulens_hsh/data/20250616/FBOGLE-2024-BLG-0034i0021_wcs.fits,I,120.0,1019,527,6.630000000000001,8.86,10.375,0.333,0.403,0.469,-6.362712718211189,0.7611114050031696,36.14,70.045,1226.0,15.07245375,14.7316
20250616,/home/knowogrodski/Documentos/observation_HSH/ulens_hsh/ulens_hsh/data/20250616/FBOGLE-2024-BLG-0034i0022_wcs.fits,I,120.0,1201,728,5.825,6.73,8.67,0.174,0.237,0.333,-14.467890465351077,0.6222566898483891,34.15,65.85,1234.0,15.208764999999998,14.899750000000001
20250616,/home/knowogrodski/Documentos/observation_HSH/ulens_hsh/ulens_hsh/data/20250616/FBOGLE-2024-BLG-0034i0023_wcs.fits,I,120.0,1328,813,5.23,6.15,8.1,0.126,0.19,0.286,-30.00161813871567,0.5045485904932451,34.43,67.76,1247.0,15.155085,14.9604
20250616,/home/knowogrodski/Documentos/observation_HSH/ulens_hsh/ulens_hsh/data/20250616/FBOGLE-2024-BLG-0034i0024_wcs.fits,I,120.0,1179,690,5.97,7.08,9.08,0.182,0.2445,0.353,-24.263096901662745,0.6452943535059357,34.485,65.975,1241.0,15.12548,14.9204
20250616,/home/knowogrodski/Documentos/observation_HSH/ulens_hsh/ulens_hsh/data/20250616/FBOGLE-2024-BLG-0034i0025_wcs.fits,I,120.0,1135,629,5.98,7.35,9.34,0.156,0.22,0.331,-14.315564883171525,0.551565281874006,33.71,61.59,1238.0,15.333739999999999,14.8442
20250616,/home/knowogrodski/Documentos/observation_HSH/ulens_hsh/ulens_hsh/data/20250616/FBOGLE-2024-BLG-0034i0026_wcs.fits,I,120.0,1303,792,5.34,6.27,8.3975,0.137,0.206,0.304,-18.780981784996097,0.5215875092670074,33.655,66.395,1249.0,15.6065075,14.9927
20250616,/home/knowogrodski/Documentos/observation_HSH/ulens_hsh/ulens_hsh/data/20250616/FBOGLE-2024-BLG-0034i0027_wcs.fits,I,120.0,1195,705,5.86,6.85,8.82,0.191,0.26,0.342,-15.254985039762786,0.6330923848329032,33.2,65.15,1239.0,15.38099375,14.9428
20250616,/home/knowogrodski/Documentos/observation_HSH/ulens_hsh/ulens_hsh/data/20250616/FBOGLE-2024-BLG-0034i0028_wcs.fits,I,120.0,1047,557,6.12,8.33,9.96,0.278,0.347,0.416,-5.4392401571124696,0.6814603719758501,32.39,63.16,1220.0,15.2840725,14.8192
20250616,/home/knowogrodski/Documentos/observation_HSH/ulens_hsh/ulens_hsh/data/20250616/FBOGLE-2024-BLG-0034i0029_wcs.fits,I,120.0,1155,657,6.38,7.49,9.47,0.234,0.301,0.385,-10.31165041693579,0.6771866121407374,35.13,65.88,1235.0,15.252134999999999,14.8501
20250616,/home/knowogrodski/Documentos/observation_HSH/ulens_hsh/ulens_hsh/data/20250616/FBOGLE-2024-BLG-0034v0002_wcs.fits,V,120.0,1322,737,3.83,5.11,6.83,0.151,0.261,0.421,-30.982251373559528,0.18550775177487389,32.22,68.01,929.9,16.14102,16.1328
20250616,/home/knowogrodski/Documentos/observation_HSH/ulens_hsh/ulens_hsh/data/20250616/FBOGLE-2024-BLG-0034v0003_wcs.fits,V,120.0,1249,715,3.75,5.05,6.69,0.162,0.282,0.421,-23.72052568515821,0.24126573966954554,33.97,66.1,924.6,16.09624875,16.137
20250616,/home/knowogrodski/Documentos/observation_HSH/ulens_hsh/ulens_hsh/data/20250616/FBOGLE-2024-BLG-0034v0006_wcs.fits,V,120.0,1331,768,4.077500000000001,5.035,6.42,0.18375,0.293,0.42525,-21.519466290923376,0.30789712882433823,31.244999999999997,65.27,927.3,16.456650000000003,16.17615
20250616,/home/knowogrodski/Documentos/observation_HSH/ulens_hsh/ulens_hsh/data/20250616/FBOGLE-2024-BLG-0034v0009_wcs.fits,V,120.0,1193,668,3.64,5.125,7.165,0.148,0.28200000000000003,0.4375,-31.974877830634775,0.22155142984312315,33.375,74.8975,925.0,16.083965,16.0807
20250616,/home/knowogrodski/Documentos/observation_HSH/ulens_hsh/ulens_hsh/data/20250616/FBOGLE-2024-BLG-0034v0010_wcs.fits,V,120.0,1127,627,3.72,4.85,7.395,0.1865,0.311,0.4535,-20.932044264505816,0.27267304041572227,34.79,74.00999999999999,461.8,16.148236250000004,16.0374
20250616,/home/knowogrodski/Documentos/observation_HSH/ulens_hsh/ulens_hsh/data/20250616/FBOGLE-2024-BLG-0034v0013_wcs.fits,V,120.0,1218,665,3.82,4.97,6.61,0.172,0.292,0.436,-8.965581442235619,0.26392107183540847,32.1,68.55,485.1,16.403194999999997,16.0787
20250616,/home/knowogrodski/Documentos/observation_HSH/ulens_hsh/ulens_hsh/data/20250616/FBOGLE-2024-BLG-0034v0015_wcs.fits,V,120.0,1209,661,3.61,4.93,6.79,0.149,0.268,0.431,-32.008018282103215,0.21726170246782664,32.77,65.71,486.5,16.403585,16.1027
20250618,/home/knowogrodski/Documentos/observation_HSH/ulens_hsh/ulens_hsh/data/20250618/OGLE-2024-BLG-0034i0003.fit,I,120.0,1785,1038,4.21,4.915,7.1850000000000005,0.148,0.21,0.303,1.9015837328593006,0.5136614659126056,37.745000000000005,72.4,1671.0,15.254918749999998,15.2614
20250618,/home/knowogrodski/Documentos/observation_HSH/ulens_hsh/ulens_hsh/data/20250618/OGLE-2024-BLG-0034i0004.fit,I,120.0,1562,859,5.865,6.63,8.67,0.286,0.356,0.4215,-5.647042954043642,0.7340651996744179,36.39,71.36500000000001,1726.0,15.3210675,15.1199
20250618,/home/knowogrodski/Documentos/observation_HSH/ulens_hsh/ulens_hsh/data/20250618/OGLE-2024-BLG-0034i0005.fit,I,120.0,1672,983,4.89,5.7,8.16,0.1785,0.242,0.329,10.256743422346592,0.5998021625573416,36.54,70.945,1724.0,15.5044375,15.2123
20250618,/home/knowogrodski/Documentos/observation_HSH/ulens_hsh/ulens_hsh/data/20250618/OGLE-2024-BLG-0034i0006.fit,I,120.0,1620,960,5.74,6.575,8.6025,0.222,0.2815,0.365,3.203023700771981,0.6946414382725238,36.66,70.3275,1764.0,15.66632375,15.145150000000001
20250618,/home/knowogrodski/Documentos/observation_HSH/ulens_hsh/ulens_hsh/data/20250618/OGLE-2024-BLG-0034i0007.fit,I,120.0,1569,913,5.35,6.24,8.68,0.182,0.248,0.336,6.582137993653199,0.6221732340491198,36.93,70.93,1757.0,15.674963750000002,15.1345
20250618,/home/knowogrodski/Documentos/observation_HSH/ulens_hsh/ulens_hsh/data/20250618/OGLE-2024-BLG-0034i0008.fit,I,120.0,1435,828,6.4,7.38,9.29,0.27375000000000005,0.338,0.41025,3.062969211547808,0.7390482952534303,35.59,66.6275,1749.0,15.223849999999999,15.060949999999998
20250618,/home/knowogrodski/Documentos/observation_HSH/ulens_hsh/ulens_hsh/data/20250618/OGLE-2024-BLG-0034i0009.fit,I,120.0,1395,694,5.29,7.27,10.6475,0.28325,0.397,0.5327500000000001,1.8811068894560758,0.6882816248917052,29.66,64.6075,1702.0,15.24151625,15.17205
20250618,/home/knowogrodski/Documentos/observation_HSH/ulens_hsh/ulens_hsh/data/20250618/OGLE-2024-BLG-0034i0010.fit,I,120.0,1708,1007,4.55,5.35,7.5649999999999995,0.155,0.215,0.308,12.938441764920027,0.5797876897917315,37.71,73.675,1710.0,15.37707875,15.187
20250618,/home/knowogrodski/Documentos/observation_HSH/ulens_hsh/ulens_hsh/data/20250618/OGLE-2024-BLG-0034i0011.fit,I,120.0,1434,798,7.13,8.29,10.0525,0.3545,0.4215,0.483,2.4728175784914974,0.7949165531654687,37.46,73.615,1757.0,15.1260625,14.9748
20250618,/home/knowogrodski/Documentos/observation_HSH/ulens_hsh/ulens_hsh/data/20250618/OGLE-2024-BLG-0034i0012.fit,I,120.0,1604,971,5.33,6.15,8.344999999999999,0.214,0.273,0.36,15.866150774545781,0.6804557791558391,37.79,71.74,1337.0,15.787031249999998,15.1075
20250618,/home/knowogrodski/Documentos/observation_HSH/ulens_hsh/ulens_hsh/data/20250618/OGLE-2024-BLG-0034i0013.fit,I,120.0,1577,924,5.5675,6.35,8.3475,0.23375,0.298,0.378,12.664955342679635,0.715674943786205,37.540000000000006,70.7025,1336.0,15.161354999999999,15.09655
20250618,/home/knowogrodski/Documentos/observation_HSH/ulens_hsh/ulens_hsh/data/20250618/OGLE-2024-BLG-0034i0014.fit,I,120.0,1721,1042,4.67,5.425,7.637499999999999,0.142,0.206,0.298,28.57980793904561,0.5464037701824197,37.25,74.095,1350.0,15.81726375,15.1739
20250618,/home/knowogrodski/Documentos/observation_HSH/ulens_hsh/ulens_hsh/data/20250618/OGLE-2024-BLG-0034i0015.fit,I,120.0,1422,828,6.6675,7.635,9.6525,0.276,0.342,0.41725,2.633342930845169,0.7432351490298666,36.8,75.4425,1330.0,15.1375925,14.9605
20250618,/home/knowogrodski/Documentos/observation_HSH/ulens_hsh/ulens_hsh/data/20250618/OGLE-2024-BLG-0034i0016.fit,I,120.0,1598,957,5.1,5.89,8.17,0.165,0.23,0.324,7.662640787613636,0.6078233702693295,37.83,70.83,1342.0,15.783977500000002,15.1133
20250618,/home/knowogrodski/Documentos/observation_HSH/ulens_hsh/ulens_hsh/data/20250618/OGLE-2024-BLG-0034i0017.fit,I,120.0,1511,901,5.3,6.47,8.5,0.225,0.302,0.37,8.731986486646498,0.6664425976965016,36.98,69.99,1733.0,15.30566125,15.0771
20250618,/home/knowogrodski/Documentos/observation_HSH/ulens_hsh/ulens_hsh/data/20250618/OGLE-2024-BLG-0034i0018.fit,I,120.0,1344,732,6.5225,8.135000000000002,9.8925,0.34,0.409,0.47,1.0368505996360387,0.7884757888046297,35.25,69.635,1745.0,14.71359625,14.92085
20250618,/home/knowogrodski/Documentos/observation_HSH/ulens_hsh/ulens_hsh/data/20250618/OGLE-2024-BLG-0034i0019.fit,I,120.0,1516,881,5.82,6.71,8.89,0.259,0.322,0.407,4.554807367804113,0.7449764729510404,36.36,70.74,1748.0,15.2929925,15.0552
20250618,/home/knowogrodski/Documentos/observation_HSH/ulens_hsh/ulens_hsh/data/20250618/OGLE-2024-BLG-0034i0020.fit,I,120.0,1740,1088,4.547499999999999,5.17,7.672499999999999,0.143,0.204,0.297,12.522932091194486,0.5454070333003123,37.835,71.1125,1722.0,15.31084125,15.18545
20250618,/home/knowogrodski/Documentos/observation_HSH/ulens_hsh/ulens_hsh/data/20250618/OGLE-2024-BLG-0034i0021.fit,I,120.0,1485,880,5.717499999999999,6.675,8.844999999999999,0.199,0.2615,0.348,-5.1964458617391,0.6629517125667493,37.224999999999994,68.83,1761.0,15.214231250000001,15.06045
20250618,/home/knowogrodski/Documentos/observation_HSH/ulens_hsh/ulens_hsh/data/20250618/OGLE-2024-BLG-0034i0022.fit,I,120.0,1518,892,5.3475,6.19,8.54,0.167,0.226,0.311,3.1650286702930908,0.5976578494525613,36.625,67.6325,1748.0,15.28025375,15.06865
20250618,/home/knowogrodski/Documentos/observation_HSH/ulens_hsh/ulens_hsh/data/20250618/OGLE-2024-BLG-0034i0023.fit,I,120.0,1563,920,5.18,5.98,8.5125,0.137,0.198,0.29525,12.137354188289917,0.5176126903376737,36.97,70.41,1757.0,15.11764625,15.08215
20250618,/home/knowogrodski/Documentos/observation_HSH/ulens_hsh/ulens_hsh/data/20250618/OGLE-2024-BLG-0034i0024.fit,I,120.0,1400,790,6.57,7.595,9.565000000000001,0.25925,0.325,0.404,0.8983734037504831,0.7040567105489197,36.335,70.96000000000001,1760.0,15.309941250000001,15.0085
20250618,/home/knowogrodski/Documentos/observation_HSH/ulens_hsh/ulens_hsh/data/20250618/OGLE-2024-BLG-0034i0025.fit,I,120.0,1377,754,6.425,7.5,9.537500000000001,0.271,0.33,0.40874999999999995,0.9816825291439802,0.725719317284931,35.22,68.345,1760.0,15.088540000000002,15.029
20250618,/home/knowogrodski/Documentos/observation_HSH/ulens_hsh/ulens_hsh/data/20250618/OGLE-2024-BLG-0034i0026.fit,I,120.0,1298,714,7.365,9.285,10.977500000000001,0.36,0.426,0.50075,-2.894517908312109,0.776351571453261,36.19,67.965,1779.0,15.111473750000002,14.92425
20250618,/home/knowogrodski/Documentos/observation_HSH/ulens_hsh/ulens_hsh/data/20250618/OGLE-2024-BLG-0034i0027.fit,I,120.0,1560,910,5.59,6.34,8.59,0.203,0.263,0.34275,13.393191323066835,0.6574345665948109,37.175,68.5375,1754.0,15.230036249999998,15.0917
20250618,/home/knowogrodski/Documentos/observation_HSH/ulens_hsh/ulens_hsh/data/20250618/OGLE-2024-BLG-0034i0028.fit,I,120.0,1312,700,6.487500000000001,7.73,9.795,0.274,0.3495,0.412,1.416476118118381,0.7327671887869466,34.625,64.765,1748.0,14.972772499999998,14.98265
20250618,/home/knowogrodski/Documentos/observation_HSH/ulens_hsh/ulens_hsh/data/20250618/OGLE-2024-BLG-0034i0029.fit,I,120.0,1508,882,5.54,6.49,8.785,0.14,0.204,0.298,5.69361979920764,0.5365861862558838,37.275,73.33250000000001,1769.0,15.2837425,15.03935
20250618,/home/knowogrodski/Documentos/observation_HSH/ulens_hsh/ulens_hsh/data/20250618/OGLE-2024-BLG-0034i0030.fit,I,120.0,1370,783,6.9,7.8,9.735,0.273,0.342,0.421,6.383508822110776,0.7460623278079302,35.97,70.445,1768.0,15.2476075,14.984
20250618,/home/knowogrodski/Documentos/observation_HSH/ulens_hsh/ulens_hsh/data/20250618/OGLE-2024-BLG-0034i0031.fit,I,120.0,1573,945,5.13,5.88,8.11,0.104,0.173,0.284,34.979763056670414,0.3832627576042703,36.82,73.75,1754.0,15.301031250000001,15.1047
20250618,/home/knowogrodski/Documentos/observation_HSH/ulens_hsh/ulens_hsh/data/20250618/OGLE-2024-BLG-0034i0032.fit,I,120.0,1427,820,5.87,6.855,9.27,0.19675,0.257,0.35024999999999995,8.574200899903454,0.6428586265647483,35.955,70.08250000000001,1751.0,15.270394999999999,15.03745
20250618,/home/knowogrodski/Documentos/observation_HSH/ulens_hsh/ulens_hsh/data/20250618/OGLE-2024-BLG-0034v0001.fit,V,120.0,1380,734,3.8075,5.295,7.92,0.2655,0.371,0.476,-0.7619518411599424,0.3534549487866949,34.31,72.975,947.5,16.400599999999997,16.052999999999997
20250618,/home/knowogrodski/Documentos/observation_HSH/ulens_hsh/ulens_hsh/data/20250618/OGLE-2024-BLG-0034v0002.fit,V,120.0,1356,723,3.5949999999999998,4.87,7.51,0.2575,0.378,0.4845,0.8176326745303765,0.31294650737738894,33.05,67.64500000000001,935.5,16.417976250000002,16.1418
20250618,/home/knowogrodski/Documentos/observation_HSH/ulens_hsh/ulens_hsh/data/20250618/OGLE-2024-BLG-0034v0004.fit,V,120.0,1458,790,3.67,5.0,6.7675,0.211,0.314,0.435,8.75699743886516,0.3139857314558531,33.900000000000006,69.255,936.6,16.3373675,16.14525
20250618,/home/knowogrodski/Documentos/observation_HSH/ulens_hsh/ulens_hsh/data/20250618/OGLE-2024-BLG-0034v0005.fit,V,120.0,1438,789,3.87,5.13,6.99,0.212,0.33,0.455,5.67106795762951,0.25921990705007203,32.72,70.31,928.1,16.441734999999998,16.1341
20250618,/home/knowogrodski/Documentos/observation_HSH/ulens_hsh/ulens_hsh/data/20250618/OGLE-2024-BLG-0034v0006.fit,V,120.0,1653,990,4.2225,4.92,6.36,0.17325,0.281,0.416,33.339418173516854,0.3243550421367647,31.534999999999997,63.2475,937.1,16.52006875,16.30925
20250618,/home/knowogrodski/Documentos/observation_HSH/ulens_hsh/ulens_hsh/data/20250618/OGLE-2024-BLG-0034v0007.fit,V,120.0,1521,836,4.2,5.13,6.67,0.156,0.2625,0.425,6.056898661080282,0.23574452441722235,32.715,66.60749999999999,934.9,16.450125,16.22565
20250618,/home/knowogrodski/Documentos/observation_HSH/ulens_hsh/ulens_hsh/data/20250618/OGLE-2024-BLG-0034v0008.fit,V,120.0,1609,916,4.172499999999999,4.905,6.68,0.14975,0.268,0.42,33.57155346994137,0.26933765800181203,31.165,60.185,934.8,16.308335,16.29175
20250618,/home/knowogrodski/Documentos/observation_HSH/ulens_hsh/ulens_hsh/data/20250618/OGLE-2024-BLG-0034v0009.fit,V,120.0,1562,846,3.9725,4.995,7.075,0.155,0.252,0.42874999999999996,10.297664947304428,0.22922503859867482,31.825,63.7375,936.9,16.524475,16.29085
20250618,/home/knowogrodski/Documentos/observation_HSH/ulens_hsh/ulens_hsh/data/20250618/OGLE-2024-BLG-0034v0010.fit,V,120.0,1527,832,4.1850000000000005,5.1850000000000005,6.84,0.192,0.2965,0.442,16.67774384660903,0.291764096320889,31.59,61.519999999999996,931.7,16.5059125,16.26315
20250618,/home/knowogrodski/Documentos/observation_HSH/ulens_hsh/ulens_hsh/data/20250618/OGLE-2024-BLG-0034v0011.fit,V,120.0,1577,873,4.09,5.02,6.77,0.147,0.264,0.43,34.603996333154036,0.1869378807275983,31.64,65.0,939.4,16.7551525,16.2799
20250618,/home/knowogrodski/Documentos/observation_HSH/ulens_hsh/ulens_hsh/data/20250618/OGLE-2024-BLG-0034v0012.fit,V,120.0,1426,736,3.8175,4.975,7.9125,0.262,0.3745,0.48124999999999996,2.051385916117574,0.2930396249058365,34.349999999999994,69.9,937.3,16.27454875,16.229999999999997
20250618,/home/knowogrodski/Documentos/observation_HSH/ulens_hsh/ulens_hsh/data/20250618/OGLE-2024-BLG-0034v0013.fit,V,120.0,1466,795,3.915,5.27,7.21,0.232,0.335,0.4545,5.168125002011429,0.34546566428666053,32.32,65.08,938.5,16.541800000000002,16.1681
20250618,/home/knowogrodski/Documentos/observation_HSH/ulens_hsh/ulens_hsh/data/20250618/OGLE-2024-BLG-0034v0014.fit,V,120.0,1503,813,4.04,5.16,6.83,0.22,0.317,0.437,12.725895724108936,0.34583315780209045,31.67,60.54,934.2,16.540518749999997,16.255
20250618,/home/knowogrodski/Documentos/observation_HSH/ulens_hsh/ulens_hsh/data/20250618/OGLE-2024-BLG-0034v0015.fit,V,120.0,1562,871,4.22,5.23,6.835,0.1955,0.302,0.438,12.960063071616823,0.31042753392313593,32.73,65.74000000000001,940.1,16.49719375,16.2497
20250618,/home/knowogrodski/Documentos/observation_HSH/ulens_hsh/ulens_hsh/data/20250618/OGLE-2024-BLG-0034v0016.fit,V,120.0,1504,843,4.06,5.28,6.89,0.2365,0.347,0.4625,5.334546903450601,0.3709989970089568,33.08,67.67,937.6,16.91105875,16.2401
20250618,/home/knowogrodski/Documentos/observation_HSH/ulens_hsh/ulens_hsh/data/20250618/OGLE-2024-BLG-0034v0017.fit,V,120.0,1465,801,3.91,5.08,6.69,0.221,0.341,0.456,2.4071451856038895,0.3386871942466865,32.12,66.99,924.8,16.49658125,16.2204
20250618,/home/knowogrodski/Documentos/observation_HSH/ulens_hsh/ulens_hsh/data/20250618/OGLE-2024-BLG-0034v0018.fit,V,120.0,1484,802,3.9,5.155,6.965,0.25425,0.363,0.46475,0.8212695645049135,0.3829465700837733,32.795,66.1725,928.4,16.432401249999998,16.181150000000002
20250618,/home/knowogrodski/Documentos/observation_HSH/ulens_hsh/ulens_hsh/data/20250618/OGLE-2024-BLG-0034v0019.fit,V,120.0,1375,713,3.76,5.02,7.46,0.277,0.391,0.485,4.322272046776834,0.3502446000226176,32.14,63.39,928.9,16.313025000000003,16.2243
20250618,/home/knowogrodski/Documentos/observation_HSH/ulens_hsh/ulens_hsh/data/20250618/OGLE-2024-BLG-0034v0021.fit,V,120.0,1588,907,4.18,4.79,6.475,0.142,0.263,0.425,27.172939902278884,0.22603581854031374,30.6,63.42,536.9,16.4063025,16.3067
20250618,/home/knowogrodski/Documentos/observation_HSH/ulens_hsh/ulens_hsh/data/20250618/OGLE-2024-BLG-0034v0022.fit,V,120.0,1372,775,3.865,5.27,7.6,0.2615,0.389,0.488,-4.8062479063220085,0.3642781395412527,33.75,72.64,528.5,16.323425,16.1982
20250618,/home/knowogrodski/Documentos/observation_HSH/ulens_hsh/ulens_hsh/data/20250618/OGLE-2024-BLG-0034v0023.fit,V,120.0,1506,852,4.1274999999999995,5.14,6.64,0.15875,0.272,0.4375,10.590933834323824,0.25635984419191243,31.615000000000002,70.705,533.2,16.658085,16.2282
20250618,/home/knowogrodski/Documentos/observation_HSH/ulens_hsh/ulens_hsh/data/20250618/OGLE-2024-BLG-0034v0024.fit,V,120.0,1562,902,4.21,4.98,6.6,0.18125,0.2735,0.42,-0.5620614413721409,0.32327666535932315,33.49,74.5175,535.5,16.28259,16.2174
20250618,/home/knowogrodski/Documentos/observation_HSH/ulens_hsh/ulens_hsh/data/20250618/OGLE-2024-BLG-0034v0025.fit,V,120.0,1508,862,4.1025,5.17,6.7675,0.18425,0.302,0.43174999999999997,4.005425765151065,0.31758345475377625,32.150000000000006,67.6175,536.3,16.309965,16.2817
20250618,/home/knowogrodski/Documentos/observation_HSH/ulens_hsh/ulens_hsh/data/20250618/OGLE-2024-BLG-0034v0026.fit,V,120.0,1448,749,3.95,5.05,6.5,0.208,0.308,0.44,2.8192444328010158,0.2859612256644881,31.01,71.99,521.5,16.3630425,16.257
20250618,/home/knowogrodski/Documentos/observation_HSH/ulens_hsh/ulens_hsh/data/20250618/OGLE-2024-BLG-0034v0027.fit,V,120.0,1401,731,3.855,5.14,7.69,0.276,0.384,0.478,-6.540720032882147,0.35190260296672315,32.54,68.73,525.8,16.5141425,16.2509
20250618,/home/knowogrodski/Documentos/observation_HSH/ulens_hsh/ulens_hsh/data/20250618/OGLE-2024-BLG-0034v0028.fit,V,120.0,1619,946,4.1,4.86,6.7175,0.17025,0.277,0.41474999999999995,6.494682459432905,0.3184348087023398,31.585,67.2875,445.8,16.921406249999997,16.270049999999998
20250618,/home/knowogrodski/Documentos/observation_HSH/ulens_hsh/ulens_hsh/data/20250618/OGLE-2024-BLG-0034v0029.fit,V,120.0,1462,795,4.18,5.37,8.135000000000002,0.277,0.399,0.506,-2.2941367066328358,0.4378135075285224,33.08,71.6,534.3,16.40779125,16.1927
20250618,/home/knowogrodski/Documentos/observation_HSH/ulens_hsh/ulens_hsh/data/20250618/OGLE-2024-BLG-0034v0030.fit,V,120.0,1502,825,3.99,5.53,7.12,0.224,0.335,0.434,6.741450044475197,0.36636931678881446,31.19,69.93,443.7,16.415253749999998,16.2116
20250618,/home/knowogrodski/Documentos/observation_HSH/ulens_hsh/ulens_hsh/data/20250618/OGLE-2024-BLG-0034v0031.fit,V,120.0,1589,913,4.23,5.29,6.88,0.226,0.322,0.447,0.2882827789979907,0.38320493277693507,31.76,62.42,537.9,16.384128750000002,16.3065
20250618,/home/knowogrodski/Documentos/observation_HSH/ulens_hsh/ulens_hsh/data/20250618/OGLE-2024-BLG-0034v0032.fit,V,120.0,1729,1017,3.89,4.63,6.5,0.127,0.244,0.402,34.73294402200033,0.193486693602971,30.79,64.33,542.8,16.64319125,16.3585
