objid,RA,Dec,r,dr,g,dg,i,di,dupvar,x,y
75972769431508543,276.94315051,-26.68479999,18.044,0.014,18.718,0.013,17.831,0.01,2,546.7341613203091,954.3842812214152
75972769455643572,276.9455648,-26.68894299,18.442,0.173,18.823,0.239,18.321,0.159,2,532.9472808222035,981.1149852444187
75972769425755457,276.94257506,-26.68737188,16.146,0.013,16.907,0.01,15.805,0.01,2,550.1129317905535,970.9395030721985
75972769406751429,276.94067561,-26.69072867,16.623,0.014,17.608,0.012,16.216,0.014,2,561.1316610683294,992.5258796883804
75972769383810557,276.93838178,-26.69145543,18.125,0.012,18.836,0.012,17.817,0.01,2,574.3515832455199,997.1647581130189
75972769368879504,276.93688747,-26.6839999,18.23,0.01,18.739,0.026,17.903,0.012,2,582.7598070323063,949.1151721301729
75972769349864752,276.93498692,-26.68795959,16.547,0.013,17.691,0.011,16.059,0.017,2,593.7996662500584,974.5853839372207
75972769349462776,276.93494624,-26.68960633,16.852,0.012,17.389,0.011,16.608,0.013,2,594.0759485214194,985.1915374791923
75972769331633000,276.93316361,-26.68941908,17.107,0.018,17.86,0.012,16.7,0.014,2,604.3304639715541,983.953007261473
75972769295780674,276.92957813,-26.691358,18.081,0.013,18.513,0.028,17.755,0.01,2,625.0145693296804,996.377095055013
75972769290399369,276.92903929,-26.68411206,18.292,0.011,18.928,0.015,18.013,0.013,2,627.9322722942153,949.6952348335578
75972769276292486,276.9276291,-26.68984785,18.338,0.012,18.93,0.017,18.103,0.011,2,636.1932424950803,986.6150216393426
75972769231585212,276.92315881,-26.68757598,18.497,0.138,18.936,0.196,18.342,0.126,2,661.8635458767493,971.9020012768539
75972769222593143,276.92225932,-26.68930053,16.053,0.011,17.162,0.011,15.578,0.01,2,667.0833835404425,982.9941847924049
75972769182460293,276.91824622,-26.69167565,16.816,0.011,17.478,0.011,16.525,0.011,2,690.238234887658,998.2221931448616
75972769176597888,276.9176593,-26.68534641,16.9,0.01,18.036,0.012,16.435,0.014,2,693.4594606031526,957.4443555221635
75972769167631336,276.91676338,-26.69080598,18.167,0.017,18.733,0.019,17.861,0.012,2,698.7505758394502,992.5946525962241
75972769143813741,276.91438192,-26.68880177,17.467,0.011,18.408,0.015,17.076,0.012,2,712.4068539847685,979.6439007800761
75972769120954765,276.91209511,-26.68794832,18.195,0.015,18.975,0.012,17.861,0.012,2,725.5470124804443,974.1072509208809
75972769117766657,276.91177628,-26.68637217,18.397,0.168,18.869,0.228,18.224,0.155,2,727.3434421202982,963.9495485000778
75972769089345395,276.90893487,-26.68742389,16.376,0.01,17.444,0.01,15.889,0.01,2,743.7221925789701,970.6751890480311
75972769080803480,276.90808091,-26.68901939,15.984,0.01,16.913,0.013,15.566,0.01,2,748.6756415871732,980.9374985883981
75972769049736270,276.90497318,-26.68669409,18.186,0.023,18.639,0.025,17.737,0.077,2,766.5051703110494,965.9072159964642
75972769007302572,276.90073092,-26.68977619,14.889,0.01,16.082,0.01,14.32,0.01,2,790.9942351649438,985.6883012865014
75972768989218692,276.89892163,-26.68467614,17.97,0.012,18.867,0.015,17.606,0.021,2,801.2856517740272,952.807975867081
75972768964295359,276.89642998,-26.68745352,14.709,0.011,15.837,0.01,14.193,0.01,2,815.6918123404325,970.6562745879278
75972768945120399,276.89451235,-26.69158738,18.291,0.013,18.992,0.013,17.958,0.018,2,826.8256846381485,997.2515667130384
75972768917568646,276.89175694,-26.6847143,17.328,0.011,18.21,0.012,16.915,0.011,2,842.5222221366337,952.9359537286279
75972768915090023,276.89150989,-26.69190016,14.231,0.009,14.811,0.009,13.99,0.011,2,844.1123300071775,999.2171790975962
75972768909304574,276.89093046,-26.6881075,18.193,0.017,18.888,0.034,17.901,0.017,2,847.3582895231801,974.77864247012
75972768872915261,276.88729144,-26.68753554,18.267,0.012,18.864,0.018,17.954,0.013,2,868.2884236989387,971.035743243936
75972768871197533,276.88711968,-26.68564197,17.508,0.01,18.038,0.013,17.338,0.019,2,869.2330340789307,958.8362004954197
75972768867599504,276.88675961,-26.68399976,14.125,0.013,15.422,0.01,13.361,0.037,2,871.2673111285733,948.252684085642
75972768802481703,276.8802485,-26.69050069,15.353,0.01,16.247,0.01,14.939,0.011,2,908.8901276733252,990.0226113655433
75972768773423534,276.877342,-26.68897436,16.204,0.012,17.318,0.013,15.715,0.011,2,925.5827236798993,980.1456544065868
75972768741144516,276.87411408,-26.68815579,16.331,0.012,16.927,0.011,16.096,0.01,2,944.1415782636352,974.8228925364942
75962769446358959,276.94463544,-26.69278728,15.637,0.011,16.581,0.011,15.19,0.01,2,538.396209501426,1005.8592512846352
75962769420178224,276.94201798,-26.69339957,15.48,0.012,16.592,0.01,14.991,0.01,2,553.475538484111,1009.7543972934116
75962769396678037,276.93966753,-26.69355558,17.935,0.013,18.577,0.012,17.632,0.011,2,567.0062955363449,1010.7158087989319
75962769252942895,276.92529408,-26.69784001,17.377,0.011,18.043,0.015,17.076,0.01,2,649.8323199337503,1038.0520516206402
75962769250255089,276.92502545,-26.69601214,18.064,0.022,18.706,0.014,17.738,0.012,2,651.3323306184661,1026.2736871215402
75962769231125677,276.92311201,-26.69552195,17.323,0.011,18.025,0.021,16.967,0.01,2,662.3315826207463,1023.0823590262585
75962769166712397,276.91667131,-26.69825511,18.311,0.138,18.507,0.196,18.299,0.126,2,699.464295496272,1040.5740285537563
75962769130648336,276.91306499,-26.69330578,18.098,0.012,18.657,0.013,17.89,0.01,2,720.0963783320879,1008.6321673120361
75962769107496288,276.91074926,-26.69501318,17.812,0.011,18.422,0.011,17.547,0.011,2,733.4649484721822,1019.5899855700459
75962769063109577,276.90631085,-26.69227188,15.943,0.014,16.779,0.011,15.551,0.011,2,758.9412304925995,1001.8572334336695
75962769043582659,276.904358,-26.69803689,15.726,0.011,16.727,0.011,15.314,0.01,2,770.3186201331478,1038.9575643523258
75962769006898840,276.90068988,-26.69288584,17.774,0.015,18.387,0.011,17.522,0.012,2,791.3046687606948,1005.7173532078964
75972769531508002,276.95315023,-26.6852514,18.26,0.025,18.952,0.017,17.971,0.012,2,489.19390711517553,957.4801351154639
75972769567439244,276.95674334,-26.68421604,17.605,0.013,18.547,0.015,17.222,0.013,2,468.48662145289876,950.8799791795393
75982768674128386,276.86741221,-26.67659779,18.284,0.012,18.992,0.016,17.861,0.015,2,982.4558639659394,900.2731826094775
75982768704181630,276.87041845,-26.68222789,15.744,0.011,16.755,0.011,15.283,0.01,2,965.2783164225959,936.5834142881006
75982768749550171,276.8749556,-26.68344376,16.062,0.013,16.923,0.01,15.676,0.014,2,939.1920477410112,944.4850024636967
75982768760415219,276.87604159,-26.67923711,16.632,0.011,17.554,0.01,16.209,0.015,2,932.8464574083434,917.4061887179821
75982768774779649,276.87747795,-26.67554543,17.462,0.107,18.021,0.12,17.238,0.105,2,924.4954061752069,893.6499130903941
75982768899527094,276.88995281,-26.6776742,17.907,0.116,18.534,0.149,17.642,0.109,2,852.7414453382704,907.5602735186135
75982768915472151,276.89154755,-26.68179357,17.827,0.031,18.377,0.014,17.509,0.013,2,843.6589599001975,934.1196697593289
75982768965539956,276.89655303,-26.67528978,17.302,0.01,17.85,0.011,17.09,0.01,2,814.6957565109332,892.3097827169574
75982768988429545,276.89884217,-26.67563216,17.215,0.012,18.138,0.013,16.803,0.011,2,801.5278946729056,894.5529955593579
75982768994465288,276.89944642,-26.67917995,17.702,0.013,18.532,0.014,17.313,0.048,2,798.1343983452015,917.4148939201432
75982769007219461,276.90072163,-26.67570241,17.009,0.011,17.784,0.013,16.616,0.013,2,790.7116683506035,895.0367728110186
75982769029830974,276.90298394,-26.68277417,18.202,0.162,18.663,0.242,18.035,0.144,2,777.8597992738644,940.62492587642
75982769052326738,276.90523223,-26.67797092,17.956,0.015,18.646,0.013,17.661,0.012,2,764.803998242237,909.7243243785108
75982769070705853,276.90707021,-26.67870863,16.113,0.011,17.168,0.011,15.636,0.011,2,754.2429176650681,914.5071488719691
75982769088940903,276.90889421,-26.6828341,18.295,0.024,18.948,0.014,17.948,0.015,2,743.8447224368936,941.1109612202763
75982769129028885,276.91290287,-26.67618201,18.335,0.16,18.463,0.213,18.361,0.149,2,720.610001915429,898.3325842947395
75982769134033558,276.91340363,-26.68062158,15.321,0.01,16.074,0.01,14.928,0.012,2,717.8365542283498,926.9371579216892
75982769163708340,276.91637007,-26.67663594,17.15,0.012,17.811,0.013,16.759,0.013,2,700.6646001156232,901.3164538911151
75982769250344387,276.92503402,-26.67993054,17.735,0.01,18.675,0.014,17.313,0.012,2,650.8793288802831,922.6898549255033
75982769268183905,276.92681864,-26.68033191,18.148,0.109,18.917,0.131,17.8,0.104,2,640.6178211704568,925.3069485770062
75982769313474612,276.93134744,-26.67974262,17.47,0.013,18.267,0.019,17.066,0.011,2,614.5368220039804,921.5926140761487
75982769331785734,276.93317825,-26.67880799,18.199,0.014,18.761,0.019,17.94,0.01,2,603.9754904957049,915.6056824407809
75982769340553692,276.93405584,-26.68050945,18.393,0.123,18.862,0.172,18.221,0.113,2,598.9678399145139,926.5809823003771
75982769354610610,276.93546188,-26.68307774,16.547,0.012,17.638,0.016,16.106,0.012,2,590.9410522507787,943.1493358886075
75982769389934113,276.9389939,-26.68015847,17.95,0.011,18.87,0.017,17.564,0.011,2,570.5372734235076,924.4106483866478
75982769408976310,276.94089774,-26.67832805,18.261,0.014,18.962,0.012,17.965,0.012,2,559.5320839339006,912.6557870215173
75982769456883118,276.94568824,-26.68098767,18.253,0.037,18.794,0.02,18.097,0.085,2,532.0288826449416,929.8759255094925
75982769456896906,276.945689,-26.67783092,18.139,0.022,18.841,0.014,17.857,0.035,2,531.941980028143,909.5428580384789
75982769473954981,276.94739593,-26.67943541,15.965,0.011,16.953,0.011,15.544,0.013,2,522.1594277450173,919.9096219615307
75982769496320011,276.94963288,-26.68357739,17.898,0.011,18.71,0.01,17.546,0.012,2,509.39342662201744,946.6308627470761
75982769507537338,276.95075392,-26.6774711,18.297,0.03,18.967,0.012,18.087,0.011,2,502.7801438159253,907.3205813104407
75982769522265247,276.95222625,-26.6792134,16.847,0.011,17.443,0.013,16.614,0.012,2,494.35190058112863,918.5709265646083
75982769592789018,276.95927815,-26.67607097,18.092,0.014,18.643,0.013,17.784,0.01,2,453.6792264089962,898.4652744574256
75982769613210727,276.96132182,-26.68298002,16.895,0.011,17.59,0.01,16.634,0.011,2,442.1022977918588,943.0070419035744
75982769665559339,276.96655531,-26.6758035,18.082,0.016,18.888,0.016,17.789,0.011,2,411.7859192099246,896.8843205891245
75982769729459975,276.97294546,-26.6752735,18.146,0.015,18.822,0.012,17.88,0.01,2,374.9906924567565,893.5970531781309
75992768522828333,276.85228299,-26.6683091,16.892,0.01,17.52,0.011,16.62,0.013,2,1069.3593048035164,846.6597762766037
75992768556139222,276.85561391,-26.66756827,18.042,0.011,18.644,0.012,17.764,0.011,2,1050.169717229494,841.9365397282494
75992768569995771,276.85699971,-26.67044382,17.983,0.059,18.697,0.018,17.821,0.033,2,1042.2549853236694,860.4787778571269
75992768601135677,276.86011387,-26.67052212,17.907,0.01,18.717,0.011,17.592,0.012,2,1024.3311747673579,861.0291751263342
75992768642741678,276.86427413,-26.67385492,16.082,0.01,17.224,0.013,15.594,0.01,2,1000.4576379241478,882.5584817032777
75992768651779590,276.86517785,-26.66726128,17.892,0.019,18.755,0.014,17.51,0.01,2,995.1102452716606,840.1014065870846
75992768660244062,276.86602459,-26.671868,15.477,0.01,15.979,0.01,15.258,0.013,2,990.3380974650502,869.7868177196444
75992768694691732,276.86946938,-26.67380916,18.031,0.019,18.701,0.017,17.795,0.01,2,970.5529765216319,882.3425084763629
75992768705576625,276.87055762,-26.66973222,17.821,0.014,18.774,0.012,17.397,0.01,2,964.197968431371,856.0989453978311
75992768782765164,276.87827621,-26.67094922,18.325,0.013,18.938,0.017,18.037,0.037,2,919.7961860628741,864.0575022396739
75992768808848560,276.88088476,-26.66811933,15.748,0.009,16.349,0.009,15.498,0.01,2,904.7163739403675,845.870788808983
75992768815546220,276.8815542,-26.67006989,18.116,0.013,18.653,0.013,17.806,0.013,2,900.9076028961449,858.4452342785733
75992768834373694,276.88343733,-26.67217455,17.814,0.01,18.363,0.011,17.618,0.017,2,890.1164547359037,872.0315586640543
75992768872794374,276.88727997,-26.67160758,17.195,0.013,18.031,0.013,16.761,0.012,2,867.9849268168598,868.4410871013793
75992768889873415,276.88898711,-26.67240716,16.053,0.012,17.142,0.013,15.573,0.011,2,858.1771380798479,873.6188279300569
75992768890591458,276.88905994,-26.67403753,18.425,0.12,18.993,0.159,18.196,0.111,2,857.7958958484817,884.1214700673595
75992768917872348,276.89178708,-26.67329584,18.413,0.022,18.885,0.016,17.981,0.033,2,842.0812651026957,879.3883778166942
75992768929279508,276.89292776,-26.66732985,16.844,0.01,17.469,0.013,16.534,0.012,2,835.3754342694607,840.9791286378593
75992768950378512,276.89503786,-26.66815941,16.364,0.011,17.283,0.01,15.907,0.013,2,823.2486820310576,846.3570288919652
75992768998359111,276.89983525,-26.66766051,17.882,0.011,18.452,0.024,17.519,0.032,2,795.6218891844876,843.222898363239
75992768999952126,276.89999575,-26.67348161,16.616,0.01,17.52,0.011,16.19,0.015,2,794.8367838125939,880.7201597970381
75992769010285983,276.90102875,-26.67026702,17.766,0.015,18.72,0.013,17.361,0.01,2,788.8140686061818,860.0317283462981
75992769172821531,276.91728238,-26.67397688,17.709,0.012,18.357,0.013,17.303,0.049,2,695.3478153671429,884.2049407871868
75992769177309046,276.91773088,-26.66771421,17.731,0.012,18.335,0.018,17.46,0.013,2,692.6113774267396,843.8739804171156
75992769241117900,276.92411173,-26.66866939,17.52,0.104,18.255,0.119,17.193,0.102,2,655.9055371108155,850.1387460421631
75992769282014147,276.9282011,-26.67179712,18.518,0.138,18.927,0.198,18.381,0.124,2,632.445311912936,870.3578544394741
75992769382739553,276.9382737,-26.66729199,18.009,0.011,18.891,0.012,17.59,0.011,2,574.3509062459405,841.522539567076
75992769428911802,276.94289135,-26.6737514,17.491,0.011,18.374,0.013,17.08,0.021,2,547.9384367054809,883.2138965588083
75992769452924135,276.94529216,-26.6718073,17.611,0.01,18.335,0.014,17.208,0.011,2,534.0687283432119,870.7364329469993
75992769587593764,276.95875986,-26.67211661,17.944,0.02,18.677,0.012,17.597,0.011,2,456.55642495146895,872.9846704659541
75992769617751680,276.96177575,-26.67385277,17.206,0.015,18.126,0.012,16.757,0.01,2,439.2436956381411,884.2259534466638
75992769637004920,276.96370096,-26.67115296,18.066,0.013,18.819,0.014,17.792,0.011,2,428.08928141764363,866.8736124313123
75992769670251179,276.96702556,-26.67427074,17.532,0.012,18.594,0.013,17.134,0.01,2,409.03751771021297,887.0208474331903
75992769675926122,276.96759299,-26.67015158,18.393,0.013,18.991,0.032,18.109,0.011,2,405.6592030244287,860.4999355247852
75992769766834963,276.9766838,-26.671117,18.088,0.119,18.764,0.146,17.796,0.114,2,353.35817028096756,866.899339827061
76002768504403243,276.85044024,-26.66421668,17.993,0.148,18.845,0.214,17.598,0.133,2,1079.8792843532224,820.2731746387802
76002768539934172,276.85399382,-26.6634431,17.89,0.013,18.957,0.014,17.389,0.011,2,1059.4066318001428,815.3419632501093
76002768552157662,276.85521577,-26.66053441,18.491,0.142,18.961,0.209,18.318,0.127,2,1052.3097153658289,796.6244756644176
76002768554872475,276.85548799,-26.66485713,17.365,0.013,17.738,0.011,17.176,0.021,2,1050.8359980522791,824.471802096512
76002768564026223,276.85640246,-26.66173385,18.04,0.014,18.87,0.015,17.642,0.013,2,1045.5043339489275,804.3676681602209
76002768568500715,276.85685,-26.66632389,16.324,0.01,17.202,0.011,15.899,0.01,2,1043.0274790706603,833.9394382448054
76002768579552359,276.8579558,-26.66495361,14.469,0.01,15.334,0.01,14.025,0.01,2,1036.632353688682,825.1295405405463
76002768603471602,276.86034776,-26.66558496,18.124,0.114,18.753,0.172,17.858,0.1,2,1022.8770411499722,829.2316090137209
76002768625046933,276.86250465,-26.6611423,17.007,0.102,17.673,0.11,16.72,0.101,2,1010.3636537072767,800.6479042484839
76002768625124969,276.86251256,-26.66277882,17.471,0.01,18.118,0.011,17.18,0.012,2,1010.354040893842,811.1891097348209
76002768633948946,276.86339478,-26.65946495,18.119,0.114,18.862,0.147,17.786,0.107,2,1005.2026382564454,789.8571675297466
76002768649651770,276.86496524,-26.66544457,18.097,0.012,18.597,0.012,17.906,0.016,2,996.2939885881738,828.3964805394976
76002768652179015,276.86521795,-26.65940725,17.21,0.012,17.782,0.011,16.903,0.012,2,994.7059494661162,789.5129528054338
76002768663313055,276.86633128,-26.66437335,18.197,0.013,18.961,0.024,17.883,0.013,2,988.4068201656779,821.5172224950674
76002768682742797,276.86827419,-26.6645885,17.82,0.012,18.354,0.017,17.526,0.026,2,977.2273684358918,822.9325401017052
76002768701805763,276.87018091,-26.66211726,18.408,0.022,18.954,0.018,18.314,0.012,2,966.1962795849121,807.0440107492964
76002768709641854,276.87096477,-26.66537491,17.355,0.011,18.15,0.011,16.925,0.01,2,961.7568456726451,828.0390674531051
76002768722868411,276.87228609,-26.65991082,18.422,0.079,18.988,0.013,18.126,0.017,2,954.0281906542234,792.8643240593638
76002768758476355,276.87584711,-26.66162371,14.765,0.01,15.932,0.009,14.258,0.012,2,933.5673648477485,803.9524791029154
76002768767204044,276.87672088,-26.66354938,15.267,0.01,16.265,0.01,14.854,0.012,2,928.5810937743715,816.3696429745187
76002768804996450,276.88049968,-26.66154463,17.087,0.01,17.895,0.014,16.682,0.012,2,906.7827098932255,803.5160432734061
76002768810952279,276.88109576,-26.66502016,18.594,0.146,18.993,0.208,18.463,0.132,2,903.4308760533536,825.9118863581263
76002768815718787,276.88157133,-26.65959712,17.922,0.012,18.649,0.017,17.445,0.016,2,900.569058444213,790.9887661622708
76002768861341858,276.88613441,-26.66537135,18.298,0.011,18.991,0.012,18.027,0.01,2,874.4345309340562,828.2541700361786
76002768900355925,276.89003509,-26.66198174,17.147,0.104,17.87,0.109,16.827,0.103,2,851.9016356383266,806.4840564000449
76002768949776427,276.89497738,-26.66156407,18.194,0.11,18.869,0.127,17.902,0.106,2,823.441255769712,803.8744456136311
76002768959489869,276.89594834,-26.65869536,17.191,0.01,18.239,0.016,16.705,0.012,2,817.7840543299851,785.412626228923
76002768978417812,276.89784124,-26.66040957,18.525,0.138,18.904,0.171,18.405,0.132,2,806.9278543916805,796.4853828128155
76002768979165001,276.89791663,-26.66275211,18.11,0.016,18.766,0.014,17.865,0.013,2,806.5494626939108,811.5752863273381
76002769019807993,276.90198008,-26.66025856,18.211,0.143,18.769,0.203,17.987,0.129,2,783.0984904752565,795.5816393994822
76002769069729587,276.90697202,-26.65893041,18.123,0.111,18.644,0.127,17.921,0.108,2,754.329603739259,787.1109980600947
76002769071727284,276.90717219,-26.66084947,15.67,0.016,16.674,0.011,15.231,0.011,2,753.2237300776591,799.4753486105493
76002769105477683,276.91054727,-26.66051722,17.29,0.01,18.022,0.011,16.962,0.012,2,733.7866469665407,797.3928520982213
76002769107399568,276.91073966,-26.65894614,15.581,0.01,16.524,0.01,15.14,0.012,2,732.640826263696,787.2765899223241
76002769121093858,276.9121095,-26.66370473,15.529,0.011,16.606,0.011,15.069,0.01,2,724.8714250299497,817.9509009399052
76002769148257672,276.91482511,-26.66052592,17.045,0.01,18.203,0.013,16.536,0.011,2,709.1609798222122,797.5226034870323
76002769149983114,276.91499898,-26.66432446,17.648,0.01,18.398,0.013,17.331,0.012,2,708.2535070151245,821.992574724054
76002769162550403,276.91625599,-26.6665835,17.402,0.012,18.55,0.013,16.936,0.01,2,701.0733327529167,836.5652111840647
76002769191426711,276.91914269,-26.66132686,17.189,0.011,17.792,0.012,16.937,0.011,2,684.3262049931286,802.7568103566408
76002769211577728,276.92115761,-26.66047938,16.482,0.013,17.06,0.011,16.239,0.011,2,672.7060629589353,797.3334651485985
76002769254227159,276.9254221,-26.66095383,18.246,0.01,18.953,0.017,17.908,0.011,2,648.1689549665635,800.4649885833921
76002769274526577,276.92745287,-26.66143887,18.148,0.012,18.896,0.012,17.791,0.011,2,636.4908787484375,803.6254535594792
76002769326988634,276.93269837,-26.65972488,18.276,0.119,18.964,0.165,17.976,0.109,2,606.2511297331077,792.6798952554027
76002769335670254,276.93356709,-26.66670796,18.441,0.111,18.886,0.143,18.283,0.104,2,601.4285064229414,837.6746920368514
76002769339306740,276.93393056,-26.66130277,16.382,0.01,17.308,0.011,15.941,0.01,2,599.1981583902491,802.8656905917532
76002769362733339,276.93627375,-26.66413732,16.559,0.011,17.527,0.012,16.087,0.01,2,585.7821787016353,821.1661790070132
76002769366180910,276.93661881,-26.66616111,18.396,0.119,18.911,0.144,18.198,0.114,2,583.8478492348215,834.2080171088529
76002769387595734,276.93875984,-26.66214119,15.497,0.01,16.486,0.011,15.078,0.01,2,571.4196936493659,808.3544394803869
76002769388828703,276.93888285,-26.65966713,17.851,0.013,18.659,0.012,17.513,0.01,2,570.647751608885,792.4209290565999
76002769404444688,276.94044478,-26.66301324,17.8,0.012,18.384,0.012,17.572,0.011,2,561.742857838096,814.0025163067705
76002769444534105,276.94445328,-26.66349869,17.248,0.011,17.865,0.012,17.001,0.01,2,538.680656405899,817.2038177415589
76002769475792933,276.94757957,-26.6644756,18.421,0.122,18.934,0.151,18.223,0.116,2,520.7099323561877,823.5548001308434
76002769517313805,276.95173179,-26.66374905,17.862,0.016,18.527,0.016,17.509,0.01,2,496.788843800548,818.9534549766303
76002769535396243,276.95353955,-26.66171697,13.325,0.024,14.236,0.009,12.766,0.024,2,486.3286444121825,805.8989461676318
76002769537878233,276.95378723,-26.66005861,17.206,0.013,17.899,0.021,16.888,0.012,2,484.8588306696342,795.2219412023654
76002769582635479,276.95826353,-26.66235379,16.305,0.012,17.088,0.011,15.909,0.01,2,459.15188815388393,810.0913962308082
76002769592262913,276.95922662,-26.66449246,16.755,0.011,17.604,0.011,16.399,0.014,2,453.66521937041784,823.885464426158
76002769634989318,276.96349858,-26.65915435,17.999,0.027,18.629,0.026,17.7,0.012,2,428.92973648289524,789.5849370752052
76002769677455719,276.96774594,-26.66215356,18.276,0.014,18.879,0.027,17.987,0.027,2,404.5608149885961,808.9865895849485
76002769699756469,276.96997568,-26.66152884,16.792,0.012,17.905,0.013,16.277,0.015,2,391.7081698573493,805.0067491224161
76002769702293016,276.97022936,-26.66440664,17.949,0.012,18.945,0.02,17.538,0.016,2,390.32664337100664,823.5480856608565
76002769716008426,276.97160061,-26.65989754,16.456,0.081,17.228,0.011,16.178,0.013,2,382.30939457904947,794.531576020779
76002769770343393,276.97703473,-26.66409227,15.831,0.014,16.727,0.011,15.397,0.012,2,351.14344107060083,821.6591453479683
76002769786956333,276.97869528,-26.66164234,18.001,0.015,18.651,0.012,17.709,0.01,2,341.51648580307733,805.9123014081003
76012768418288617,276.84182846,-26.65140533,18.529,0.129,18.823,0.178,18.46,0.119,2,1129.184732905623,737.6306025016036
76012768469059523,276.8469051,-26.65065062,15.899,0.01,16.735,0.011,15.491,0.011,2,1099.942042153527,732.8412478940044
76012768481082549,276.84810827,-26.65646194,18.528,0.129,18.986,0.161,18.362,0.123,2,1093.1385687068228,770.2901098223793
76012768490680223,276.84906835,-26.65840061,17.671,0.012,18.6,0.012,17.243,0.01,2,1087.65277982239,782.7911703492523
76012768612330664,276.86123352,-26.65803272,17.865,0.011,18.334,0.015,17.614,0.01,2,1017.612986417553,780.599610265923
76012768645282951,276.864528,-26.65612736,17.075,0.011,17.891,0.013,16.65,0.011,2,998.6054483526302,768.3762574076196
76012768671859157,276.86718581,-26.65095585,17.882,0.116,18.42,0.166,17.67,0.104,2,983.1900952751434,735.105933303641
76012768693689833,276.86936807,-26.6503924,17.921,0.011,18.953,0.012,17.536,0.014,2,970.6140176299579,731.5099031374285
76012768750539072,276.87505369,-26.65102647,18.354,0.128,18.971,0.178,18.096,0.118,2,937.8954324479105,735.6816589442566
76012768854775884,276.88547758,-26.65368293,17.951,0.017,18.554,0.01,17.709,0.016,2,877.9453980917087,752.9567342294177
76012768879695990,276.88796988,-26.65359455,16.953,0.014,17.597,0.015,16.651,0.011,2,863.5952534196945,752.4274981199302
76012768901687477,276.8901685,-26.65235548,18.245,0.123,18.847,0.173,17.996,0.112,2,850.908934992648,744.4820073086419
76012768958768995,276.89587665,-26.6510903,9.956,0.028,10.802,0.035,9.419,0.1,2,818.0170287611786,736.4261019158237
76012768976333641,276.89763305,-26.65555191,17.697,0.01,18.359,0.021,17.435,0.011,2,808.0110989147726,765.1930131103014
76012769032001422,276.9032005,-26.6574009,16.878,0.011,17.417,0.01,16.666,0.012,2,776.0043942625775,777.1954968010452
76012769090662850,276.90906623,-26.65621094,18.856,0.142,18.962,0.217,18.896,0.125,2,742.2077959825857,769.6301336893969
76012769157207667,276.91572072,-26.65219715,18.257,0.054,18.986,0.02,18.021,0.012,2,703.8001387575955,743.8913059893184
76012769181815568,276.9181811,-26.65394593,18.164,0.019,18.764,0.034,17.791,0.012,2,689.6789412053115,755.1983274611665
76012769204663018,276.9204667,-26.65607103,18.19,0.173,18.971,0.247,17.835,0.156,2,676.5737222348871,768.9264785414648
76012769261076596,276.92610719,-26.65308933,18.291,0.143,18.627,0.202,18.197,0.13,2,644.0273310778075,749.8208099416894
76012769265748682,276.92657401,-26.65135106,18.125,0.04,18.706,0.016,17.974,0.041,2,641.2960852289184,738.6326927494733
76012769276760325,276.92767655,-26.65831559,15.556,0.01,16.609,0.011,15.091,0.01,2,635.1244330333038,783.5119578322476
76012769278846818,276.92788462,-26.65290458,17.715,0.019,18.584,0.016,17.344,0.033,2,633.790026091085,748.6625851786727
76012769284993195,276.92849962,-26.65592395,18.207,0.015,18.868,0.018,17.836,0.015,2,630.3257939274343,768.1218125395845
76012769338047224,276.93380463,-26.65256653,18.109,0.116,18.76,0.142,17.83,0.111,2,599.6999221534963,746.5920210903313
76012769351711960,276.93517135,-26.65695329,16.959,0.011,17.799,0.013,16.569,0.013,2,591.9440585867052,774.8726678205245
76012769432553345,276.9432555,-26.65579868,18.132,0.013,18.77,0.013,17.916,0.012,2,545.3752669023693,767.584634505135
76012769436228018,276.94362276,-26.65190433,18.07,0.025,18.713,0.014,17.76,0.033,2,543.1596013161211,742.5074106949837
76012769437826014,276.94378238,-26.65357465,17.216,0.013,17.73,0.013,16.978,0.01,2,542.2841695062984,753.269152910024
76012769441451596,276.94414549,-26.65725594,17.93,0.018,18.722,0.016,17.552,0.015,2,540.2897154245608,776.9876341039177
76012769486629323,276.94866277,-26.6508171,15.082,0.01,16.024,0.01,14.68,0.01,2,514.1154627785313,735.5988640086538
76012769507015939,276.95070132,-26.6536373,16.906,0.103,17.53,0.11,16.644,0.102,2,502.453775830318,753.8026996299745
76012769527230526,276.95272381,-26.65814779,16.834,0.01,17.397,0.013,16.58,0.01,2,490.92991316231775,782.8938111795354
76012769581839586,276.95818308,-26.65059793,18.347,0.016,18.857,0.016,18.059,0.014,2,459.30025607503,734.3687056565786
76012769585087242,276.95850871,-26.65255116,17.137,0.02,17.745,0.011,16.896,0.012,2,457.47789610659646,746.9560146476887
76012769603873265,276.96038733,-26.65586522,17.987,0.018,18.805,0.016,17.608,0.012,2,446.75176313879786,768.3386710251644
76012769633307352,276.96333064,-26.65245955,15.867,0.011,16.625,0.011,15.508,0.01,2,429.7155328287565,746.4595209774124
76012769662189631,276.96621899,-26.65056063,18.029,0.013,18.599,0.01,17.761,0.012,2,413.035658958861,734.2848702517958
76012769662644741,276.96626465,-26.65463561,18.092,0.012,18.9,0.021,17.723,0.012,2,412.8835505239236,760.5332781251261
76012769858670728,276.98586725,-26.65797924,16.964,0.012,17.807,0.012,16.529,0.011,2,300.12752087324446,782.4638579937118
76012769863009691,276.98630081,-26.65051049,16.053,0.01,16.637,0.011,15.818,0.013,2,297.4210820095396,734.365528646205
76022768393046197,276.83930486,-26.6450891,18.328,0.012,18.99,0.012,17.984,0.01,2,1143.5820995313693,696.9114310692365
76022768497828670,276.84978222,-26.6430283,17.547,0.012,18.189,0.019,17.293,0.013,2,1083.215653888175,683.785884283698
76022768509303994,276.85093005,-26.6469245,16.964,0.01,17.866,0.011,16.56,0.01,2,1076.6902483962367,708.8985002291779
76022768520769627,276.85207631,-26.64223076,17.782,0.017,18.313,0.031,17.418,0.011,2,1069.9903018853074,678.6819548097662
76022768525585557,276.85255851,-26.64562188,17.591,0.012,18.444,0.013,17.197,0.01,2,1067.2867412941018,700.5317069477742
76022768602526198,276.86025229,-26.64508831,16.844,0.018,17.429,0.013,16.597,0.011,2,1022.9790331046627,697.2079832253577
76022768611803139,276.86118074,-26.64763757,16.366,0.011,17.379,0.012,15.903,0.01,2,1017.6893507312097,713.642000966391
76022768636294579,276.8636293,-26.64643726,15.375,0.01,16.384,0.011,14.958,0.01,2,1003.5658870638731,705.9472639282654
76022768656547623,276.86565436,-26.64390048,16.633,0.01,17.48,0.011,16.259,0.01,2,991.8508413240712,689.6379782702301
76022768669123992,276.86691261,-26.64692626,17.786,0.011,18.48,0.02,17.284,0.017,2,984.6735943269707,709.1465605015703
76022768675061221,276.86750602,-26.64923532,17.883,0.016,18.585,0.014,17.485,0.018,2,981.3084112955632,724.0285916388766
76022768690118352,276.86901124,-26.64329265,18.039,0.045,18.802,0.024,17.767,0.016,2,972.5101711070633,685.7738445336173
76022768722789336,276.87227843,-26.64247301,18.312,0.013,18.973,0.017,18.028,0.013,2,953.680938432514,680.5445354874867
76022768743586704,276.87435823,-26.64466638,16.807,0.01,17.485,0.011,16.505,0.011,2,941.7558661540784,694.7045306538112
76022768763356915,276.876335,-26.64449058,16.565,0.011,17.443,0.012,16.161,0.01,2,930.3707769605412,693.6029184412903
76022768814893964,276.88148964,-26.64694935,18.023,0.012,18.658,0.012,17.801,0.012,2,900.7495999098646,709.5212298914454
76022768815939961,276.88159331,-26.64195201,17.819,0.119,18.716,0.158,17.375,0.105,2,900.0382400517749,677.3342322291214
76022768828827398,276.88288266,-26.64408837,18.05,0.011,18.859,0.01,17.636,0.019,2,892.6638163200587,691.1153096433328
76022768863796172,276.88637942,-26.64510989,18.463,0.138,18.89,0.195,18.315,0.125,2,872.5550388253166,697.750922014439
76022768899886282,276.88998851,-26.64501764,15.154,0.013,16.163,0.013,14.719,0.012,2,851.7739124417249,697.2149420476507
76022768914014684,276.89140182,-26.64635001,17.985,0.12,18.685,0.148,17.678,0.114,2,843.6681026893,705.819897293537
76022768930422370,276.89304282,-26.64827823,17.604,0.011,18.458,0.013,16.556,0.01,2,834.2656070881324,718.266623336106
76022768945006248,276.89450068,-26.64504615,16.589,0.011,17.693,0.012,16.129,0.012,2,825.7962028649699,697.4721884595776
76022768954013376,276.89540152,-26.64743927,18.172,0.107,18.777,0.117,17.92,0.106,2,820.666203309243,712.9014420977865
76022768959698031,276.89596922,-26.64356062,17.687,0.103,18.136,0.107,17.527,0.102,2,817.306116389659,687.9278200870343
76022768979128837,276.89791214,-26.64288903,17.932,0.012,18.988,0.011,17.483,0.011,2,806.1038628835358,683.6341152429401
76022769011456265,276.90114534,-26.64503244,18.398,0.13,18.822,0.178,18.252,0.119,2,787.5399103738405,697.4939480340896
76022769037109882,276.90371062,-26.64201792,17.825,0.013,18.636,0.012,17.49,0.012,2,772.6981389775858,678.1199999961838
76022769085895216,276.90858985,-26.64590654,16.888,0.012,17.475,0.011,16.66,0.018,2,744.7001165266428,703.2498361962537
76022769103181310,276.91031851,-26.6491612,18.083,0.012,18.703,0.012,17.822,0.014,2,734.8268947672834,724.2431239498684
76022769158648842,276.91586475,-26.64288435,14.106,0.03,14.966,0.009,13.744,0.03,2,702.7414868004903,683.9086946045824
76022769195302254,276.91953,-26.64837473,17.802,0.134,18.419,0.177,17.545,0.125,2,681.775094342579,719.3370333390743
76022769208407156,276.92084051,-26.64428931,17.793,0.019,18.434,0.019,17.461,0.011,2,674.1285030394558,693.0452748531636
76022769220592447,276.92205942,-26.64821385,17.511,0.103,18.354,0.11,17.12,0.101,2,667.208637892858,718.3452979143915
76022769225044366,276.9225047,-26.64661431,17.991,0.021,18.784,0.033,17.649,0.021,2,664.6051090068473,708.0502942600083
76022769228707670,276.92287051,-26.64386109,15.915,0.012,17.054,0.011,15.401,0.012,2,662.4302145024496,690.3228727885719
76022769234510067,276.92345113,-26.65019722,15.966,0.012,17.16,0.012,15.425,0.012,2,659.2458670840949,731.1450888943664
76022769255947778,276.92559404,-26.64377116,17.754,0.029,18.548,0.013,17.485,0.034,2,646.7473597869703,689.7919771755935
76022769326573858,276.93265748,-26.64703777,18.259,0.11,18.823,0.122,18.031,0.107,2,606.1631694429284,710.9596515211599
76022769331375675,276.93313762,-26.64552408,18.438,0.042,18.904,0.021,18.302,0.01,2,603.3602487449062,701.218468878884
76022769349744752,276.9349743,-26.64629291,16.693,0.047,17.429,0.011,16.548,0.01,2,592.805493398446,706.2040360409378
76022769372688095,276.93726823,-26.64350691,17.999,0.096,17.865,0.01,17.811,0.078,2,579.5269346311563,688.3009687069465
76022769425933806,276.94259315,-26.64708166,18.103,0.102,18.496,0.106,17.975,0.102,2,548.9617818406911,711.4247527213939
76022769488572678,276.94885759,-26.64802145,17.456,0.014,17.784,0.022,17.341,0.012,2,512.9203306493565,717.5953621240185
76022769495235368,276.94952332,-26.64577997,18.026,0.115,18.761,0.133,17.699,0.112,2,509.028531498506,703.1702419462904
76022769523113345,276.9523118,-26.64746565,15.641,0.008,16.28,0.009,15.39,0.008,2,493.01890744504044,714.080805507691
76022769609121849,276.96091252,-26.64871216,15.621,0.012,16.235,0.009,15.358,0.01,2,443.5358325738068,722.2750007370627
76022769625600920,276.9625605,-26.64948654,17.948,0.014,18.531,0.018,17.672,0.014,2,434.068984359777,727.2949338299834
76022769633279275,276.96332732,-26.64252395,18.057,0.155,18.311,0.247,18.01,0.133,2,429.46606021322464,682.4628771083754
76022769636646486,276.96366447,-26.64484824,16.474,0.011,17.689,0.013,15.926,0.013,2,427.58778614451927,697.440534159919
76022769658117647,276.96581131,-26.64388039,16.907,0.011,17.799,0.016,16.518,0.011,2,415.2012950136862,691.2485137912761
76022769664565009,276.96645609,-26.64607892,14.737,0.01,15.624,0.01,14.321,0.012,2,411.54878932949316,705.4222152240591
76022769703769538,276.97037605,-26.6423047,17.793,0.011,18.423,0.012,17.661,0.036,2,388.8769070093473,681.1893465772185
76022769745496328,276.97454919,-26.64497999,18.076,0.024,18.679,0.013,17.768,0.013,2,364.9237935046323,698.5044214190721
76022769759501912,276.9759504,-26.64865949,17.04,0.01,17.955,0.013,16.623,0.011,2,356.95829322102213,722.2326849812335
76022769769206627,276.97692052,-26.64473013,17.3,0.012,17.995,0.012,17.027,0.01,2,351.26420286534216,696.9426450084783
76022769793392944,276.97933926,-26.64779994,17.649,0.013,18.53,0.013,17.265,0.011,2,337.4240135140807,716.7645297017037
76022769801451216,276.98014501,-26.6492397,17.04,0.015,17.774,0.017,16.74,0.011,2,332.8252549378117,726.0545417219304
76022769817413574,276.98174185,-26.6472744,17.283,0.011,18.002,0.011,17.005,0.011,2,323.5770206913912,713.4282079748168
76022769854536903,276.98545309,-26.64450055,18.152,0.019,18.874,0.024,17.731,0.062,2,302.13232845679437,695.6372826917413
76022769898655136,276.98986581,-26.64597324,16.628,0.011,17.491,0.011,16.23,0.01,2,276.7682702176513,705.2140381333777
76032768418551601,276.8418555,-26.64058549,15.618,0.011,16.561,0.011,15.176,0.012,2,1128.8028314758867,667.9386081146738
76032768449433090,276.84494343,-26.639345,18.075,0.135,18.528,0.217,17.912,0.115,2,1110.9974971641923,659.9919907144418
76032768470246372,276.84702446,-26.63661001,17.331,0.013,18.258,0.028,16.869,0.011,2,1098.9576398338363,642.4050871203293
76032768486013893,276.84860178,-26.63867557,18.033,0.011,18.586,0.018,17.702,0.011,2,1089.9195692213298,655.7322731454067
76032768568888313,276.85688843,-26.63499189,16.213,0.01,17.063,0.01,15.794,0.011,2,1042.1274038438498,632.1255470067956
76032768621939850,276.86219325,-26.63371116,17.68,0.015,18.362,0.012,17.405,0.011,2,1011.554582508227,623.9548974713995
76032768661755727,276.86617505,-26.63714749,15.784,0.012,16.56,0.011,15.405,0.01,2,988.7035088781929,646.1487772871056
76032768725777303,276.87257761,-26.63583428,16.866,0.011,17.458,0.011,16.597,0.01,2,951.8093083021463,637.7880490009187
76032768756239045,276.87562379,-26.63438245,15.884,0.011,16.464,0.01,15.636,0.011,2,934.2369657755567,628.4837956749491
76032768787042865,276.8787044,-26.63953201,18.333,0.012,18.941,0.016,18.087,0.012,2,916.6162224573229,661.7010810349342
76032768797940203,276.87979494,-26.64175063,15.143,0.011,16.161,0.01,14.751,0.01,2,910.3878699734319,676.0087094753807
76032768824466820,276.88244675,-26.6362364,16.37,0.01,16.904,0.01,16.148,0.01,2,894.9933046171226,640.5326363958094
76032768843810542,276.88438186,-26.64146771,17.929,0.119,18.577,0.142,17.653,0.115,2,883.9718299489602,674.2591112357085
76032768862746524,276.88627482,-26.63648283,18.456,0.107,18.96,0.124,18.263,0.104,2,872.9575626160761,642.1810269765267
76032768893639444,276.88936396,-26.63404968,17.967,0.011,18.798,0.013,17.56,0.013,2,855.1141031824593,626.5585209341539
76032768919389008,276.89193894,-26.63441302,18.287,0.013,18.948,0.02,18.048,0.016,2,840.2959947425265,628.9406776590113
76032768990595108,276.89905933,-26.63766278,17.361,0.017,18.016,0.013,16.998,0.012,2,799.3745604327225,649.9900904548936
76032769030079123,276.90300731,-26.63431749,18.302,0.017,18.926,0.013,18.042,0.01,2,776.5627358482744,628.5085519251849
76032769058778866,276.90587767,-26.6345313,16.907,0.011,17.739,0.014,16.519,0.018,2,760.04053912168,629.9341438102754
76032769106029607,276.91060217,-26.63391401,18.445,0.123,18.957,0.163,18.248,0.115,2,732.8221668377213,626.0385760999746
76032769125006131,276.91250028,-26.63681013,17.823,0.016,18.485,0.016,17.541,0.012,2,721.96379948709,644.7255332396743
76032769167381167,276.91673801,-26.640947,15.892,0.011,17.004,0.011,15.453,0.013,2,697.6658677162443,671.4451318526109
76032769197899357,276.91978938,-26.63412202,18.104,0.114,18.685,0.144,17.867,0.108,2,679.9277799330025,627.537796221624
76032769307074987,276.93070708,-26.63776348,16.516,0.127,16.792,0.167,16.456,0.119,2,617.1567321829058,651.1873299088114
76032769320688167,276.93206804,-26.6351139,6.291,0.1,6.305,0.1,6.385,0.1,2,609.2532036862175,634.1456080521417
76032769347578815,276.93475758,-26.63457423,15.904,0.126,16.4,0.16,15.716,0.119,2,593.7533128468876,630.7183860114533
76032769399170740,276.93991766,-26.64130321,18.682,0.01,18.028,0.014,18.198,0.01,2,564.215956999023,674.1553785402608
76032769422782447,276.94227832,-26.63988063,18.382,0.136,18.792,0.169,18.244,0.13,2,550.5873266924168,665.036047464943
76032769444895768,276.94448997,-26.63711326,18.294,0.177,18.917,0.246,18.033,0.162,2,537.7812406389639,647.2522032209949
76032769588429789,276.95884266,-26.63376222,15.703,0.01,16.8,0.013,15.237,0.01,2,455.0516759945115,625.9402782558512
76032769606347081,276.96063423,-26.63601903,18.71,0.174,18.98,0.238,18.654,0.16,2,444.7965980738691,640.5113843983546
76032769698292534,276.96982938,-26.63980764,18.501,0.014,18.937,0.02,18.262,0.013,2,391.9560512147154,665.0946025866971
76032769717352231,276.97173589,-26.64006043,16.843,0.011,17.795,0.012,16.45,0.01,2,380.9859774245797,666.7607081398769
76032769737926828,276.97379224,-26.63623007,16.986,0.01,17.532,0.012,16.805,0.012,2,369.04069778414663,642.1298418102658
76032769790258846,276.97902516,-26.63454843,17.26,0.011,17.681,0.012,17.109,0.015,2,338.86365299867185,631.4033877617392
76032769792476743,276.97924705,-26.63630034,17.871,0.014,18.483,0.013,17.599,0.012,2,337.6347946185441,642.6921685457824
76032769792970190,276.9792976,-26.64176173,18.297,0.012,18.828,0.017,18.075,0.012,2,337.49576975666787,677.8707508977353
76032769809996277,276.98099925,-26.63668913,18.116,0.012,18.758,0.023,17.653,0.023,2,327.55679123334545,645.2319429935111
76032769819233206,276.98192329,-26.63924841,17.742,0.013,18.427,0.013,17.408,0.011,2,322.30793300892987,661.7354045785166
76032769863491085,276.98634915,-26.64101574,16.889,0.011,18.176,0.013,15.748,0.01,2,296.87509495146867,673.209547847393
76032769890289893,276.98902839,-26.63367532,18.559,0.116,18.991,0.15,18.408,0.11,2,281.24119814990655,625.984139664124
76032769914312451,276.99143178,-26.63987729,18.149,0.021,18.828,0.012,17.895,0.011,2,267.5790280562562,665.9816900799557
76032769929437818,276.99294398,-26.6354051,18.174,0.021,18.826,0.016,17.719,0.012,2,258.7447475704391,637.2071905463242
76042768424858186,276.84248535,-26.62676498,17.085,0.01,17.881,0.014,16.744,0.014,2,1124.8869699731185,578.9272785706294
76042768436986792,276.84369815,-26.62792669,15.424,0.011,16.515,0.01,14.95,0.011,2,1117.9276510223176,586.4271492705037
76042768439840149,276.84398435,-26.63346248,18.403,0.122,18.713,0.176,18.325,0.11,2,1116.3959711275747,622.088129886357
76042768474405671,276.84744042,-26.62886081,15.484,0.01,16.27,0.012,15.072,0.011,2,1096.3983991891696,592.4971657010151
76042768476342698,276.84763493,-26.63133811,16.595,0.011,17.282,0.012,16.297,0.014,2,1095.3308841482071,608.4566424274391
76042768517785312,276.85177821,-26.6291597,18.244,0.013,18.979,0.013,17.921,0.011,2,1071.4267915791957,594.4848148817182
76042768534637159,276.85346395,-26.62762027,17.282,0.011,17.952,0.012,16.992,0.012,2,1061.6868464997397,584.5935944901985
76042768580896101,276.85808919,-26.62850236,17.606,0.012,18.178,0.026,17.364,0.011,2,1035.0725236018654,590.3431529055154
76042768622532622,276.86225359,-26.63140153,17.862,0.01,18.642,0.015,17.444,0.012,2,1011.1564791565135,609.0791051208823
76042768648750050,276.8648758,-26.63354486,18.277,0.016,18.957,0.019,17.996,0.013,2,996.1048347938288,622.9240319519897
76042768664738569,276.86647379,-26.62644523,18.016,0.012,18.914,0.013,17.66,0.011,2,986.7463673658881,577.2183497941941
76042768747863042,276.87478698,-26.63105105,18.453,0.118,18.963,0.142,18.257,0.113,2,938.9800853895542,607.0127165505085
76042768766062981,276.87660646,-26.63110256,17.621,0.012,18.239,0.012,17.378,0.012,2,928.5044817220439,607.3728320771108
76042768774691010,276.87746911,-26.63274451,18.452,0.127,18.978,0.155,18.247,0.122,2,923.574527591179,617.9623723014371
76042768801460600,276.88014634,-26.63308627,17.198,0.011,17.83,0.019,16.893,0.015,2,908.1667724964941,620.2057633313908
76042768862800409,276.88628052,-26.63324566,17.578,0.163,18.047,0.216,17.407,0.152,2,872.849807600729,621.3300096607626
76042768993896166,276.89938922,-26.62844791,18.266,0.017,18.792,0.012,18.057,0.014,2,797.2557296980756,590.6412111656905
76042769005682847,276.9005686,-26.63121407,18.194,0.115,18.721,0.141,17.988,0.11,2,790.5306060211541,608.4781189901049
76042769035102046,276.90351063,-26.63188099,15.224,0.01,16.293,0.011,14.755,0.012,2,773.6061323380507,612.8231526115085
76042769087288482,276.90872857,-26.62651824,18.313,0.013,18.936,0.012,18.054,0.014,2,743.4307062671398,578.3692817145776
76042769100017053,276.91000189,-26.62770858,17.598,0.012,18.165,0.01,17.343,0.011,2,736.1274866788584,586.0581980418417
76042769126114249,276.91261196,-26.63004593,18.175,0.016,18.781,0.011,17.918,0.013,2,721.1552073076377,601.1582458027203
76042769127112277,276.91271158,-26.63168892,18.015,0.012,18.888,0.018,17.704,0.012,2,720.6218021164636,611.7427044107108
76042769142510533,276.9142517,-26.6331422,15.026,0.011,16.361,0.01,14.178,0.018,2,711.7893755363148,621.1300979153409
76042769151742289,276.91517454,-26.63167862,18.224,0.126,18.677,0.156,18.061,0.12,2,706.4396556461709,611.718954844367
76042769170450581,276.91704526,-26.63310198,17.575,0.012,18.5,0.011,17.129,0.014,2,695.7030774650143,620.919560406973
76042769194712272,276.9194719,-26.6316927,18.083,0.038,18.948,0.021,17.727,0.021,2,681.6955122634373,611.8846187503498
76042769237027029,276.92370218,-26.62772892,17.983,0.027,18.437,0.013,17.607,0.079,2,657.2380448551144,586.427948824133
76042769257477622,276.92574724,-26.62723475,18.341,0.021,18.909,0.024,17.979,0.011,2,645.4496234545651,583.2812898308753
76042769339046352,276.93390409,-26.62829315,17.637,0.047,18.269,0.019,17.421,0.01,2,598.5071613355534,590.2455030071824
76042769371280458,276.93712842,-26.63320483,12.803,0.1,13.649,0.094,12.415,0.1,2,580.0670003591151,621.9412340787741
76042769401671730,276.94016795,-26.63214494,17.837,0.032,18.589,0.019,17.745,0.021,2,562.5380130973526,615.1702786074895
76042769420947454,276.94209464,-26.62737456,18.217,0.039,18.876,0.063,17.768,0.013,2,551.3202060616564,584.4792610516457
76042769455359611,276.94553578,-26.62557685,16.135,0.014,16.779,0.012,15.824,0.01,2,531.4581755087358,572.9640993155244
76042769466165143,276.94661657,-26.62930026,17.766,0.11,18.362,0.124,17.52,0.107,2,525.3321039752901,596.9673677798992
76042769503688091,276.95036888,-26.626844,17.719,0.017,18.411,0.013,17.503,0.013,2,503.6608268927467,581.2169837625247
76042769521099923,276.95210906,-26.62531721,18.242,0.022,18.901,0.015,18.041,0.013,2,493.5999300243728,571.4157334811295
76042769537393989,276.95373994,-26.6302623,16.085,0.016,17.288,0.013,15.485,0.013,2,484.33998941949284,603.2988234831588
76042769572839263,276.95728328,-26.62586711,18.008,0.121,18.819,0.171,17.636,0.111,2,463.81949569960045,575.0567027962838
76042769594772792,276.95947713,-26.63125997,16.838,0.01,17.359,0.01,16.627,0.01,2,451.33126951438015,609.8352013842224
76042769609339440,276.96093332,-26.62571948,16.05,0.012,17.06,0.011,15.563,0.01,2,442.79730406792277,574.1763500677608
76042769609890301,276.96098993,-26.6333355,17.838,0.012,18.186,0.015,17.612,0.011,2,442.67630728228875,623.2332961640627
76042769617244836,276.96172496,-26.62955667,17.891,0.013,18.49,0.01,17.616,0.01,2,438.3421754636785,598.9076071051595
76042769709580091,276.97095868,-26.63351062,17.805,0.012,18.575,0.014,17.427,0.01,2,385.28129066124825,624.5570294800848
76042769712632141,276.97126355,-26.6318024,16.76,0.011,17.587,0.011,16.391,0.01,2,383.47899834802126,613.5602063409676
76042769732467955,276.97324604,-26.62695731,18.286,0.116,18.916,0.148,18.019,0.109,2,371.9303193747861,582.3918065274672
76042769751427768,276.97514252,-26.62711317,17.358,0.013,18.196,0.012,16.967,0.012,2,361.0141323405104,583.4336681944982
76042769770587940,276.97705841,-26.62696981,18.349,0.115,18.91,0.141,18.123,0.11,2,349.97791144442294,582.5487655050238
76042769790094281,276.9790096,-26.63001853,15.833,0.011,16.687,0.012,15.437,0.013,2,338.82720937249525,602.2253670213505
76042769829289806,276.98292823,-26.62541506,16.411,0.011,17.017,0.011,16.129,0.011,2,316.13419234377994,572.6533883108825
76042769849288681,276.98492856,-26.6263523,16.078,0.013,17.195,0.011,15.578,0.012,2,304.6419033548072,578.7311803280317
76042769898078451,276.98980787,-26.62654394,17.544,0.011,18.536,0.013,17.086,0.01,2,276.5506859571315,580.0660834311153
76052768420003760,276.84200024,-26.62211956,16.422,0.012,17.534,0.01,16.003,0.01,2,1127.583235401853,548.9985360321307
76052768423967132,276.84239638,-26.61931019,18.363,0.014,18.978,0.012,18.205,0.021,2,1125.243215941216,530.9084899635391
76052768441319116,276.84413115,-26.61765675,17.341,0.012,18.059,0.013,17.053,0.011,2,1115.2184046251082,520.2828933568677
76052768477016108,276.84770132,-26.62016328,18.438,0.133,18.807,0.204,18.325,0.116,2,1094.7116580500708,536.4786813788844
76052768495722066,276.84957274,-26.6235317,18.263,0.014,18.857,0.023,17.932,0.016,2,1084.0065038776143,558.2020906352062
76052768496244350,276.84962458,-26.62162834,18.245,0.013,18.778,0.019,18.017,0.017,2,1083.6674407417017,545.9429840058679
76052768553207349,276.85532074,-26.61912875,18.123,0.019,18.903,0.016,17.723,0.015,2,1050.8115925942966,529.9254716719265
76052768624757073,276.86247551,-26.61935899,18.198,0.019,18.875,0.019,17.98,0.013,2,1009.6143282642583,531.5145019487684
76052768639704859,276.86397,-26.62120356,17.846,0.012,18.794,0.013,17.474,0.012,2,1001.0486227295778,543.4181081127588
76052768642488576,276.86424885,-26.61810625,18.373,0.122,18.819,0.147,18.215,0.117,2,999.3745757557758,523.4720365129408
76052768671548410,276.86715406,-26.61824486,17.413,0.011,18.442,0.011,17.009,0.012,2,982.6472174470373,524.4087850446451
76052768689355097,276.86893571,-26.6210056,18.228,0.013,18.912,0.013,17.932,0.013,2,972.4486134031563,542.2182836290183
76052768713733333,276.87137365,-26.62247531,17.241,0.014,18.101,0.012,16.846,0.011,2,958.4423574924351,551.7222770955184
76052768720306592,276.87203001,-26.61975976,18.389,0.148,18.736,0.205,18.289,0.136,2,954.6017681606791,534.241094867388
76052768732873448,276.87328737,-26.62237936,17.934,0.013,18.776,0.013,17.622,0.011,2,947.4199540982079,551.1337610048469
76052768746830339,276.87468335,-26.62497036,16.612,0.01,17.667,0.012,16.166,0.01,2,939.4395954562642,567.8444309946217
76052768760986053,276.87609868,-26.62020931,15.543,0.01,16.427,0.011,15.128,0.014,2,931.181764882633,537.1997834540053
76052768785881748,276.87858835,-26.62379662,18.784,0.122,18.911,0.176,18.812,0.11,2,916.9262544590943,560.345165491129
76052768789174231,276.87891739,-26.62172698,18.632,0.159,18.725,0.205,18.68,0.149,2,914.9843444401859,547.0194610448261
76052768801255917,276.8801255,-26.62032196,17.796,0.011,18.632,0.014,17.461,0.018,2,907.9952566069474,537.9885310499787
76052768834185156,276.88341856,-26.62095668,18.335,0.013,18.953,0.017,18.119,0.011,2,889.0462728802311,542.1290476607179
76052768850678992,276.88506799,-26.61775987,18.059,0.012,18.601,0.015,17.878,0.017,2,879.4740288137925,521.5642224730069
76052768866487082,276.8866484,-26.61935164,18.393,0.112,18.887,0.137,18.207,0.108,2,870.4096729070152,531.8423961277678
76052768919179159,276.89191708,-26.61762064,17.463,0.01,18.074,0.012,17.206,0.012,2,840.0283744808767,520.7780384115554
76052768929450233,276.89294546,-26.62505922,18.136,0.01,18.953,0.012,17.825,0.013,2,834.2808467690729,568.7078597850605
76052768958952991,276.89589593,-26.62276038,14.684,0.01,15.894,0.01,14.133,0.01,2,817.2365061685107,553.9491172235994
76052768966755102,276.89667533,-26.62100176,16.891,0.012,17.52,0.011,16.635,0.012,2,812.7066817817831,542.6344392809216
76052769011730847,276.90117361,-26.6245473,18.09,0.012,18.684,0.016,17.804,0.018,2,786.8875694229935,565.5465573088056
76052769048881711,276.9048882,-26.62382735,18.691,0.144,18.819,0.235,18.718,0.121,2,765.4800151528624,560.971671103024
76052769064776447,276.90647767,-26.61988049,18.126,0.013,18.803,0.01,17.87,0.011,2,756.2317217146931,535.5762543033251
76052769118884357,276.9118887,-26.62162245,18.043,0.106,18.722,0.113,17.749,0.105,2,725.1139832622786,546.888908697237
76052769178842802,276.9178848,-26.62291775,18.371,0.016,18.864,0.025,18.11,0.012,2,690.6170335841906,555.3360899921556
76052769196971274,276.91969769,-26.6241913,18.149,0.138,18.664,0.184,17.95,0.129,2,680.2091151267653,563.5709636590193
76052769237152715,276.92371596,-26.622991,18.446,0.012,18.998,0.021,18.212,0.011,2,657.040078816074,555.9105587168419
76052769259620947,276.92596216,-26.62446414,18.07,0.011,18.949,0.022,17.721,0.072,2,644.1423737869214,565.4392198764905
76052769304293601,276.93042987,-26.62225258,17.716,0.034,18.44,0.014,17.43,0.011,2,618.3592641350024,551.2743801144674
76052769370081708,276.93700829,-26.62382979,16.935,0.013,17.565,0.043,16.628,0.011,2,580.5177142241222,561.5530544775512
76052769417514580,276.94175152,-26.62143643,17.929,0.01,18.501,0.013,17.62,0.011,2,553.1419225785291,546.224550933505
76052769429729475,276.94297282,-26.61735703,17.627,0.015,18.301,0.013,17.412,0.011,2,546.0028788028112,519.971238656201
76052769462178054,276.94621794,-26.61854184,18.101,0.011,18.706,0.014,17.802,0.014,2,527.3459388943127,527.6633781739722
76052769481310457,276.94813133,-26.62487226,16.221,0.012,17.305,0.015,15.713,0.015,2,516.4935320631743,568.4744706295929
76052769483123322,276.94831253,-26.62248513,18.312,0.033,18.968,0.014,18.022,0.01,2,515.3873855376353,553.1020414541833
76052769510418079,276.9510417,-26.61852044,17.793,0.015,18.385,0.013,17.522,0.014,2,499.5666713162209,527.6165068058926
76052769579601758,276.95796083,-26.6237882,15.991,0.013,16.984,0.012,15.554,0.01,2,459.8622874365707,561.6792032056475
76052769608402733,276.96084086,-26.62297565,18.108,0.023,18.969,0.016,17.697,0.011,2,443.2558929094271,556.501162790697
76052769624390838,276.96243998,-26.62455439,17.858,0.016,18.585,0.013,17.557,0.013,2,434.08996998083296,566.7011404926308
76052769633142557,276.96331407,-26.62312205,17.967,0.01,18.631,0.013,17.708,0.01,2,429.017874846855,557.4922828243128
76052769673069468,276.96730656,-26.61736279,17.228,0.019,17.826,0.01,17.011,0.013,2,405.8703156548356,520.4743761063523
76052769679625208,276.9679622,-26.62091285,17.21,0.012,18.056,0.012,16.828,0.011,2,402.1914259872283,543.3537324916331
76052769698734211,276.96987345,-26.62174362,17.1,0.01,17.696,0.01,16.866,0.015,2,391.2080312550954,548.7426262034036
76052769723643404,276.97236496,-26.62241636,15.765,0.01,16.94,0.011,15.3,0.013,2,376.8790159045213,553.1253459875393
76052769749258883,276.97492512,-26.61785042,18.368,0.13,18.941,0.157,18.135,0.125,2,362.010171263016,523.7666588236767
76052769750205952,276.97502056,-26.62029303,17.76,0.013,18.622,0.013,17.343,0.014,2,361.5280259306463,539.5017607292984
76052769803130927,276.98031375,-26.62448076,16.608,0.015,16.877,0.01,16.527,0.019,2,331.1632865667063,566.5822466866531
76052769865578343,276.98655767,-26.61830037,17.983,0.108,18.644,0.122,17.699,0.106,2,295.033862671933,526.901043045078
76052769885038773,276.98850327,-26.61794223,18.322,0.123,18.84,0.17,18.122,0.113,2,283.8195393345355,524.6343137161543
76052769903437128,276.99034316,-26.61931299,18.156,0.016,18.819,0.012,17.939,0.012,2,273.2629968576571,533.5016435283683
76052769930853828,276.99308574,-26.62206296,17.903,0.014,18.766,0.018,17.428,0.012,2,257.5478216540857,551.2716160762493
76062768403466379,276.84034678,-26.61160404,17.35,0.117,17.777,0.16,17.202,0.108,2,1136.885744937519,481.24313950508474
76062768422449927,276.84224499,-26.60864739,18.411,0.129,18.827,0.207,18.27,0.111,2,1125.8918728721865,462.2254900583224
76062768438853728,276.84388531,-26.61381285,17.298,0.013,17.9,0.015,17.089,0.024,2,1116.553383576553,495.52021816701074
76062768454076626,276.84540751,-26.61139829,16.268,0.011,17.066,0.012,15.939,0.012,2,1107.7361250949025,479.9892180776578
76062768532274529,276.8532276,-26.61314523,16.297,0.01,16.638,0.01,16.207,0.023,2,1062.736865373788,491.35406345175693
76062768547966835,276.85479611,-26.61122423,18.26,0.016,18.948,0.018,18.028,0.015,2,1053.662360123137,479.0034882417916
76062768553570094,276.85535779,-26.61684148,17.342,0.017,17.901,0.011,17.026,0.013,2,1050.5488510097407,515.1933372888992
76062768593579665,276.85935795,-26.60886547,18.45,0.134,18.766,0.202,18.368,0.118,2,1027.338779223137,463.87756424779667
76062768627409601,276.86274069,-26.60891904,18.13,0.013,18.738,0.017,17.897,0.013,2,1007.8579555239912,464.2730786709611
76062768667414436,276.86674189,-26.61322328,15.367,0.012,16.396,0.011,14.953,0.012,2,984.9095109299412,492.0577299128492
76062768795806778,276.87958023,-26.61127125,17.788,0.013,18.468,0.014,17.518,0.012,2,910.9288244764919,479.6828984282471
76062768815134458,276.88151319,-26.6132044,17.778,0.013,18.595,0.013,17.38,0.013,2,899.840983436925,492.165149875394
76062768821251497,276.88212509,-26.61567243,17.341,0.012,18.137,0.018,16.985,0.013,2,896.3736589890186,508.0718153314033
76062768833503252,276.88335051,-26.61420966,18.535,0.151,18.989,0.224,18.372,0.135,2,889.2829606854505,498.66936067498807
76062768846220830,276.88462244,-26.61622809,17.197,0.013,17.87,0.011,16.877,0.011,2,882.004522835691,511.69066721247054
76062768874456231,276.88744535,-26.61172764,18.076,0.114,18.909,0.163,17.692,0.103,2,865.6433467483814,482.74785297352366
76062768894675793,276.88946747,-26.6120926,17.911,0.11,18.634,0.13,17.591,0.106,2,854.0062976151474,485.13127493832246
76062768967312752,276.89673122,-26.61462682,16.367,0.011,16.914,0.014,16.135,0.012,2,812.2339044230985,501.5734037482067
76062768975285666,276.89752856,-26.61219823,17.227,0.011,18.044,0.018,16.911,0.011,2,807.5844810606122,485.94367349672166
76062768978200785,276.89782052,-26.61626535,17.117,0.012,18.012,0.012,16.719,0.01,2,805.9995806607648,512.1454494180829
76062768995635670,276.89956324,-26.61219477,18.559,0.128,18.992,0.16,18.407,0.122,2,795.8665632227029,485.95517222835815
76062769020867740,276.90208645,-26.61046993,15.066,0.01,16.024,0.013,14.635,0.01,2,781.2939558313758,474.88737192645874
76062769032443368,276.90324412,-26.614113,18.104,0.015,18.676,0.016,17.823,0.013,2,774.7142172669746,498.37237511522403
76062769060343362,276.90603444,-26.61411785,16.053,0.011,16.721,0.01,15.795,0.011,2,758.6450004135429,498.450711303083
76062769063227863,276.90632286,-26.61036754,18.433,0.11,18.93,0.133,18.244,0.106,2,756.8933989782458,474.29928740404375
76062769095772079,276.90957757,-26.61518688,18.506,0.168,18.922,0.229,18.365,0.155,2,738.2662717019043,505.39680179089294
76062769132594852,276.91325951,-26.61287666,15.159,0.01,15.746,0.009,14.928,0.012,2,717.0057222576781,490.57959927210374
76062769133457169,276.9133455,-26.61094587,17.775,0.012,18.697,0.012,17.336,0.011,2,716.4631751273986,478.1445775254314
76062769147553832,276.91475552,-26.61372659,18.077,0.012,18.754,0.017,17.874,0.017,2,708.4110696595981,496.0800068380187
76062769161981936,276.91619823,-26.61530639,18.129,0.013,18.857,0.017,17.792,0.014,2,700.141493047972,506.2807881323612
76062769165953940,276.91659538,-26.61363684,18.124,0.011,18.987,0.016,17.723,0.016,2,697.8131492577247,495.53388234401893
76062769180158303,276.91801552,-26.61000103,18.061,0.016,18.792,0.013,17.785,0.013,2,689.5446140841673,472.1398705381777
76062769183783744,276.9183789,-26.61379982,18.341,0.013,18.967,0.014,18.12,0.015,2,687.5459334001837,496.61479581833237
76062769200732537,276.92007331,-26.61480524,17.304,0.02,18.556,0.02,16.624,0.011,2,677.8128650184644,503.12056670745767
76062769219868946,276.92198616,-26.60946458,17.721,0.012,18.354,0.013,17.486,0.012,2,666.6636770011353,468.7542849666539
76062769251935161,276.92519392,-26.61261936,18.134,0.013,18.816,0.013,17.894,0.014,2,648.2688052187948,489.1315693482959
76062769263690507,276.92636926,-26.61649754,17.455,0.014,18.322,0.012,17.068,0.01,2,641.5976018905382,514.1324520311118
76062769270985248,276.92709839,-26.6125464,17.506,0.013,18.295,0.012,17.11,0.013,2,637.2990717699132,488.69561274882693
76062769288224367,276.92882295,-26.61328094,17.878,0.011,18.907,0.014,17.542,0.011,2,627.3858571570671,493.45781176180253
76062769316542955,276.93165402,-26.61445702,18.95,0.013,18.837,0.143,18.195,0.012,2,611.1116599086189,501.0841622101033
76062769333152114,276.93331554,-26.61515771,16.096,0.015,16.654,0.01,15.865,0.011,2,601.5609588047869,505.627535327802
76062769394411756,276.93944133,-26.6154565,18.258,0.023,18.982,0.019,17.874,0.013,2,566.2908829018517,507.66423232900945
76062769455160392,276.94551606,-26.61659316,15.46,0.012,16.014,0.008,15.215,0.009,2,531.3369441769677,515.0985029291417
76062769481243248,276.94812456,-26.61421352,18.3,0.115,18.917,0.168,18.042,0.103,2,516.2525513906869,499.81988315317176
76062769489141323,276.94891482,-26.61581715,18.011,0.012,18.585,0.012,17.738,0.013,2,511.7436749610432,510.16399229008994
76062769524944839,276.95249421,-26.61288696,18.136,0.02,18.715,0.016,17.831,0.012,2,491.0528549943624,491.35806039324655
76062769606649706,276.96066471,-26.60883164,17.784,0.018,18.872,0.016,17.362,0.013,2,443.88980044882123,465.3941872564337
76062769618032364,276.96180306,-26.61495015,18.285,0.017,18.839,0.016,18.076,0.015,2,437.4987316623573,504.82648758493474
76062769685272508,276.9685277,-26.61482989,17.951,0.013,18.642,0.015,17.652,0.011,2,398.7689033315852,504.1837036565888
76062769701401459,276.97014077,-26.61570396,15.609,0.012,16.61,0.015,15.141,0.01,2,389.5033103445147,509.8456351937556
76062769702707752,276.97027,-26.61046,17.947,0.01,18.561,0.011,17.605,0.022,2,388.615498596343,476.0711196533168
76062769705979943,276.9705979,-26.60863358,18.411,0.145,18.776,0.192,18.301,0.135,2,386.6770379729893,464.3133988403181
76062769717736358,276.97177331,-26.61162144,17.874,0.107,18.397,0.117,17.671,0.105,2,379.98963516109916,483.5819845202356
76062769724580630,276.97245843,-26.61639517,18.594,0.106,18.866,0.128,18.537,0.102,2,376.1752258323668,514.3438893528405
76062769779644076,276.97796444,-26.61352304,16.519,0.011,17.104,0.013,16.256,0.012,2,344.38729844430577,495.9545301594365
76062769779958971,276.97799543,-26.60944366,17.172,0.102,17.779,0.106,16.919,0.101,2,344.0955346220295,469.6793029978031
76062769792247513,276.97922476,-26.61065907,18.028,0.013,18.871,0.015,17.636,0.012,2,337.0494336726779,477.5327718767362
76062769812345473,276.9812341,-26.61235932,17.31,0.103,17.927,0.112,17.053,0.101,2,325.5249067269716,488.52507170460626
76062769874660551,276.98746677,-26.61646096,17.543,0.013,18.207,0.012,17.217,0.013,2,289.7466374447972,515.0718669543119
76062769895356208,276.98953576,-26.61174618,17.807,0.013,18.625,0.018,17.397,0.026,2,277.6980058645556,484.74605617264626
76062769895718138,276.98957137,-26.61013779,18.123,0.015,18.76,0.016,17.847,0.014,2,277.44731854810334,474.38693235720626
76072768411602025,276.84116007,-26.60689864,18.385,0.113,18.791,0.133,18.25,0.109,2,1132.1037016347227,450.9462591100855
76072768422914646,276.84229117,-26.60471518,17.44,0.104,18.023,0.114,17.202,0.102,2,1125.5436064191667,436.8981171969399
76072768481899683,276.84818932,-26.60051724,18.478,0.135,18.833,0.186,18.373,0.124,2,1091.4843781546924,409.94228126897934
76072768491217448,276.84912171,-26.60238012,17.182,0.012,18.002,0.011,16.849,0.013,2,1086.153759328782,421.95479171024647
76072768503845805,276.85038425,-26.60374904,17.786,0.013,18.56,0.016,17.485,0.032,2,1078.9112851511352,430.7904260714866
76072768544003975,276.85440016,-26.60527391,17.436,0.012,18.142,0.014,17.169,0.012,2,1055.8145067872597,440.67071137960784
76072768617443383,276.86174466,-26.60576717,18.318,0.014,18.841,0.018,18.058,0.017,2,1013.5252627581908,443.95646203865266
76072768643461083,276.86434606,-26.60768402,15.363,0.012,16.426,0.01,14.906,0.01,2,998.585032605529,456.3422439133022
76072768685232137,276.86852324,-26.60680538,16.998,0.011,17.945,0.013,16.614,0.011,2,974.5078717471813,450.746109236352
76072768732282157,276.87322826,-26.60678883,18.115,0.047,18.716,0.013,17.776,0.017,2,947.4097047747662,450.71177814833004
76072768764461251,276.87644646,-26.60754373,17.237,0.011,17.837,0.011,17.0,0.011,2,928.892109555248,455.6242146461984
76072768785723824,276.87857291,-26.60540014,12.955,0.022,14.112,0.011,12.264,0.026,2,916.5964642836577,441.8503105884148
76072768808973779,276.88089717,-26.60543771,18.164,0.013,18.745,0.012,17.884,0.013,2,903.2109703375397,442.12893372708334
76072768827236384,276.88272303,-26.60326653,17.856,0.012,18.362,0.014,17.587,0.014,2,892.6452388476887,428.17296717392753
76072768831029546,276.88310259,-26.60063174,18.256,0.012,18.785,0.02,18.073,0.013,2,890.3985897571542,411.2079062134358
76072768843794332,276.88437922,-26.60497652,17.753,0.01,18.476,0.01,17.406,0.011,2,883.1458144312908,439.21366663161416
76072768943282496,276.89432881,-26.60650634,17.846,0.013,18.817,0.01,17.457,0.012,2,825.8779542820548,449.2285814583606
76072768968139235,276.89681359,-26.60089102,16.293,0.01,17.378,0.019,15.823,0.013,2,811.4342849892182,413.1003700190129
76072768972480882,276.89724849,-26.60785121,17.594,0.011,18.495,0.011,17.213,0.011,2,809.0943895797075,457.9392168451839
76072769027177034,276.90271736,-26.60272482,17.751,0.013,18.266,0.011,17.576,0.013,2,777.4747506660444,425.01052502085366
76072769043669943,276.90436688,-26.60030057,16.392,0.011,17.306,0.012,15.997,0.013,2,767.9159597091452,409.4233247455276
76072769051417322,276.90514133,-26.60248485,18.08,0.122,18.577,0.165,17.891,0.113,2,763.5080354867837,423.5056832526743
76072769068957496,276.90689562,-26.60233989,15.914,0.01,16.448,0.015,15.712,0.013,2,753.4006201700489,422.601697008355
76072769174537167,276.91745389,-26.60261432,17.165,0.011,17.587,0.019,17.037,0.01,2,692.5965322429066,424.55115783757753
76072769185921678,276.9185928,-26.6071884,17.403,0.012,18.096,0.013,17.05,0.012,2,686.1502758822189,454.03340177308985
76072769243957552,276.92439582,-26.60229335,17.766,0.013,18.588,0.016,17.343,0.013,2,652.6062121605789,422.6060179375771
76072769265605865,276.92656068,-26.60369938,17.015,0.01,17.606,0.01,16.716,0.011,2,640.1729999669117,431.70104103640847
76072769292206937,276.92922095,-26.60280556,16.302,0.01,17.242,0.011,15.915,0.011,2,624.8286121322783,425.99150634806455
76072769387073291,276.93870748,-26.6058443,17.779,0.016,18.605,0.015,17.404,0.012,2,570.2691249730317,445.7371369320625
76072769407068338,276.94070633,-26.60163796,18.368,0.139,18.973,0.181,18.116,0.13,2,558.648105009989,418.680386199843
76072769473212182,276.94732176,-26.60676846,16.954,0.024,17.88,0.012,16.551,0.013,2,520.680577822953,451.8500773436905
76072769511153366,276.95111537,-26.60578117,18.118,0.017,18.623,0.013,17.813,0.012,2,498.8058924197181,445.56245068976216
76072769530652303,276.95306567,-26.60666698,17.799,0.011,18.414,0.014,17.436,0.012,2,487.59688712356626,451.3051671809927
76072769544750332,276.95447567,-26.60830948,18.08,0.118,18.602,0.156,17.877,0.111,2,479.51991167082946,461.9116633875884
76072769564051804,276.95640561,-26.60708337,16.601,0.016,17.517,0.011,16.155,0.012,2,468.37220937592286,454.0511052485093
76072769652164341,276.96521682,-26.6049689,17.689,0.01,18.695,0.017,17.272,0.01,2,417.5684492058981,440.6025200696811
76072769665627583,276.96656212,-26.60226725,18.047,0.143,18.606,0.205,17.823,0.129,2,409.74684744516804,423.2272290720106
76072769714323057,276.97143275,-26.6060394,17.583,0.019,18.086,0.011,17.392,0.01,2,381.7977653010539,447.62050862933853
76072769724470735,276.97244782,-26.60797378,17.461,0.104,18.228,0.114,17.114,0.103,2,376.0048019946653,460.10033106150445
76072769794353753,276.97943579,-26.6054589,18.147,0.04,18.688,0.015,17.856,0.012,2,335.68928953859233,444.04202570235907
76072769829622378,276.98296202,-26.60660487,17.986,0.023,18.786,0.038,17.577,0.063,2,315.4125072220797,451.49505440949605
76072769858375408,276.98583716,-26.60407976,17.723,0.105,18.583,0.112,17.323,0.103,2,298.7825269023879,435.28932700083067
76072769881234914,276.98812369,-26.6044916,17.81,0.115,18.267,0.144,17.644,0.109,2,285.6250240153895,437.9891186715637
76082768464745202,276.84647427,-26.59591783,18.146,0.015,18.799,0.013,17.918,0.016,2,1101.2652493779237,380.292182136906
76082768479633097,276.84796354,-26.59767249,18.494,0.015,18.988,0.013,18.318,0.01,2,1092.7244385990502,391.61553489731796
76082768488378111,276.84883759,-26.59349429,17.44,0.114,17.915,0.132,17.264,0.111,2,1087.6012483386698,364.7155930385306
76082768498053939,276.84980536,-26.59697081,18.382,0.016,18.997,0.011,18.043,0.016,2,1082.1009604503834,387.1223690946973
76082768501779549,276.85017771,-26.59229544,18.39,0.017,18.974,0.012,18.162,0.032,2,1079.8565658823723,357.0128998070719
76082768512350402,276.85123528,-26.59991846,15.283,0.012,16.306,0.012,14.776,0.01,2,1073.927874845759,406.12932998919075
76082768551846522,276.85518456,-26.59481808,18.349,0.01,18.91,0.012,18.074,0.018,2,1051.0711729493971,373.3344680086224
76082768587663499,276.85876667,-26.59733701,18.138,0.015,18.714,0.016,17.875,0.012,2,1030.4932264503184,389.6121026473412
76082768591481246,276.85914802,-26.59921461,18.067,0.014,18.785,0.014,17.786,0.01,2,1028.3376147854367,401.71168622350837
76082768599755761,276.8599755,-26.5954525,17.934,0.011,18.595,0.014,17.681,0.013,2,1023.4894607364035,377.4916092565874
76082768630925903,276.86309214,-26.59533362,15.867,0.101,16.87,0.104,15.346,0.1,2,1005.5352736138564,376.7724546270288
76082768633898046,276.86338975,-26.59354832,18.218,0.017,18.917,0.014,17.905,0.01,2,1003.7817977999539,365.27751516933597
76082768655860480,276.86558691,-26.59985341,18.053,0.011,18.862,0.016,17.749,0.013,2,991.265514798362,405.9227499451047
76082768714589794,276.87145886,-26.59209155,18.326,0.019,18.81,0.016,18.058,0.013,2,957.2710390280183,356.0169407307209
76082768720693344,276.87206977,-26.59746683,17.827,0.015,18.439,0.014,17.576,0.012,2,953.8727279417514,390.6493968638118
76082768734718259,276.87347165,-26.59337079,17.546,0.02,18.137,0.028,17.128,0.013,2,945.7059979838546,364.2878003314823
76082768770503835,276.87705046,-26.59705763,16.229,0.015,17.308,0.012,15.691,0.011,2,925.175636650094,388.0910163942624
76082768806550113,276.88065501,-26.6001593,17.719,0.012,18.272,0.015,17.494,0.011,2,904.4849772855231,408.12603413350735
76082768839373158,276.88393752,-26.59762191,18.381,0.13,18.949,0.164,18.152,0.124,2,885.5203732359923,391.8344178244242
76082768849215362,276.88492194,-26.59578508,17.627,0.011,18.424,0.013,17.225,0.012,2,879.8079219100263,380.0188295246455
76082768849490415,276.88494914,-26.59990701,18.297,0.139,18.97,0.179,18.006,0.131,2,879.7463925084965,406.5692655361892
76082768871092879,276.88710934,-26.59785402,17.543,0.011,18.098,0.011,17.301,0.011,2,867.2567240574115,393.3802929306915
76082768924709219,276.89247038,-26.59257063,18.427,0.128,18.995,0.167,18.197,0.119,2,836.2543538291139,359.4360740643875
76082768926417037,276.89264136,-26.59438865,18.091,0.118,18.841,0.177,17.755,0.105,2,835.3121682963229,371.14901942907335
76082768930392524,276.89303921,-26.59814971,10.937,0.026,10.89,0.032,10.854,0.1,2,833.1089142401996,395.38109939224546
76082769019481025,276.90194895,-26.59939924,17.494,0.011,18.516,0.017,17.082,0.013,2,781.8208239151627,403.57706281609234
76082769040591886,276.90405975,-26.59868157,18.408,0.012,18.973,0.018,18.079,0.059,2,769.6459937355459,398.9899190050873
76082769062306857,276.90623072,-26.59453927,18.557,0.129,18.981,0.159,18.412,0.123,2,757.0417274450676,372.34542988654124
76082769064802427,276.90648064,-26.59823067,18.302,0.116,18.875,0.15,18.069,0.109,2,755.69141166104,396.12654108326495
76082769088582293,276.9088585,-26.59834238,14.649,0.011,16.038,0.011,13.515,0.1,2,741.998228410424,396.88654940459946
76082769090160285,276.9090163,-26.60001529,17.649,0.012,18.44,0.019,17.308,0.012,2,741.1299824043074,407.6647116157668
76082769091406745,276.90914054,-26.59463199,17.459,0.016,18.111,0.025,17.202,0.015,2,740.2835823517505,372.9921782023082
76082769132379824,276.9132379,-26.59206686,17.817,0.012,18.491,0.015,17.587,0.023,2,716.6201792028207,356.54016755058774
76082769143561272,276.91435679,-26.59919314,18.82,0.018,18.626,0.221,18.604,0.023,2,710.3503476582536,402.4609691648131
76082769156807895,276.91568069,-26.59367443,17.149,0.011,17.754,0.013,16.912,0.014,2,702.5891426686397,366.93709177892583
76082769166905333,276.91669083,-26.59580889,15.251,0.01,16.033,0.011,14.898,0.012,2,696.8234335403542,380.70305060146535
76082769195104599,276.9195106,-26.59642108,16.853,0.01,17.762,0.015,16.408,0.012,2,680.5971032235199,384.6955714402721
76082769228227221,276.92282236,-26.59423601,16.227,0.009,16.827,0.009,15.984,0.009,2,661.467272790085,370.6795812825906
76082769249332346,276.92493392,-26.59829843,18.193,0.012,18.834,0.015,17.95,0.016,2,649.4067383956758,396.88371277773695
76082769250260093,276.92502635,-26.6001758,17.939,0.047,18.56,0.03,17.709,0.022,2,648.9214900750424,408.9777774906946
76082769268427282,276.92684202,-26.59418468,18.316,0.013,18.962,0.017,18.072,0.054,2,638.3129220174234,370.4204729114014
76082769301315136,276.93013115,-26.59597328,18.27,0.112,18.807,0.134,18.058,0.108,2,619.4130353763727,382.00017100361543
76082769357306489,276.93573068,-26.59484563,17.64,0.021,18.435,0.025,17.222,0.013,2,587.1315849500756,374.83847403865195
76082769457047977,276.94570473,-26.59360559,18.43,0.114,18.868,0.137,18.277,0.11,2,529.6494341343356,367.0357778002247
76082769481743600,276.94817453,-26.59725318,18.368,0.107,18.923,0.12,18.146,0.104,2,515.5192497616716,390.5768346780389
76082769542293704,276.95422954,-26.59716629,16.583,0.012,17.649,0.01,16.094,0.011,2,480.6413136347629,390.1320740026225
76082769560925468,276.95609218,-26.59569674,18.256,0.017,18.813,0.013,18.033,0.022,2,469.873688950014,380.7021712687992
76082769589303631,276.95893085,-26.59722773,18.406,0.108,18.956,0.131,18.186,0.103,2,453.56435424515087,390.6181760566435
76082769611934398,276.96119366,-26.59658848,18.017,0.02,18.872,0.013,17.667,0.028,2,440.51381689690515,386.544520560941
76082769668234212,276.96682373,-26.59674316,16.817,0.017,17.281,0.011,16.655,0.018,2,408.0897889803514,387.6509279816427
76082769705026746,276.97050221,-26.59463145,17.931,0.016,18.686,0.017,17.593,0.011,2,386.844557624775,374.1218038321099
76082769744735062,276.97447369,-26.59603483,17.755,0.11,18.344,0.129,17.513,0.106,2,364.0078529200607,383.24034895612317
76082769753453097,276.97534543,-26.59767266,16.376,0.018,17.394,0.012,15.864,0.012,2,359.03202435039435,393.8073173273788
76082769842042978,276.98420427,-26.59777142,18.077,0.016,18.869,0.011,17.74,0.011,2,308.0099014111069,394.62295647305046
76092768521660724,276.85216609,-26.59131665,18.35,0.117,18.921,0.155,18.118,0.11,2,1068.3823718902995,350.7371360190633
76092768612314401,276.86123125,-26.58825279,16.812,0.011,17.216,0.011,16.622,0.011,2,1016.098880035938,331.13580299671446
76092768618216935,276.86182189,-26.58614034,18.009,0.012,18.62,0.014,17.787,0.037,2,1012.6503357071376,317.53798956289336
76092768628851849,276.86288588,-26.59037873,17.25,0.012,17.795,0.011,17.039,0.025,2,1006.614460300978,344.8540996282246
76092768637527744,276.86375258,-26.58546689,15.631,0.01,16.669,0.016,15.181,0.012,2,1001.5140000126803,313.2291500346894
76092768700335659,276.87003391,-26.58720407,17.246,0.021,18.168,0.021,16.826,0.02,2,965.369728688016,324.51400147897675
76092768703003421,276.87030009,-26.58906885,18.026,0.017,18.406,0.017,17.864,0.016,2,963.8781097133887,336.5294350587009
76092768731907665,276.87319045,-26.5855325,17.266,0.012,18.039,0.012,16.961,0.026,2,947.1494422434489,313.79575232043067
76092768748876194,276.87488708,-26.58675819,17.896,0.013,18.663,0.012,17.594,0.012,2,937.403829846048,321.71693182018265
76092768767428391,276.87674239,-26.58492752,18.392,0.122,18.886,0.166,18.206,0.112,2,926.6751060750097,309.9542093599617
76092768792557966,276.87925575,-26.5852812,18.256,0.122,18.902,0.193,17.981,0.105,2,912.2051155514333,312.2717444843337
76092768857424320,276.88574271,-26.58831954,18.003,0.111,18.297,0.125,17.934,0.109,2,874.9077660660396,331.9452461609673
76092768876056395,276.88760594,-26.58659043,18.178,0.115,18.749,0.138,17.947,0.11,2,864.1349290576734,320.8377263755717
76092768878492406,276.88784958,-26.58991474,16.914,0.013,17.333,0.012,16.751,0.012,2,862.808692906083,342.2540634605714
76092768973611727,276.89736116,-26.59048054,17.82,0.013,18.384,0.012,17.555,0.011,2,808.0336846865022,346.0539100967932
76092768985863350,276.89858602,-26.58912851,17.905,0.014,18.933,0.021,17.504,0.011,2,800.9461703083721,337.365586492061
76092769042277430,276.90422783,-26.58572861,17.758,0.108,18.464,0.132,17.448,0.103,2,768.3663368187616,315.5607374378808
76092769066090162,276.90660985,-26.59178462,18.223,0.111,18.729,0.137,18.029,0.105,2,754.7913709620387,354.60873703121564
76092769175904081,276.91759032,-26.58851919,17.927,0.01,18.502,0.019,17.131,0.101,2,691.4622303060231,333.7646790934058
76092769191753130,276.91917503,-26.58931128,13.75,0.009,14.948,0.011,13.102,0.036,2,682.3535632494702,338.89438739932825
76092769197135457,276.91971345,-26.58737254,18.196,0.011,18.897,0.01,17.865,0.011,2,679.2040077773457,326.41611761963816
76092769204850811,276.92048576,-26.59124427,16.587,0.013,17.581,0.012,16.219,0.017,2,674.851570452329,351.36809484631567
76092769217239246,276.92172362,-26.58421489,18.274,0.011,18.932,0.014,17.997,0.013,2,667.5460861784177,306.11260793936225
76092769221886187,276.92218879,-26.58676387,16.716,0.012,17.58,0.013,16.311,0.014,2,664.9301122479719,322.53919274598206
76092769251495708,276.92514901,-26.5871629,17.908,0.021,18.66,0.013,17.476,0.013,2,647.8882834480979,325.1619213690671
76092769281774290,276.92817758,-26.58834489,17.998,0.013,18.624,0.022,17.715,0.017,2,630.4726380589424,332.8294332912729
76092769285448956,276.92854461,-26.58445624,16.838,0.013,17.696,0.011,16.444,0.016,2,628.2601515715987,307.78864108455144
76092769319226669,276.93192287,-26.58636245,18.413,0.109,18.968,0.127,18.191,0.106,2,608.848379182684,320.1277578969861
76092769334654998,276.93346584,-26.58775494,17.788,0.011,18.628,0.013,17.429,0.059,2,599.9958793223875,329.12499434678335
76092769341067824,276.934106,-26.58539999,15.374,0.01,16.376,0.01,14.937,0.013,2,596.2481877342675,313.9680569269007
76092769416386317,276.94163848,-26.58665615,17.046,0.014,17.869,0.016,16.738,0.015,2,552.8906976230344,322.19761609109236
76092769499377464,276.94993749,-26.58569972,17.398,0.012,17.912,0.012,17.238,0.015,2,505.0604356155638,316.1925984109963
76092769560897118,276.95608915,-26.58598845,15.651,0.013,16.499,0.01,15.258,0.013,2,469.6322427015701,318.16960765844345
76092769575401660,276.95754017,-26.5905365,15.84,0.009,16.636,0.009,15.536,0.01,2,461.39545883384244,347.4921655128528
76092769585314483,276.95853111,-26.58818399,18.146,0.111,18.823,0.128,17.853,0.108,2,455.62448548864626,332.3584187732205
76092769603216009,276.96032149,-26.58691222,18.268,0.015,18.938,0.015,18.027,0.027,2,445.27725763092286,324.2014059417484
76092769660692670,276.96606937,-26.58969481,15.819,0.011,16.622,0.01,15.453,0.011,2,412.24325664326864,342.2366623176108
76092769700494576,276.97004955,-26.58810618,17.375,0.015,18.033,0.013,17.132,0.016,2,389.2732387172624,332.08262703161097
76092769711451768,276.9711459,-26.59044625,18.538,0.118,18.977,0.164,18.384,0.108,2,383.0221638615931,347.1771179437525
76092769717356779,276.97173591,-26.58627036,18.138,0.073,18.913,0.023,18.056,0.019,2,379.50896960193234,320.29134639164084
76092769738964124,276.97389674,-26.58848306,18.25,0.121,18.83,0.149,18.014,0.116,2,367.12283250501946,334.5867771330456
76092769769734195,276.97697366,-26.58842374,18.486,0.145,18.977,0.24,18.302,0.122,2,349.3974042377353,334.2664407815286
76092769791414263,276.97914102,-26.58836763,15.319,0.011,16.248,0.01,14.893,0.012,2,336.9113327722047,333.9487818327501
76102768844362070,276.88443624,-26.58186147,17.988,0.012,18.724,0.016,17.621,0.012,2,882.2844840902089,290.32687248507733
76102768887736212,276.88877376,-26.57841032,15.603,0.011,16.828,0.014,15.016,0.01,2,857.2174922318688,268.167183231311
76102768889873462,276.88898754,-26.58070192,15.361,0.011,16.187,0.011,15.016,0.012,2,856.0393162246597,282.9312052225107
76102768908001086,276.89080023,-26.58268145,17.804,0.011,18.511,0.013,17.502,0.015,2,845.6433244900015,295.71108006199506
76102768917504909,276.89175091,-26.57949572,18.095,0.01,18.69,0.013,17.824,0.011,2,840.0922653594412,275.2067656634332
76102768920313007,276.89203175,-26.5810805,17.795,0.02,18.496,0.017,17.445,0.012,2,838.5115732580166,285.4191679459148
76102768940348119,276.89403432,-26.57682058,17.71,0.013,18.229,0.012,17.435,0.012,2,826.8752404119639,258.0131123675579
76102769016973036,276.90169756,-26.58105648,18.325,0.013,18.888,0.013,18.124,0.019,2,782.8298920021433,285.42428364817846
76102769123660828,276.91236651,-26.58289617,17.438,0.016,18.034,0.016,17.254,0.012,2,721.4150960447679,297.4553119604721
76102769127232670,276.91272336,-26.58136166,17.122,0.01,17.792,0.012,16.872,0.015,2,719.321884111553,287.57744789625997
76102769153525885,276.91535291,-26.57868205,17.243,0.011,17.885,0.012,16.973,0.019,2,704.1081265195915,270.36317828986677
76102769178686923,276.91786875,-26.57781769,17.668,0.012,18.603,0.013,17.258,0.014,2,689.5936403607052,264.8395393515538
76102769191505383,276.91915055,-26.5791005,16.994,0.015,17.544,0.01,16.756,0.011,2,682.2412889283034,273.1247612547542
76102769224362755,276.92243603,-26.58129081,18.537,0.019,18.951,0.013,18.418,0.03,2,663.3692590321682,287.2907500016352
76102769238104598,276.92381078,-26.57975474,18.233,0.015,18.895,0.017,17.943,0.013,2,655.4114002421727,277.4210446482757
76102769301682287,276.93016829,-26.58168111,18.242,0.118,18.758,0.156,18.042,0.111,2,618.8366501311293,289.9428303095238
76102769328938695,276.93289313,-26.57634061,18.298,0.117,18.927,0.156,18.032,0.108,2,603.0038017712237,255.59316616611125
76102769376611269,276.9376615,-26.58252878,18.0,0.11,18.485,0.127,17.818,0.107,2,575.6931938971472,295.53919510366603
76102769463996638,276.94639936,-26.57805464,17.102,0.011,18.133,0.011,16.646,0.011,2,525.2412652784056,266.88283205360125
76102769501074774,276.95010796,-26.57960814,17.934,0.014,18.61,0.025,17.525,0.015,2,503.9178515406537,276.9590569810698
76102769521278525,276.95212708,-26.57648213,17.844,0.106,18.473,0.114,17.578,0.104,2,492.20359508318126,256.8622779215473
76102769525133710,276.95251379,-26.58049472,14.24,0.018,15.509,0.011,13.652,0.01,2,490.0821028923608,282.7153257953122
76102769543068713,276.95430673,-26.57632576,15.624,0.011,16.565,0.01,15.149,0.011,2,479.64281633067327,255.89664498883303
76102769569587997,276.9569583,-26.57692229,17.562,0.102,18.414,0.107,17.166,0.101,2,464.3834506777464,259.7898411824908
76102769606818730,276.96068147,-26.57631162,18.281,0.012,18.799,0.013,18.136,0.034,2,442.91850990311565,255.9283705315492
76102769625565256,276.96255614,-26.57920639,17.556,0.011,18.116,0.012,17.322,0.011,2,432.1969564940796,274.61047185949394
76102769644652857,276.96446585,-26.58120575,17.699,0.015,18.491,0.013,17.314,0.011,2,421.2498440204869,287.52594703458686
76102769645155173,276.96451598,-26.57927556,16.653,0.011,17.304,0.011,16.376,0.011,2,420.90877101568174,275.0942922664847
76102769674387848,276.96743818,-26.57704672,15.718,0.011,16.303,0.01,15.456,0.01,2,404.01413742362683,260.7954147155221
76112768665631340,276.86656368,-26.57413687,18.225,0.012,18.934,0.016,17.912,0.019,2,985.0698881338203,240.29308121318417
76112768689682433,276.86896863,-26.57322605,17.496,0.013,18.264,0.02,17.173,0.015,2,971.1947183742586,234.46296149994362
76112768706671685,276.87066771,-26.57384897,17.913,0.027,18.44,0.016,17.665,0.045,2,961.4201967627841,238.5013247917483
76112768723472404,276.87234762,-26.57325016,17.175,0.013,17.775,0.012,16.937,0.012,2,951.7287976635794,234.67015556743524
76112768948895424,276.89488953,-26.57073316,18.419,0.116,18.877,0.146,18.253,0.11,2,821.8049556607033,218.8171115564769
76112768953110898,276.89531181,-26.57450459,16.594,0.011,17.134,0.01,16.382,0.012,2,819.4611583480362,243.11644951274542
76112768982627959,276.89826211,-26.56862042,18.07,0.015,18.594,0.02,17.793,0.013,2,802.324844620119,205.26434513436845
76112769024875104,276.90248787,-26.5709998,17.79,0.022,18.606,0.014,17.467,0.011,2,778.036199094772,220.66086814157416
76112769048714967,276.90487105,-26.57111397,18.229,0.01,18.82,0.011,17.947,0.013,2,764.3091363619432,221.43639894219973
76112769051268072,276.90512613,-26.56852674,16.751,0.012,17.381,0.013,16.475,0.011,2,762.7772401168891,204.77594937287978
76112769062183703,276.90621897,-26.57216784,17.213,0.017,17.904,0.023,16.836,0.011,2,756.5690556918942,228.24736123774954
76112769118817032,276.91188157,-26.56939359,18.384,0.128,18.962,0.161,18.148,0.121,2,723.8786160381359,210.47472929811812
76112769132673478,276.91326772,-26.5723546,17.717,0.01,18.77,0.015,17.242,0.013,2,715.9652865874009,229.57096555556132
76112769185298500,276.91852969,-26.56816961,17.684,0.015,18.29,0.013,17.495,0.013,2,685.5470839377954,202.70631485936502
76112769201272966,276.92012756,-26.572782,18.342,0.113,18.838,0.138,18.154,0.108,2,676.4559641263014,232.44348108771908
76112769202308092,276.92023092,-26.56850978,17.875,0.031,18.815,0.021,17.663,0.012,2,675.7542957924201,204.9272619586236
76112769229813941,276.9229819,-26.57196909,18.275,0.115,18.861,0.148,18.035,0.108,2,659.991685210147,227.25777537175804
76112769331809521,276.9331809,-26.56731898,17.202,0.012,17.792,0.012,16.938,0.011,2,601.1158326739198,197.48868885557295
76112769365357069,276.93653502,-26.5693627,17.472,0.012,18.145,0.01,17.19,0.012,2,581.8441977502181,210.7138082129818
76112769390738947,276.93907386,-26.56779745,17.217,0.011,17.868,0.014,16.933,0.01,2,567.1770200347673,200.67845565112424
76112769428320331,276.94283218,-26.57497762,16.518,0.01,17.163,0.012,16.254,0.01,2,545.7109530875637,246.996631799263
76112769431912164,276.94319191,-26.57344992,18.143,0.106,18.742,0.121,17.895,0.103,2,543.598829792449,237.16318075411294
76112769437934331,276.94379334,-26.57164402,18.073,0.01,18.894,0.013,17.707,0.017,2,540.0869527054433,225.54231269557772
76112769449752403,276.94497536,-26.57325096,18.264,0.12,18.931,0.16,17.976,0.112,2,533.3191834165999,235.91493086297942
76112769479244826,276.94792402,-26.57123136,18.439,0.134,18.582,0.172,18.458,0.126,2,516.2789035671848,222.96172221410495
76112769481658599,276.94816505,-26.56808758,17.497,0.04,18.297,0.011,17.31,0.01,2,514.807721582514,202.7166995129365
76112769519914878,276.95199129,-26.57118803,17.02,0.01,17.9,0.01,16.621,0.011,2,492.8457717284695,222.7596038032309
76112769538337574,276.95383313,-26.56894132,17.924,0.013,18.72,0.013,17.551,0.011,2,482.17506855587004,208.3233094976648
76112769561107330,276.9561105,-26.56914537,17.305,0.012,18.058,0.012,16.969,0.01,2,469.0600728179122,209.68124186413922
76112769567103518,276.95671041,-26.57232125,16.772,0.01,17.943,0.011,16.259,0.012,2,465.6886567914228,230.14908939149672
76122768851553039,276.88515577,-26.56438734,18.14,0.016,18.678,0.021,17.89,0.021,2,877.7360590090013,177.7846563735655
76122768872082051,276.88720897,-26.56521054,18.433,0.012,18.973,0.018,18.21,0.012,2,865.9257032957353,183.11999622960292
76122769053281717,276.90532859,-26.56548894,17.804,0.025,18.502,0.021,17.505,0.011,2,761.5375787812932,185.21241685628917
76122769153033821,276.91530308,-26.56373572,16.285,0.037,17.166,0.011,16.003,0.015,2,704.0273310648525,174.09065232168678
76122769184645334,276.91846457,-26.56247502,18.327,0.13,18.725,0.209,18.196,0.111,2,685.7811971677263,166.025419254011
76122769216979442,276.921697,-26.55905193,18.399,0.109,18.259,0.132,18.583,0.104,2,667.0720176399274,144.03359082122427
76122769241236407,276.92412374,-26.5615808,17.2,0.012,18.097,0.015,16.762,0.01,2,653.1531648463551,160.36542566511525
76122769271610618,276.92716143,-26.56640461,17.823,0.026,18.674,0.017,17.594,0.011,2,635.772814716356,191.4905176197147
76122769340033722,276.93400306,-26.56381846,17.941,0.108,18.679,0.131,17.612,0.103,2,596.2896610983423,174.95625162949727
76122769366133164,276.93661365,-26.56428347,17.964,0.013,18.819,0.015,17.592,0.015,2,581.260729204474,177.999144356256
76122769409284913,276.94092836,-26.56282566,16.018,0.01,16.957,0.013,15.531,0.011,2,556.3639324293207,168.68865871006142
76122769458651693,276.94586552,-26.56550944,17.912,0.013,18.609,0.015,17.58,0.013,2,527.9885053682146,186.06728823721488
